[088月2026 14:53:28.791] [main/INFO] [cpw.mods.modlauncher.Launcher/MODLAUNCHER]: ModLauncher running: args [--launchTarget, forgegametestserveruserdev, --gameDir, ., --fml.forgeVersion, 47.2.0, --fml.mcVersion, 1.20.1, --fml.forgeGroup, net.minecraftforge, --fml.mcpVersion, 20230612.114412, --mixin.config, epca.mixins.json]
[088月2026 14:53:28.797] [main/INFO] [cpw.mods.modlauncher.Launcher/MODLAUNCHER]: ModLauncher 10.0.9+10.0.9+main.dcd20f30 starting: java version 17.0.8.1 by Microsoft; OS Windows 10 arch amd64 version 10.0
[088月2026 14:53:28.834] [main/DEBUG] [cpw.mods.modlauncher.LaunchServiceHandler/MODLAUNCHER]: Found launch services [fmlclientdev,forgeclient,minecraft,forgegametestserverdev,fmlserveruserdev,fmlclient,fmldatauserdev,forgeserverdev,forgeserveruserdev,forgeclientdev,forgeclientuserdev,forgeserver,forgedatadev,fmlserver,fmlclientuserdev,fmlserverdev,forgedatauserdev,testharness,forgegametestserveruserdev]
[088月2026 14:53:28.854] [main/DEBUG] [cpw.mods.modlauncher.NameMappingServiceHandler/MODLAUNCHER]: Found naming services : [srgtomcp]
[088月2026 14:53:28.876] [main/DEBUG] [cpw.mods.modlauncher.LaunchPluginHandler/MODLAUNCHER]: Found launch plugins: [mixin,eventbus,slf4jfixer,object_holder_definalize,runtime_enum_extender,capability_token_subclass,accesstransformer,runtimedistcleaner]
[088月2026 14:53:28.893] [main/DEBUG] [cpw.mods.modlauncher.TransformationServicesHandler/MODLAUNCHER]: Discovering transformation services
[088月2026 14:53:28.901] [main/DEBUG] [net.minecraftforge.fml.loading.FMLPaths/CORE]: Path GAMEDIR is G:\epca\epca\run
[088月2026 14:53:28.901] [main/DEBUG] [net.minecraftforge.fml.loading.FMLPaths/CORE]: Path MODSDIR is G:\epca\epca\run\mods
[088月2026 14:53:28.902] [main/DEBUG] [net.minecraftforge.fml.loading.FMLPaths/CORE]: Path CONFIGDIR is G:\epca\epca\run\config
[088月2026 14:53:28.902] [main/DEBUG] [net.minecraftforge.fml.loading.FMLPaths/CORE]: Path FMLCONFIG is G:\epca\epca\run\config\fml.toml
[088月2026 14:53:28.949] [main/DEBUG] [cpw.mods.modlauncher.TransformationServicesHandler/MODLAUNCHER]: Found additional transformation services from discovery services: 
[088月2026 14:53:28.958] [main/INFO] [net.minecraftforge.fml.loading.ImmediateWindowHandler/]: ImmediateWindowProvider not loading because launch target is forgegametestserveruserdev
[088月2026 14:53:28.967] [main/DEBUG] [cpw.mods.modlauncher.TransformationServicesHandler/MODLAUNCHER]: Found transformer services : [mixin,fml]
[088月2026 14:53:28.968] [main/DEBUG] [cpw.mods.modlauncher.TransformationServicesHandler/MODLAUNCHER]: Transformation services loading
[088月2026 14:53:28.969] [main/DEBUG] [cpw.mods.modlauncher.TransformationServiceDecorator/MODLAUNCHER]: Loading service mixin
[088月2026 14:53:28.969] [main/DEBUG] [cpw.mods.modlauncher.TransformationServiceDecorator/MODLAUNCHER]: Loaded service mixin
[088月2026 14:53:28.969] [main/DEBUG] [cpw.mods.modlauncher.TransformationServiceDecorator/MODLAUNCHER]: Loading service fml
[088月2026 14:53:28.970] [main/DEBUG] [net.minecraftforge.fml.loading.LauncherVersion/CORE]: Found FMLLauncher version 1.0
[088月2026 14:53:28.971] [main/DEBUG] [net.minecraftforge.fml.loading.FMLLoader/CORE]: FML 1.0 loading
[088月2026 14:53:28.971] [main/DEBUG] [net.minecraftforge.fml.loading.FMLLoader/CORE]: FML found ModLauncher version : 10.0.9+10.0.9+main.dcd20f30
[088月2026 14:53:28.972] [main/DEBUG] [net.minecraftforge.fml.loading.FMLLoader/CORE]: FML found AccessTransformer version : 8.0.4+66+master.c09db6d7
[088月2026 14:53:28.972] [main/DEBUG] [net.minecraftforge.fml.loading.FMLLoader/CORE]: FML found EventBus version : 6.0.5+6.0.5+master.eb8e549b
[088月2026 14:53:28.973] [main/DEBUG] [net.minecraftforge.fml.loading.FMLLoader/CORE]: Found Runtime Dist Cleaner
[088月2026 14:53:28.975] [main/DEBUG] [net.minecraftforge.fml.loading.FMLLoader/CORE]: FML found CoreMod version : 5.0.1+15+master.dc5a2922
[088月2026 14:53:28.976] [main/DEBUG] [net.minecraftforge.fml.loading.FMLLoader/CORE]: Found ForgeSPI package implementation version 7.0.1+7.0.1+master.d2b38bf6
[088月2026 14:53:28.977] [main/DEBUG] [net.minecraftforge.fml.loading.FMLLoader/CORE]: Found ForgeSPI package specification 5
[088月2026 14:53:28.977] [main/DEBUG] [cpw.mods.modlauncher.TransformationServiceDecorator/MODLAUNCHER]: Loaded service fml
[088月2026 14:53:28.978] [main/DEBUG] [cpw.mods.modlauncher.TransformationServicesHandler/MODLAUNCHER]: Configuring option handling for services
[088月2026 14:53:28.985] [main/DEBUG] [cpw.mods.modlauncher.TransformationServicesHandler/MODLAUNCHER]: Transformation services initializing
[088月2026 14:53:28.986] [main/DEBUG] [cpw.mods.modlauncher.TransformationServiceDecorator/MODLAUNCHER]: Initializing transformation service mixin
[088月2026 14:53:29.000] [main/DEBUG] [mixin/]: MixinService [ModLauncher] was successfully booted in cpw.mods.cl.ModuleClassLoader@64cd705f
[088月2026 14:53:29.015] [main/INFO] [mixin/]: SpongePowered MIXIN Subsystem Version=0.8.5 Source=union:/F:/bu/caches/modules-2/files-2.1/org.spongepowered/mixin/0.8.5/9d1c0c3a304ae6697ecd477218fa61b850bf57fc/mixin-0.8.5.jar%23128!/ Service=ModLauncher Env=SERVER
[088月2026 14:53:29.019] [main/DEBUG] [mixin/]: Initialising Mixin Platform Manager
[088月2026 14:53:29.020] [main/DEBUG] [mixin/]: Adding mixin platform agents for container ModLauncher Root Container(ModLauncher:4f56a0a2)
[088月2026 14:53:29.021] [main/DEBUG] [mixin/]: Instancing new MixinPlatformAgentMinecraftForge for ModLauncher Root Container(ModLauncher:4f56a0a2)
[088月2026 14:53:29.021] [main/DEBUG] [mixin/]: MixinPlatformAgentMinecraftForge rejected container ModLauncher Root Container(ModLauncher:4f56a0a2)
[088月2026 14:53:29.022] [main/DEBUG] [mixin/]: Instancing new MixinPlatformAgentDefault for ModLauncher Root Container(ModLauncher:4f56a0a2)
[088月2026 14:53:29.022] [main/DEBUG] [mixin/]: MixinPlatformAgentDefault accepted container ModLauncher Root Container(ModLauncher:4f56a0a2)
[088月2026 14:53:29.024] [main/DEBUG] [cpw.mods.modlauncher.TransformationServiceDecorator/MODLAUNCHER]: Initialized transformation service mixin
[088月2026 14:53:29.025] [main/DEBUG] [cpw.mods.modlauncher.TransformationServiceDecorator/MODLAUNCHER]: Initializing transformation service fml
[088月2026 14:53:29.025] [main/DEBUG] [net.minecraftforge.fml.loading.FMLServiceProvider/CORE]: Setting up basic FML game directories
[088月2026 14:53:29.026] [main/DEBUG] [net.minecraftforge.fml.loading.FMLPaths/CORE]: Path GAMEDIR is G:\epca\epca\run
[088月2026 14:53:29.026] [main/DEBUG] [net.minecraftforge.fml.loading.FMLPaths/CORE]: Path MODSDIR is G:\epca\epca\run\mods
[088月2026 14:53:29.026] [main/DEBUG] [net.minecraftforge.fml.loading.FMLPaths/CORE]: Path CONFIGDIR is G:\epca\epca\run\config
[088月2026 14:53:29.027] [main/DEBUG] [net.minecraftforge.fml.loading.FMLPaths/CORE]: Path FMLCONFIG is G:\epca\epca\run\config\fml.toml
[088月2026 14:53:29.027] [main/DEBUG] [net.minecraftforge.fml.loading.FMLServiceProvider/CORE]: Loading configuration
[088月2026 14:53:29.030] [main/DEBUG] [net.minecraftforge.fml.loading.FMLServiceProvider/CORE]: Preparing ModFile
[088月2026 14:53:29.034] [main/DEBUG] [net.minecraftforge.fml.loading.FMLServiceProvider/CORE]: Preparing launch handler
[088月2026 14:53:29.034] [main/DEBUG] [net.minecraftforge.fml.loading.FMLLoader/CORE]: Using forgegametestserveruserdev as launch service
[088月2026 14:53:29.049] [main/DEBUG] [net.minecraftforge.fml.loading.FMLLoader/CORE]: Received command line version data  : VersionInfo[forgeVersion=47.2.0, mcVersion=1.20.1, mcpVersion=20230612.114412, forgeGroup=net.minecraftforge]
[088月2026 14:53:29.052] [main/DEBUG] [cpw.mods.modlauncher.TransformationServiceDecorator/MODLAUNCHER]: Initialized transformation service fml
[088月2026 14:53:29.052] [main/DEBUG] [cpw.mods.modlauncher.NameMappingServiceHandler/MODLAUNCHER]: Current naming domain is 'mcp'
[088月2026 14:53:29.054] [main/DEBUG] [cpw.mods.modlauncher.NameMappingServiceHandler/MODLAUNCHER]: Identified name mapping providers {srg=srgtomcp:1234}
[088月2026 14:53:29.054] [main/DEBUG] [cpw.mods.modlauncher.TransformationServicesHandler/MODLAUNCHER]: Transformation services begin scanning
[088月2026 14:53:29.055] [main/DEBUG] [cpw.mods.modlauncher.TransformationServiceDecorator/MODLAUNCHER]: Beginning scan trigger - transformation service mixin
[088月2026 14:53:29.055] [main/DEBUG] [cpw.mods.modlauncher.TransformationServiceDecorator/MODLAUNCHER]: End scan trigger - transformation service mixin
[088月2026 14:53:29.056] [main/DEBUG] [cpw.mods.modlauncher.TransformationServiceDecorator/MODLAUNCHER]: Beginning scan trigger - transformation service fml
[088月2026 14:53:29.056] [main/DEBUG] [net.minecraftforge.fml.loading.FMLServiceProvider/CORE]: Initiating mod scan
[088月2026 14:53:29.070] [main/DEBUG] [net.minecraftforge.fml.loading.moddiscovery.ModListHandler/CORE]: Found mod coordinates from lists: []
[088月2026 14:53:29.074] [main/DEBUG] [net.minecraftforge.fml.loading.moddiscovery.ModDiscoverer/CORE]: Found Mod Locators : (mods folder:null),(maven libs:null),(exploded directory:null),(minecraft:null),(userdev classpath:null)
[088月2026 14:53:29.076] [main/DEBUG] [net.minecraftforge.fml.loading.moddiscovery.ModDiscoverer/CORE]: Found Dependency Locators : (JarInJar:null)
[088月2026 14:53:29.083] [main/DEBUG] [net.minecraftforge.fml.loading.targets.CommonLaunchHandler/CORE]: Got mod coordinates epca%%G:\epca\epca\build\resources\main;epca%%G:\epca\epca\build\classes\java\main from env
[088月2026 14:53:29.085] [main/DEBUG] [net.minecraftforge.fml.loading.targets.CommonLaunchHandler/CORE]: Found supplied mod coordinates [{epca=[G:\epca\epca\build\resources\main, G:\epca\epca\build\classes\java\main]}]
[088月2026 14:53:29.494] [main/DEBUG] [net.minecraftforge.fml.loading.moddiscovery.ModFileInfo/LOADING]: Found valid mod file forge-1.20.1-47.2.0_mapped_official_1.20.1.jar with {minecraft} mods - versions {1.20.1}
[088月2026 14:53:29.508] [main/DEBUG] [net.minecraftforge.fml.loading.moddiscovery.ModFileParser/LOADING]: Considering mod file candidate F:\bu\caches\modules-2\files-2.1\net.minecraftforge\javafmllanguage\1.20.1-47.2.0\7f9181f85acc66547685a72020713fc8cbde98\javafmllanguage-1.20.1-47.2.0.jar
[088月2026 14:53:29.509] [main/WARN] [net.minecraftforge.fml.loading.moddiscovery.ModFileParser/LOADING]: Mod file F:\bu\caches\modules-2\files-2.1\net.minecraftforge\javafmllanguage\1.20.1-47.2.0\7f9181f85acc66547685a72020713fc8cbde98\javafmllanguage-1.20.1-47.2.0.jar is missing mods.toml file
[088月2026 14:53:29.521] [main/DEBUG] [net.minecraftforge.fml.loading.moddiscovery.ModFileParser/LOADING]: Considering mod file candidate F:\bu\caches\modules-2\files-2.1\net.minecraftforge\lowcodelanguage\1.20.1-47.2.0\7872f5205685fdd26fae39b1be79b0e60ca5b7bd\lowcodelanguage-1.20.1-47.2.0.jar
[088月2026 14:53:29.521] [main/WARN] [net.minecraftforge.fml.loading.moddiscovery.ModFileParser/LOADING]: Mod file F:\bu\caches\modules-2\files-2.1\net.minecraftforge\lowcodelanguage\1.20.1-47.2.0\7872f5205685fdd26fae39b1be79b0e60ca5b7bd\lowcodelanguage-1.20.1-47.2.0.jar is missing mods.toml file
[088月2026 14:53:29.538] [main/DEBUG] [net.minecraftforge.fml.loading.moddiscovery.ModFileParser/LOADING]: Considering mod file candidate F:\bu\caches\modules-2\files-2.1\net.minecraftforge\mclanguage\1.20.1-47.2.0\d501d161cabed08b3c139a2c6217b02a39f3c3e9\mclanguage-1.20.1-47.2.0.jar
[088月2026 14:53:29.538] [main/WARN] [net.minecraftforge.fml.loading.moddiscovery.ModFileParser/LOADING]: Mod file F:\bu\caches\modules-2\files-2.1\net.minecraftforge\mclanguage\1.20.1-47.2.0\d501d161cabed08b3c139a2c6217b02a39f3c3e9\mclanguage-1.20.1-47.2.0.jar is missing mods.toml file
[088月2026 14:53:29.554] [main/DEBUG] [net.minecraftforge.fml.loading.moddiscovery.ModFileParser/LOADING]: Considering mod file candidate F:\bu\caches\modules-2\files-2.1\net.minecraftforge\fmlcore\1.20.1-47.2.0\ffd3c6debac0a388c9e33ac43c9f5eafb91cb466\fmlcore-1.20.1-47.2.0.jar
[088月2026 14:53:29.555] [main/WARN] [net.minecraftforge.fml.loading.moddiscovery.ModFileParser/LOADING]: Mod file F:\bu\caches\modules-2\files-2.1\net.minecraftforge\fmlcore\1.20.1-47.2.0\ffd3c6debac0a388c9e33ac43c9f5eafb91cb466\fmlcore-1.20.1-47.2.0.jar is missing mods.toml file
[088月2026 14:53:29.563] [main/DEBUG] [net.minecraftforge.fml.loading.moddiscovery.ModFileParser/LOADING]: Considering mod file candidate G:\epca\epca\build\resources\main
[088月2026 14:53:29.572] [main/DEBUG] [net.minecraftforge.fml.loading.moddiscovery.ModFileInfo/LOADING]: Found valid mod file main with {epca} mods - versions {0.4.0}
[088月2026 14:53:29.576] [main/DEBUG] [net.minecraftforge.fml.loading.moddiscovery.ModFileParser/LOADING]: Considering mod file candidate /
[088月2026 14:53:29.582] [main/DEBUG] [net.minecraftforge.fml.loading.moddiscovery.ModFileInfo/LOADING]: Found valid mod file  with {forge} mods - versions {47.2.0}
[088月2026 14:53:29.623] [main/DEBUG] [net.minecraftforge.fml.loading.moddiscovery.ModFileParser/LOADING]: Considering mod file candidate F:\bu\caches\forge_gradle\deobf_dependencies\software\bernie\geckolib\geckolib-forge-1.20.1\4.7.1_mapped_official_1.20.1\geckolib-forge-1.20.1-4.7.1_mapped_official_1.20.1.jar
[088月2026 14:53:29.626] [main/DEBUG] [net.minecraftforge.fml.loading.moddiscovery.ModFileInfo/LOADING]: Found valid mod file geckolib-forge-1.20.1-4.7.1_mapped_official_1.20.1.jar with {geckolib} mods - versions {4.7.1}
[088月2026 14:53:29.637] [main/DEBUG] [net.minecraftforge.fml.loading.moddiscovery.ModFileParser/LOADING]: Considering mod file candidate F:\bu\caches\forge_gradle\deobf_dependencies\com\nyfaria\awcapi\awcapi\1.0.2_mapped_official_1.20.1\awcapi-1.0.2_mapped_official_1.20.1.jar
[088月2026 14:53:29.639] [main/DEBUG] [net.minecraftforge.fml.loading.moddiscovery.ModFileInfo/LOADING]: Found valid mod file awcapi-1.0.2_mapped_official_1.20.1.jar with {awcapi} mods - versions {1.0.2}
[088月2026 14:53:29.649] [main/DEBUG] [net.minecraftforge.fml.loading.moddiscovery.ModFileParser/LOADING]: Considering mod file candidate F:\bu\caches\forge_gradle\deobf_dependencies\org\tdddd\yawning_neko_api\yawningapi\1.0.0_mapped_official_1.20.1\yawningapi-1.0.0_mapped_official_1.20.1.jar
[088月2026 14:53:29.650] [main/DEBUG] [net.minecraftforge.fml.loading.moddiscovery.ModFileInfo/LOADING]: Found valid mod file yawningapi-1.0.0_mapped_official_1.20.1.jar with {yawning_neko_api} mods - versions {1.0.0}
[088月2026 14:53:29.659] [main/DEBUG] [net.minecraftforge.fml.loading.moddiscovery.ModFileParser/LOADING]: Considering mod file candidate F:\bu\caches\forge_gradle\deobf_dependencies\curse\maven\jade-324717\6855440_mapped_official_1.20.1\jade-324717-6855440_mapped_official_1.20.1.jar
[088月2026 14:53:29.662] [main/DEBUG] [net.minecraftforge.fml.loading.moddiscovery.ModFileInfo/LOADING]: Found valid mod file jade-324717-6855440_mapped_official_1.20.1.jar with {jade} mods - versions {11.13.2+forge}
[088月2026 14:53:29.670] [main/DEBUG] [net.minecraftforge.fml.loading.moddiscovery.ModFileParser/LOADING]: Considering mod file candidate F:\bu\caches\forge_gradle\deobf_dependencies\curse\maven\patchouli-306770\7731017_mapped_official_1.20.1\patchouli-306770-7731017_mapped_official_1.20.1.jar
[088月2026 14:53:29.672] [main/DEBUG] [net.minecraftforge.fml.loading.moddiscovery.ModFileInfo/LOADING]: Found valid mod file patchouli-306770-7731017_mapped_official_1.20.1.jar with {patchouli} mods - versions {1.20.1-85-FORGE}
[088月2026 14:53:29.680] [main/DEBUG] [net.minecraftforge.fml.loading.moddiscovery.ModFileParser/LOADING]: Considering mod file candidate F:\bu\caches\forge_gradle\deobf_dependencies\curse\maven\ldlib-626676\6417175_mapped_official_1.20.1\ldlib-626676-6417175_mapped_official_1.20.1.jar
[088月2026 14:53:29.681] [main/DEBUG] [net.minecraftforge.fml.loading.moddiscovery.ModFileInfo/LOADING]: Found valid mod file ldlib-626676-6417175_mapped_official_1.20.1.jar with {ldlib} mods - versions {1.0.39}
[088月2026 14:53:29.691] [main/DEBUG] [net.minecraftforge.fml.loading.moddiscovery.ModFileParser/LOADING]: Considering mod file candidate F:\bu\caches\forge_gradle\deobf_dependencies\curse\maven\photon-871522\6878530_mapped_official_1.20.1\photon-871522-6878530_mapped_official_1.20.1.jar
[088月2026 14:53:29.693] [main/DEBUG] [net.minecraftforge.fml.loading.moddiscovery.ModFileInfo/LOADING]: Found valid mod file photon-871522-6878530_mapped_official_1.20.1.jar with {photon} mods - versions {1.1.14}
[088月2026 14:53:29.704] [main/DEBUG] [net.minecraftforge.fml.loading.moddiscovery.ModFileParser/LOADING]: Considering mod file candidate F:\bu\caches\forge_gradle\deobf_dependencies\curse\maven\ca-1264722\8546534_mapped_official_1.20.1\ca-1264722-8546534_mapped_official_1.20.1.jar
[088月2026 14:53:29.706] [main/DEBUG] [net.minecraftforge.fml.loading.moddiscovery.ModFileInfo/LOADING]: Found valid mod file ca-1264722-8546534_mapped_official_1.20.1.jar with {caerula_arbor} mods - versions {0.12.1.3}
[088月2026 14:53:29.715] [main/DEBUG] [net.minecraftforge.fml.loading.moddiscovery.ModFileParser/LOADING]: Considering mod file candidate F:\bu\caches\forge_gradle\deobf_dependencies\software\bernie\geckolib\geckolib-forge-1.20.1\4.7.1_mapped_official_1.20.1\geckolib-forge-1.20.1-4.7.1_mapped_official_1.20.1.jar
[088月2026 14:53:29.716] [main/DEBUG] [net.minecraftforge.fml.loading.moddiscovery.ModFileInfo/LOADING]: Found valid mod file geckolib-forge-1.20.1-4.7.1_mapped_official_1.20.1.jar with {geckolib} mods - versions {4.7.1}
[088月2026 14:53:29.740] [main/DEBUG] [net.minecraftforge.fml.loading.moddiscovery.ModFileParser/LOADING]: Considering mod file candidate F:\bu\caches\forge_gradle\deobf_dependencies\com\nyfaria\awcapi\awcapi\1.0.2_mapped_official_1.20.1\awcapi-1.0.2_mapped_official_1.20.1.jar
[088月2026 14:53:29.741] [main/DEBUG] [net.minecraftforge.fml.loading.moddiscovery.ModFileInfo/LOADING]: Found valid mod file awcapi-1.0.2_mapped_official_1.20.1.jar with {awcapi} mods - versions {1.0.2}
[088月2026 14:53:29.749] [main/DEBUG] [net.minecraftforge.fml.loading.moddiscovery.ModFileParser/LOADING]: Considering mod file candidate F:\bu\caches\forge_gradle\deobf_dependencies\org\tdddd\yawning_neko_api\yawningapi\1.0.0_mapped_official_1.20.1\yawningapi-1.0.0_mapped_official_1.20.1.jar
[088月2026 14:53:29.751] [main/DEBUG] [net.minecraftforge.fml.loading.moddiscovery.ModFileInfo/LOADING]: Found valid mod file yawningapi-1.0.0_mapped_official_1.20.1.jar with {yawning_neko_api} mods - versions {1.0.0}
[088月2026 14:53:29.762] [main/DEBUG] [net.minecraftforge.fml.loading.moddiscovery.ModFileParser/LOADING]: Considering mod file candidate F:\bu\caches\forge_gradle\deobf_dependencies\curse\maven\jade-324717\6855440_mapped_official_1.20.1\jade-324717-6855440_mapped_official_1.20.1.jar
[088月2026 14:53:29.763] [main/DEBUG] [net.minecraftforge.fml.loading.moddiscovery.ModFileInfo/LOADING]: Found valid mod file jade-324717-6855440_mapped_official_1.20.1.jar with {jade} mods - versions {11.13.2+forge}
[088月2026 14:53:29.773] [main/DEBUG] [net.minecraftforge.fml.loading.moddiscovery.ModFileParser/LOADING]: Considering mod file candidate F:\bu\caches\forge_gradle\deobf_dependencies\curse\maven\patchouli-306770\7731017_mapped_official_1.20.1\patchouli-306770-7731017_mapped_official_1.20.1.jar
[088月2026 14:53:29.775] [main/DEBUG] [net.minecraftforge.fml.loading.moddiscovery.ModFileInfo/LOADING]: Found valid mod file patchouli-306770-7731017_mapped_official_1.20.1.jar with {patchouli} mods - versions {1.20.1-85-FORGE}
[088月2026 14:53:29.785] [main/DEBUG] [net.minecraftforge.fml.loading.moddiscovery.ModFileParser/LOADING]: Considering mod file candidate F:\bu\caches\forge_gradle\deobf_dependencies\curse\maven\ldlib-626676\6417175_mapped_official_1.20.1\ldlib-626676-6417175_mapped_official_1.20.1.jar
[088月2026 14:53:29.786] [main/DEBUG] [net.minecraftforge.fml.loading.moddiscovery.ModFileInfo/LOADING]: Found valid mod file ldlib-626676-6417175_mapped_official_1.20.1.jar with {ldlib} mods - versions {1.0.39}
[088月2026 14:53:29.796] [main/DEBUG] [net.minecraftforge.fml.loading.moddiscovery.ModFileParser/LOADING]: Considering mod file candidate F:\bu\caches\forge_gradle\deobf_dependencies\curse\maven\photon-871522\6878530_mapped_official_1.20.1\photon-871522-6878530_mapped_official_1.20.1.jar
[088月2026 14:53:29.799] [main/DEBUG] [net.minecraftforge.fml.loading.moddiscovery.ModFileInfo/LOADING]: Found valid mod file photon-871522-6878530_mapped_official_1.20.1.jar with {photon} mods - versions {1.1.14}
[088月2026 14:53:29.813] [main/DEBUG] [net.minecraftforge.fml.loading.moddiscovery.ModFileParser/LOADING]: Considering mod file candidate F:\bu\caches\forge_gradle\deobf_dependencies\curse\maven\ca-1264722\8546534_mapped_official_1.20.1\ca-1264722-8546534_mapped_official_1.20.1.jar
[088月2026 14:53:29.815] [main/DEBUG] [net.minecraftforge.fml.loading.moddiscovery.ModFileInfo/LOADING]: Found valid mod file ca-1264722-8546534_mapped_official_1.20.1.jar with {caerula_arbor} mods - versions {0.12.1.3}
[088月2026 14:53:29.839] [main/DEBUG] [net.minecraftforge.fml.loading.UniqueModListBuilder/]: Found 2 mods for first modid caerula_arbor, selecting most recent based on version data
[088月2026 14:53:29.841] [main/DEBUG] [net.minecraftforge.fml.loading.UniqueModListBuilder/]: Selected file ca-1264722-8546534_mapped_official_1.20.1.jar for modid caerula_arbor with version 0.12.1.3
[088月2026 14:53:29.841] [main/DEBUG] [net.minecraftforge.fml.loading.UniqueModListBuilder/]: Found 2 mods for first modid photon, selecting most recent based on version data
[088月2026 14:53:29.841] [main/DEBUG] [net.minecraftforge.fml.loading.UniqueModListBuilder/]: Selected file photon-871522-6878530_mapped_official_1.20.1.jar for modid photon with version 1.1.14
[088月2026 14:53:29.842] [main/DEBUG] [net.minecraftforge.fml.loading.UniqueModListBuilder/]: Found 2 mods for first modid yawning_neko_api, selecting most recent based on version data
[088月2026 14:53:29.842] [main/DEBUG] [net.minecraftforge.fml.loading.UniqueModListBuilder/]: Selected file yawningapi-1.0.0_mapped_official_1.20.1.jar for modid yawning_neko_api with version 1.0.0
[088月2026 14:53:29.842] [main/DEBUG] [net.minecraftforge.fml.loading.UniqueModListBuilder/]: Found 2 mods for first modid patchouli, selecting most recent based on version data
[088月2026 14:53:29.842] [main/DEBUG] [net.minecraftforge.fml.loading.UniqueModListBuilder/]: Selected file patchouli-306770-7731017_mapped_official_1.20.1.jar for modid patchouli with version 1.20.1-85-FORGE
[088月2026 14:53:29.842] [main/DEBUG] [net.minecraftforge.fml.loading.UniqueModListBuilder/]: Found 2 mods for first modid jade, selecting most recent based on version data
[088月2026 14:53:29.843] [main/DEBUG] [net.minecraftforge.fml.loading.UniqueModListBuilder/]: Selected file jade-324717-6855440_mapped_official_1.20.1.jar for modid jade with version 11.13.2+forge
[088月2026 14:53:29.843] [main/DEBUG] [net.minecraftforge.fml.loading.UniqueModListBuilder/]: Found 2 mods for first modid geckolib, selecting most recent based on version data
[088月2026 14:53:29.843] [main/DEBUG] [net.minecraftforge.fml.loading.UniqueModListBuilder/]: Selected file geckolib-forge-1.20.1-4.7.1_mapped_official_1.20.1.jar for modid geckolib with version 4.7.1
[088月2026 14:53:29.843] [main/DEBUG] [net.minecraftforge.fml.loading.UniqueModListBuilder/]: Found 2 mods for first modid ldlib, selecting most recent based on version data
[088月2026 14:53:29.843] [main/DEBUG] [net.minecraftforge.fml.loading.UniqueModListBuilder/]: Selected file ldlib-626676-6417175_mapped_official_1.20.1.jar for modid ldlib with version 1.0.39
[088月2026 14:53:29.844] [main/DEBUG] [net.minecraftforge.fml.loading.UniqueModListBuilder/]: Found 2 mods for first modid awcapi, selecting most recent based on version data
[088月2026 14:53:29.844] [main/DEBUG] [net.minecraftforge.fml.loading.UniqueModListBuilder/]: Selected file awcapi-1.0.2_mapped_official_1.20.1.jar for modid awcapi with version 1.0.2
[088月2026 14:53:29.852] [main/DEBUG] [net.minecraftforge.fml.loading.moddiscovery.AbstractJarFileDependencyLocator/]: Failed to load resource META-INF\jarjar\metadata.json from ca-1264722-8546534_mapped_official_1.20.1.jar, it does not contain dependency information.
[088月2026 14:53:29.853] [main/DEBUG] [net.minecraftforge.fml.loading.moddiscovery.AbstractJarFileDependencyLocator/]: Failed to load resource META-INF\jarjar\metadata.json from forge-1.20.1-47.2.0_mapped_official_1.20.1.jar, it does not contain dependency information.
[088月2026 14:53:29.853] [main/DEBUG] [net.minecraftforge.fml.loading.moddiscovery.AbstractJarFileDependencyLocator/]: Failed to load resource META-INF\jarjar\metadata.json from Registrate-MC1.20-1.3.0_mapped_official_1.20.1.jar, it does not contain dependency information.
[088月2026 14:53:29.853] [main/DEBUG] [net.minecraftforge.fml.loading.moddiscovery.AbstractJarFileDependencyLocator/]: Failed to load resource META-INF\jarjar\metadata.json from yawningapi-1.0.0_mapped_official_1.20.1.jar, it does not contain dependency information.
[088月2026 14:53:29.854] [main/DEBUG] [net.minecraftforge.fml.loading.moddiscovery.AbstractJarFileDependencyLocator/]: Failed to load resource META-INF\jarjar\metadata.json from , it does not contain dependency information.
[088月2026 14:53:29.855] [main/DEBUG] [net.minecraftforge.fml.loading.moddiscovery.AbstractJarFileDependencyLocator/]: Failed to load resource META-INF\jarjar\metadata.json from main, it does not contain dependency information.
[088月2026 14:53:29.855] [main/DEBUG] [net.minecraftforge.fml.loading.moddiscovery.AbstractJarFileDependencyLocator/]: Failed to load resource META-INF\jarjar\metadata.json from patchouli-306770-7731017_mapped_official_1.20.1.jar, it does not contain dependency information.
[088月2026 14:53:29.855] [main/DEBUG] [net.minecraftforge.fml.loading.moddiscovery.AbstractJarFileDependencyLocator/]: Failed to load resource META-INF\jarjar\metadata.json from jade-324717-6855440_mapped_official_1.20.1.jar, it does not contain dependency information.
[088月2026 14:53:29.856] [main/DEBUG] [net.minecraftforge.fml.loading.moddiscovery.AbstractJarFileDependencyLocator/]: Failed to load resource META-INF\jarjar\metadata.json from awcapi-1.0.2_mapped_official_1.20.1.jar, it does not contain dependency information.
[088月2026 14:53:29.856] [main/DEBUG] [net.minecraftforge.fml.loading.moddiscovery.AbstractJarFileDependencyLocator/]: Failed to load resource META-INF\jarjar\metadata.json from mclanguage-1.20.1-47.2.0.jar, it does not contain dependency information.
[088月2026 14:53:29.856] [main/DEBUG] [net.minecraftforge.fml.loading.moddiscovery.AbstractJarFileDependencyLocator/]: Failed to load resource META-INF\jarjar\metadata.json from javafmllanguage-1.20.1-47.2.0.jar, it does not contain dependency information.
[088月2026 14:53:29.856] [main/DEBUG] [net.minecraftforge.fml.loading.moddiscovery.AbstractJarFileDependencyLocator/]: Failed to load resource META-INF\jarjar\metadata.json from fmlcore-1.20.1-47.2.0.jar, it does not contain dependency information.
[088月2026 14:53:29.856] [main/DEBUG] [net.minecraftforge.fml.loading.moddiscovery.AbstractJarFileDependencyLocator/]: Failed to load resource META-INF\jarjar\metadata.json from lowcodelanguage-1.20.1-47.2.0.jar, it does not contain dependency information.
[088月2026 14:53:29.959] [main/DEBUG] [net.minecraftforge.fml.loading.moddiscovery.ModFileParser/LOADING]: Considering mod file candidate 
[088月2026 14:53:29.960] [main/DEBUG] [net.minecraftforge.fml.loading.moddiscovery.ModFileInfo/LOADING]: Found valid mod file ldlib-forge-1.20.1-1.0.42.jar with {ldlib} mods - versions {1.0.42}
[088月2026 14:53:29.967] [main/DEBUG] [net.minecraftforge.fml.loading.moddiscovery.ModFileParser/LOADING]: Considering mod file candidate 
[088月2026 14:53:29.968] [main/DEBUG] [net.minecraftforge.fml.loading.moddiscovery.ModFileInfo/LOADING]: Found valid mod file mixinextras-forge-0.3.5.jar with {mixinextras} mods - versions {0.3.5}
[088月2026 14:53:29.971] [main/DEBUG] [net.minecraftforge.fml.loading.moddiscovery.ModFileParser/LOADING]: Considering mod file candidate 
[088月2026 14:53:29.971] [main/DEBUG] [net.minecraftforge.fml.loading.moddiscovery.ModFileInfo/LOADING]: Found valid mod file mixinextras-forge-0.3.5.jar with {mixinextras} mods - versions {0.3.5}
[088月2026 14:53:29.972] [main/DEBUG] [net.minecraftforge.fml.loading.moddiscovery.AbstractJarFileDependencyLocator/]: Failed to load resource META-INF\jarjar\metadata.json from mclib-20.jar, it does not contain dependency information.
[088月2026 14:53:29.983] [main/DEBUG] [net.minecraftforge.fml.loading.moddiscovery.AbstractJarFileDependencyLocator/]: Failed to load resource META-INF\jarjar\metadata.json from MixinExtras-0.3.5.jar, it does not contain dependency information.
[088月2026 14:53:29.983] [main/DEBUG] [net.minecraftforge.fml.loading.moddiscovery.AbstractJarFileDependencyLocator/]: Failed to load resource META-INF\jarjar\metadata.json from MixinExtras-0.3.5.jar, it does not contain dependency information.
[088月2026 14:53:30.048] [main/DEBUG] [net.minecraftforge.fml.loading.moddiscovery.ModFileParser/LOADING]: Considering mod file candidate 
[088月2026 14:53:30.050] [main/DEBUG] [net.minecraftforge.fml.loading.moddiscovery.ModFileInfo/LOADING]: Found valid mod file ldlib-forge-1.20.1-1.0.42.jar with {ldlib} mods - versions {1.0.42}
[088月2026 14:53:30.055] [main/DEBUG] [net.minecraftforge.fml.loading.moddiscovery.ModFileParser/LOADING]: Considering mod file candidate 
[088月2026 14:53:30.055] [main/DEBUG] [net.minecraftforge.fml.loading.moddiscovery.ModFileInfo/LOADING]: Found valid mod file mixinextras-forge-0.3.5.jar with {mixinextras} mods - versions {0.3.5}
[088月2026 14:53:30.058] [main/WARN] [net.minecraftforge.jarjar.selection.JarSelector/]: Attempted to select a dependency jar for JarJar which was passed in as source: ldlib. Using Mod File: F:\bu\caches\forge_gradle\deobf_dependencies\curse\maven\ldlib-626676\6417175_mapped_official_1.20.1\ldlib-626676-6417175_mapped_official_1.20.1.jar
[088月2026 14:53:30.058] [main/INFO] [net.minecraftforge.fml.loading.moddiscovery.JarInJarDependencyLocator/]: Found 3 dependencies adding them to mods collection
[088月2026 14:53:30.061] [main/DEBUG] [net.minecraftforge.fml.loading.moddiscovery.ModFileInfo/LOADING]: Found valid mod file forge-1.20.1-47.2.0_mapped_official_1.20.1.jar with {minecraft} mods - versions {1.20.1}
[088月2026 14:53:30.065] [main/DEBUG] [net.minecraftforge.fml.loading.moddiscovery.ModFile/LOADING]: Loading mod file G:\epca\epca\build\fg_cache\net\minecraftforge\forge\1.20.1-47.2.0_mapped_official_1.20.1\forge-1.20.1-47.2.0_mapped_official_1.20.1.jar with languages [LanguageSpec[languageName=minecraft, acceptedVersions=1]]
[088月2026 14:53:30.066] [main/DEBUG] [net.minecraftforge.fml.loading.moddiscovery.ModFileParser/LOADING]: Considering mod file candidate F:\bu\caches\forge_gradle\deobf_dependencies\curse\maven\ca-1264722\8546534_mapped_official_1.20.1\ca-1264722-8546534_mapped_official_1.20.1.jar
[088月2026 14:53:30.067] [main/DEBUG] [net.minecraftforge.fml.loading.moddiscovery.ModFileInfo/LOADING]: Found valid mod file ca-1264722-8546534_mapped_official_1.20.1.jar with {caerula_arbor} mods - versions {0.12.1.3}
[088月2026 14:53:30.068] [main/DEBUG] [net.minecraftforge.fml.loading.moddiscovery.ModFile/LOADING]: Loading mod file F:\bu\caches\forge_gradle\deobf_dependencies\curse\maven\ca-1264722\8546534_mapped_official_1.20.1\ca-1264722-8546534_mapped_official_1.20.1.jar with languages [LanguageSpec[languageName=javafml, acceptedVersions=[47,)]]
[088月2026 14:53:30.068] [main/DEBUG] [net.minecraftforge.fml.loading.moddiscovery.ModFileParser/LOADING]: Considering mod file candidate G:\epca\epca\build\resources\main
[088月2026 14:53:30.070] [main/DEBUG] [net.minecraftforge.fml.loading.moddiscovery.ModFileInfo/LOADING]: Found valid mod file main with {epca} mods - versions {0.4.0}
[088月2026 14:53:30.070] [main/DEBUG] [net.minecraftforge.fml.loading.moddiscovery.ModFile/LOADING]: Loading mod file G:\epca\epca\build\resources\main with languages [LanguageSpec[languageName=javafml, acceptedVersions=[47,)]]
[088月2026 14:53:30.071] [main/DEBUG] [net.minecraftforge.fml.loading.moddiscovery.ModFileParser/LOADING]: Considering mod file candidate F:\bu\caches\forge_gradle\deobf_dependencies\curse\maven\jade-324717\6855440_mapped_official_1.20.1\jade-324717-6855440_mapped_official_1.20.1.jar
[088月2026 14:53:30.072] [main/DEBUG] [net.minecraftforge.fml.loading.moddiscovery.ModFileInfo/LOADING]: Found valid mod file jade-324717-6855440_mapped_official_1.20.1.jar with {jade} mods - versions {11.13.2+forge}
[088月2026 14:53:30.072] [main/DEBUG] [net.minecraftforge.fml.loading.moddiscovery.ModFile/LOADING]: Loading mod file F:\bu\caches\forge_gradle\deobf_dependencies\curse\maven\jade-324717\6855440_mapped_official_1.20.1\jade-324717-6855440_mapped_official_1.20.1.jar with languages [LanguageSpec[languageName=javafml, acceptedVersions=[46,)]]
[088月2026 14:53:30.073] [main/DEBUG] [net.minecraftforge.fml.loading.moddiscovery.ModFileParser/LOADING]: Considering mod file candidate F:\bu\caches\forge_gradle\deobf_dependencies\software\bernie\geckolib\geckolib-forge-1.20.1\4.7.1_mapped_official_1.20.1\geckolib-forge-1.20.1-4.7.1_mapped_official_1.20.1.jar
[088月2026 14:53:30.073] [main/DEBUG] [net.minecraftforge.fml.loading.moddiscovery.ModFileInfo/LOADING]: Found valid mod file geckolib-forge-1.20.1-4.7.1_mapped_official_1.20.1.jar with {geckolib} mods - versions {4.7.1}
[088月2026 14:53:30.074] [main/DEBUG] [net.minecraftforge.fml.loading.moddiscovery.ModFile/LOADING]: Loading mod file F:\bu\caches\forge_gradle\deobf_dependencies\software\bernie\geckolib\geckolib-forge-1.20.1\4.7.1_mapped_official_1.20.1\geckolib-forge-1.20.1-4.7.1_mapped_official_1.20.1.jar with languages [LanguageSpec[languageName=javafml, acceptedVersions=[47,)]]
[088月2026 14:53:30.074] [main/DEBUG] [net.minecraftforge.fml.loading.moddiscovery.ModFileParser/LOADING]: Considering mod file candidate F:\bu\caches\forge_gradle\deobf_dependencies\com\nyfaria\awcapi\awcapi\1.0.2_mapped_official_1.20.1\awcapi-1.0.2_mapped_official_1.20.1.jar
[088月2026 14:53:30.075] [main/DEBUG] [net.minecraftforge.fml.loading.moddiscovery.ModFileInfo/LOADING]: Found valid mod file awcapi-1.0.2_mapped_official_1.20.1.jar with {awcapi} mods - versions {1.0.2}
[088月2026 14:53:30.076] [main/DEBUG] [net.minecraftforge.fml.loading.moddiscovery.ModFile/LOADING]: Loading mod file F:\bu\caches\forge_gradle\deobf_dependencies\com\nyfaria\awcapi\awcapi\1.0.2_mapped_official_1.20.1\awcapi-1.0.2_mapped_official_1.20.1.jar with languages [LanguageSpec[languageName=javafml, acceptedVersions=[47,)]]
[088月2026 14:53:30.076] [main/DEBUG] [net.minecraftforge.fml.loading.moddiscovery.ModFileParser/LOADING]: Considering mod file candidate F:\bu\caches\forge_gradle\deobf_dependencies\curse\maven\ldlib-626676\6417175_mapped_official_1.20.1\ldlib-626676-6417175_mapped_official_1.20.1.jar
[088月2026 14:53:30.077] [main/DEBUG] [net.minecraftforge.fml.loading.moddiscovery.ModFileInfo/LOADING]: Found valid mod file ldlib-626676-6417175_mapped_official_1.20.1.jar with {ldlib} mods - versions {1.0.39}
[088月2026 14:53:30.077] [main/DEBUG] [net.minecraftforge.fml.loading.moddiscovery.ModFile/LOADING]: Loading mod file F:\bu\caches\forge_gradle\deobf_dependencies\curse\maven\ldlib-626676\6417175_mapped_official_1.20.1\ldlib-626676-6417175_mapped_official_1.20.1.jar with languages [LanguageSpec[languageName=javafml, acceptedVersions=[47,)]]
[088月2026 14:53:30.078] [main/DEBUG] [net.minecraftforge.fml.loading.moddiscovery.ModFileParser/LOADING]: Considering mod file candidate F:\bu\caches\forge_gradle\deobf_dependencies\curse\maven\photon-871522\6878530_mapped_official_1.20.1\photon-871522-6878530_mapped_official_1.20.1.jar
[088月2026 14:53:30.078] [main/DEBUG] [net.minecraftforge.fml.loading.moddiscovery.ModFileInfo/LOADING]: Found valid mod file photon-871522-6878530_mapped_official_1.20.1.jar with {photon} mods - versions {1.1.14}
[088月2026 14:53:30.078] [main/DEBUG] [net.minecraftforge.fml.loading.moddiscovery.ModFile/LOADING]: Loading mod file F:\bu\caches\forge_gradle\deobf_dependencies\curse\maven\photon-871522\6878530_mapped_official_1.20.1\photon-871522-6878530_mapped_official_1.20.1.jar with languages [LanguageSpec[languageName=javafml, acceptedVersions=[47,)]]
[088月2026 14:53:30.079] [main/DEBUG] [net.minecraftforge.fml.loading.moddiscovery.ModFileParser/LOADING]: Considering mod file candidate /
[088月2026 14:53:30.079] [main/DEBUG] [net.minecraftforge.fml.loading.moddiscovery.ModFileInfo/LOADING]: Found valid mod file  with {forge} mods - versions {47.2.0}
[088月2026 14:53:30.080] [main/DEBUG] [net.minecraftforge.fml.loading.moddiscovery.ModFile/LOADING]: Loading mod file / with languages [LanguageSpec[languageName=javafml, acceptedVersions=[24,]]]
[088月2026 14:53:30.083] [main/DEBUG] [net.minecraftforge.fml.loading.moddiscovery.ModFileParser/LOADING]: Found coremod field_to_method with Javascript path coremods/field_to_method.js
[088月2026 14:53:30.084] [main/DEBUG] [net.minecraftforge.fml.loading.moddiscovery.ModFileParser/LOADING]: Found coremod field_to_instanceof with Javascript path coremods/field_to_instanceof.js
[088月2026 14:53:30.084] [main/DEBUG] [net.minecraftforge.fml.loading.moddiscovery.ModFileParser/LOADING]: Found coremod add_bouncer_method with Javascript path coremods/add_bouncer_method.js
[088月2026 14:53:30.084] [main/DEBUG] [net.minecraftforge.fml.loading.moddiscovery.ModFileParser/LOADING]: Found coremod method_redirector with Javascript path coremods/method_redirector.js
[088月2026 14:53:30.084] [main/DEBUG] [net.minecraftforge.fml.loading.moddiscovery.ModFile/LOADING]: Found coremod coremods/field_to_method.js
[088月2026 14:53:30.085] [main/DEBUG] [net.minecraftforge.fml.loading.moddiscovery.ModFile/LOADING]: Found coremod coremods/field_to_instanceof.js
[088月2026 14:53:30.085] [main/DEBUG] [net.minecraftforge.fml.loading.moddiscovery.ModFile/LOADING]: Found coremod coremods/add_bouncer_method.js
[088月2026 14:53:30.085] [main/DEBUG] [net.minecraftforge.fml.loading.moddiscovery.ModFile/LOADING]: Found coremod coremods/method_redirector.js
[088月2026 14:53:30.085] [main/DEBUG] [net.minecraftforge.fml.loading.moddiscovery.ModFileParser/LOADING]: Considering mod file candidate F:\bu\caches\forge_gradle\deobf_dependencies\org\tdddd\yawning_neko_api\yawningapi\1.0.0_mapped_official_1.20.1\yawningapi-1.0.0_mapped_official_1.20.1.jar
[088月2026 14:53:30.086] [main/DEBUG] [net.minecraftforge.fml.loading.moddiscovery.ModFileInfo/LOADING]: Found valid mod file yawningapi-1.0.0_mapped_official_1.20.1.jar with {yawning_neko_api} mods - versions {1.0.0}
[088月2026 14:53:30.087] [main/DEBUG] [net.minecraftforge.fml.loading.moddiscovery.ModFile/LOADING]: Loading mod file F:\bu\caches\forge_gradle\deobf_dependencies\org\tdddd\yawning_neko_api\yawningapi\1.0.0_mapped_official_1.20.1\yawningapi-1.0.0_mapped_official_1.20.1.jar with languages [LanguageSpec[languageName=javafml, acceptedVersions=[47,)]]
[088月2026 14:53:30.087] [main/DEBUG] [net.minecraftforge.fml.loading.moddiscovery.ModFileParser/LOADING]: Considering mod file candidate F:\bu\caches\forge_gradle\deobf_dependencies\curse\maven\patchouli-306770\7731017_mapped_official_1.20.1\patchouli-306770-7731017_mapped_official_1.20.1.jar
[088月2026 14:53:30.088] [main/DEBUG] [net.minecraftforge.fml.loading.moddiscovery.ModFileInfo/LOADING]: Found valid mod file patchouli-306770-7731017_mapped_official_1.20.1.jar with {patchouli} mods - versions {1.20.1-85-FORGE}
[088月2026 14:53:30.088] [main/DEBUG] [net.minecraftforge.fml.loading.moddiscovery.ModFile/LOADING]: Loading mod file F:\bu\caches\forge_gradle\deobf_dependencies\curse\maven\patchouli-306770\7731017_mapped_official_1.20.1\patchouli-306770-7731017_mapped_official_1.20.1.jar with languages [LanguageSpec[languageName=javafml, acceptedVersions=[47,)]]
[088月2026 14:53:30.089] [main/DEBUG] [net.minecraftforge.fml.loading.moddiscovery.ModFile/LOADING]: Loading mod file  with languages []
[088月2026 14:53:30.089] [main/DEBUG] [net.minecraftforge.fml.loading.moddiscovery.ModFileParser/LOADING]: Considering mod file candidate 
[088月2026 14:53:30.090] [main/DEBUG] [net.minecraftforge.fml.loading.moddiscovery.ModFileInfo/LOADING]: Found valid mod file mixinextras-forge-0.3.5.jar with {mixinextras} mods - versions {0.3.5}
[088月2026 14:53:30.090] [main/DEBUG] [net.minecraftforge.fml.loading.moddiscovery.ModFile/LOADING]: Loading mod file  with languages [LanguageSpec[languageName=javafml, acceptedVersions=*]]
[088月2026 14:53:30.090] [main/DEBUG] [net.minecraftforge.fml.loading.moddiscovery.ModFile/LOADING]: Loading mod file  with languages []
[088月2026 14:53:30.090] [main/DEBUG] [net.minecraftforge.fml.loading.moddiscovery.ModFile/LOADING]: Loading mod file F:\bu\caches\forge_gradle\deobf_dependencies\com\tterrag\registrate\Registrate\MC1.20-1.3.0_mapped_official_1.20.1\Registrate-MC1.20-1.3.0_mapped_official_1.20.1.jar with languages []
[088月2026 14:53:30.092] [main/DEBUG] [cpw.mods.modlauncher.TransformationServiceDecorator/MODLAUNCHER]: End scan trigger - transformation service fml
[088月2026 14:53:30.108] [main/DEBUG] [net.minecraftforge.fml.loading.LanguageLoadingProvider/CORE]: Found 3 language providers
[088月2026 14:53:30.110] [main/DEBUG] [net.minecraftforge.fml.loading.LanguageLoadingProvider/CORE]: Found language provider minecraft, version 1.0
[088月2026 14:53:30.111] [main/DEBUG] [net.minecraftforge.fml.loading.LanguageLoadingProvider/CORE]: Found language provider lowcodefml, version 47
[088月2026 14:53:30.111] [main/DEBUG] [net.minecraftforge.fml.loading.LanguageLoadingProvider/CORE]: Found language provider javafml, version 47
[088月2026 14:53:30.117] [main/DEBUG] [net.minecraftforge.fml.loading.ModSorter/]: Configured system mods: [minecraft, forge]
[088月2026 14:53:30.117] [main/DEBUG] [net.minecraftforge.fml.loading.ModSorter/]: Found system mod: minecraft
[088月2026 14:53:30.117] [main/DEBUG] [net.minecraftforge.fml.loading.ModSorter/]: Found system mod: forge
[088月2026 14:53:30.121] [main/DEBUG] [net.minecraftforge.fml.loading.ModSorter/LOADING]: Found 21 mod requirements (17 mandatory, 4 optional)
[088月2026 14:53:30.122] [main/DEBUG] [net.minecraftforge.fml.loading.ModSorter/LOADING]: Found 0 mod requirements missing (0 mandatory, 0 optional)
[088月2026 14:53:30.629] [main/DEBUG] [net.minecraftforge.fml.loading.MCPNamingService/CORE]: Loaded 33222 method mappings from methods.csv
[088月2026 14:53:30.666] [main/DEBUG] [net.minecraftforge.fml.loading.MCPNamingService/CORE]: Loaded 31003 field mappings from fields.csv
[088月2026 14:53:30.748] [main/DEBUG] [cpw.mods.modlauncher.TransformationServicesHandler/MODLAUNCHER]: Transformation services loading transformers
[088月2026 14:53:30.749] [main/DEBUG] [cpw.mods.modlauncher.TransformationServiceDecorator/MODLAUNCHER]: Initializing transformers for transformation service mixin
[088月2026 14:53:30.750] [main/DEBUG] [cpw.mods.modlauncher.TransformationServiceDecorator/MODLAUNCHER]: Initialized transformers for transformation service mixin
[088月2026 14:53:30.750] [main/DEBUG] [cpw.mods.modlauncher.TransformationServiceDecorator/MODLAUNCHER]: Initializing transformers for transformation service fml
[088月2026 14:53:30.750] [main/DEBUG] [net.minecraftforge.fml.loading.FMLServiceProvider/CORE]: Loading coremod transformers
[088月2026 14:53:30.750] [main/DEBUG] [net.minecraftforge.coremod.CoreModEngine/COREMOD]: Loading CoreMod from coremods/field_to_method.js
[088月2026 14:53:30.965] [main/DEBUG] [net.minecraftforge.coremod.CoreModEngine/COREMOD]: CoreMod loaded successfully
[088月2026 14:53:30.965] [main/DEBUG] [net.minecraftforge.coremod.CoreModEngine/COREMOD]: Loading CoreMod from coremods/field_to_instanceof.js
[088月2026 14:53:31.037] [main/DEBUG] [net.minecraftforge.coremod.CoreModEngine/COREMOD]: CoreMod loaded successfully
[088月2026 14:53:31.038] [main/DEBUG] [net.minecraftforge.coremod.CoreModEngine/COREMOD]: Loading CoreMod from coremods/add_bouncer_method.js
[088月2026 14:53:31.086] [main/DEBUG] [net.minecraftforge.coremod.CoreModEngine/COREMOD]: CoreMod loaded successfully
[088月2026 14:53:31.087] [main/DEBUG] [net.minecraftforge.coremod.CoreModEngine/COREMOD]: Loading CoreMod from coremods/method_redirector.js
[088月2026 14:53:31.150] [main/DEBUG] [net.minecraftforge.coremod.CoreModEngine/COREMOD]: CoreMod loaded successfully
[088月2026 14:53:31.165] [main/DEBUG] [cpw.mods.modlauncher.TransformStore/MODLAUNCHER]: Adding transformer net.minecraftforge.coremod.transformer.CoreModClassTransformer@15f35bc3 to Target : CLASS {Lnet/minecraft/world/level/biome/Biome;} {} {V}
[088月2026 14:53:31.166] [main/DEBUG] [cpw.mods.modlauncher.TransformStore/MODLAUNCHER]: Adding transformer net.minecraftforge.coremod.transformer.CoreModClassTransformer@5d5b9ecb to Target : CLASS {Lnet/minecraft/world/level/levelgen/structure/Structure;} {} {V}
[088月2026 14:53:31.167] [main/DEBUG] [cpw.mods.modlauncher.TransformStore/MODLAUNCHER]: Adding transformer net.minecraftforge.coremod.transformer.CoreModClassTransformer@1ee27d73 to Target : CLASS {Lnet/minecraft/world/effect/MobEffectInstance;} {} {V}
[088月2026 14:53:31.167] [main/DEBUG] [cpw.mods.modlauncher.TransformStore/MODLAUNCHER]: Adding transformer net.minecraftforge.coremod.transformer.CoreModClassTransformer@5e5aafc6 to Target : CLASS {Lnet/minecraft/world/level/block/LiquidBlock;} {} {V}
[088月2026 14:53:31.167] [main/DEBUG] [cpw.mods.modlauncher.TransformStore/MODLAUNCHER]: Adding transformer net.minecraftforge.coremod.transformer.CoreModClassTransformer@542f6803 to Target : CLASS {Lnet/minecraft/world/item/BucketItem;} {} {V}
[088月2026 14:53:31.167] [main/DEBUG] [cpw.mods.modlauncher.TransformStore/MODLAUNCHER]: Adding transformer net.minecraftforge.coremod.transformer.CoreModClassTransformer@5583098b to Target : CLASS {Lnet/minecraft/world/level/block/StairBlock;} {} {V}
[088月2026 14:53:31.168] [main/DEBUG] [cpw.mods.modlauncher.TransformStore/MODLAUNCHER]: Adding transformer net.minecraftforge.coremod.transformer.CoreModClassTransformer@5807efad to Target : CLASS {Lnet/minecraft/world/level/block/FlowerPotBlock;} {} {V}
[088月2026 14:53:31.168] [main/DEBUG] [cpw.mods.modlauncher.TransformStore/MODLAUNCHER]: Adding transformer net.minecraftforge.coremod.transformer.CoreModClassTransformer@53a84ff4 to Target : CLASS {Lnet/minecraft/world/item/ItemStack;} {} {V}
[088月2026 14:53:31.168] [main/DEBUG] [cpw.mods.modlauncher.TransformStore/MODLAUNCHER]: Adding transformer net.minecraftforge.coremod.transformer.CoreModClassTransformer@7ce85af2 to Target : CLASS {Lnet/minecraft/network/play/client/CClientSettingsPacket;} {} {V}
[088月2026 14:53:31.169] [main/DEBUG] [cpw.mods.modlauncher.TransformStore/MODLAUNCHER]: Adding transformer net.minecraftforge.coremod.transformer.CoreModClassTransformer@316acbb5 to Target : CLASS {Lnet/minecraft/world/entity/animal/frog/Tadpole;} {} {V}
[088月2026 14:53:31.169] [main/DEBUG] [cpw.mods.modlauncher.TransformStore/MODLAUNCHER]: Adding transformer net.minecraftforge.coremod.transformer.CoreModClassTransformer@316acbb5 to Target : CLASS {Lnet/minecraft/world/level/levelgen/PhantomSpawner;} {} {V}
[088月2026 14:53:31.169] [main/DEBUG] [cpw.mods.modlauncher.TransformStore/MODLAUNCHER]: Adding transformer net.minecraftforge.coremod.transformer.CoreModClassTransformer@316acbb5 to Target : CLASS {Lnet/minecraft/world/level/levelgen/structure/structures/OceanRuinPieces$OceanRuinPiece;} {} {V}
[088月2026 14:53:31.169] [main/DEBUG] [cpw.mods.modlauncher.TransformStore/MODLAUNCHER]: Adding transformer net.minecraftforge.coremod.transformer.CoreModClassTransformer@316acbb5 to Target : CLASS {Lnet/minecraft/world/entity/npc/CatSpawner;} {} {V}
[088月2026 14:53:31.169] [main/DEBUG] [cpw.mods.modlauncher.TransformStore/MODLAUNCHER]: Adding transformer net.minecraftforge.coremod.transformer.CoreModClassTransformer@316acbb5 to Target : CLASS {Lnet/minecraft/world/entity/monster/Strider;} {} {V}
[088月2026 14:53:31.170] [main/DEBUG] [cpw.mods.modlauncher.TransformStore/MODLAUNCHER]: Adding transformer net.minecraftforge.coremod.transformer.CoreModClassTransformer@316acbb5 to Target : CLASS {Lnet/minecraft/world/entity/monster/ZombieVillager;} {} {V}
[088月2026 14:53:31.170] [main/DEBUG] [cpw.mods.modlauncher.TransformStore/MODLAUNCHER]: Adding transformer net.minecraftforge.coremod.transformer.CoreModClassTransformer@316acbb5 to Target : CLASS {Lnet/minecraft/world/entity/EntityType;} {} {V}
[088月2026 14:53:31.170] [main/DEBUG] [cpw.mods.modlauncher.TransformStore/MODLAUNCHER]: Adding transformer net.minecraftforge.coremod.transformer.CoreModClassTransformer@316acbb5 to Target : CLASS {Lnet/minecraft/world/entity/animal/horse/SkeletonTrapGoal;} {} {V}
[088月2026 14:53:31.170] [main/DEBUG] [cpw.mods.modlauncher.TransformStore/MODLAUNCHER]: Adding transformer net.minecraftforge.coremod.transformer.CoreModClassTransformer@316acbb5 to Target : CLASS {Lnet/minecraft/world/level/NaturalSpawner;} {} {V}
[088月2026 14:53:31.170] [main/DEBUG] [cpw.mods.modlauncher.TransformStore/MODLAUNCHER]: Adding transformer net.minecraftforge.coremod.transformer.CoreModClassTransformer@316acbb5 to Target : CLASS {Lnet/minecraft/server/commands/RaidCommand;} {} {V}
[088月2026 14:53:31.170] [main/DEBUG] [cpw.mods.modlauncher.TransformStore/MODLAUNCHER]: Adding transformer net.minecraftforge.coremod.transformer.CoreModClassTransformer@316acbb5 to Target : CLASS {Lnet/minecraft/world/level/levelgen/structure/structures/SwampHutPiece;} {} {V}
[088月2026 14:53:31.171] [main/DEBUG] [cpw.mods.modlauncher.TransformStore/MODLAUNCHER]: Adding transformer net.minecraftforge.coremod.transformer.CoreModClassTransformer@316acbb5 to Target : CLASS {Lnet/minecraft/world/entity/monster/Spider;} {} {V}
[088月2026 14:53:31.171] [main/DEBUG] [cpw.mods.modlauncher.TransformStore/MODLAUNCHER]: Adding transformer net.minecraftforge.coremod.transformer.CoreModClassTransformer@316acbb5 to Target : CLASS {Lnet/minecraft/world/entity/ai/village/VillageSiege;} {} {V}
[088月2026 14:53:31.171] [main/DEBUG] [cpw.mods.modlauncher.TransformStore/MODLAUNCHER]: Adding transformer net.minecraftforge.coremod.transformer.CoreModClassTransformer@316acbb5 to Target : CLASS {Lnet/minecraft/world/level/levelgen/PatrolSpawner;} {} {V}
[088月2026 14:53:31.171] [main/DEBUG] [cpw.mods.modlauncher.TransformStore/MODLAUNCHER]: Adding transformer net.minecraftforge.coremod.transformer.CoreModClassTransformer@316acbb5 to Target : CLASS {Lnet/minecraft/world/entity/monster/Evoker$EvokerSummonSpellGoal;} {} {V}
[088月2026 14:53:31.171] [main/DEBUG] [cpw.mods.modlauncher.TransformStore/MODLAUNCHER]: Adding transformer net.minecraftforge.coremod.transformer.CoreModClassTransformer@316acbb5 to Target : CLASS {Lnet/minecraft/world/level/levelgen/structure/structures/WoodlandMansionPieces$WoodlandMansionPiece;} {} {V}
[088月2026 14:53:31.171] [main/DEBUG] [cpw.mods.modlauncher.TransformStore/MODLAUNCHER]: Adding transformer net.minecraftforge.coremod.transformer.CoreModClassTransformer@316acbb5 to Target : CLASS {Lnet/minecraft/server/commands/SummonCommand;} {} {V}
[088月2026 14:53:31.172] [main/DEBUG] [cpw.mods.modlauncher.TransformStore/MODLAUNCHER]: Adding transformer net.minecraftforge.coremod.transformer.CoreModClassTransformer@316acbb5 to Target : CLASS {Lnet/minecraft/world/entity/npc/Villager;} {} {V}
[088月2026 14:53:31.172] [main/DEBUG] [cpw.mods.modlauncher.TransformStore/MODLAUNCHER]: Adding transformer net.minecraftforge.coremod.transformer.CoreModClassTransformer@316acbb5 to Target : CLASS {Lnet/minecraft/world/entity/raid/Raid;} {} {V}
[088月2026 14:53:31.172] [main/DEBUG] [cpw.mods.modlauncher.TransformStore/MODLAUNCHER]: Adding transformer net.minecraftforge.coremod.transformer.CoreModClassTransformer@316acbb5 to Target : CLASS {Lnet/minecraft/world/level/levelgen/structure/templatesystem/StructureTemplate;} {} {V}
[088月2026 14:53:31.172] [main/DEBUG] [cpw.mods.modlauncher.TransformStore/MODLAUNCHER]: Adding transformer net.minecraftforge.coremod.transformer.CoreModClassTransformer@316acbb5 to Target : CLASS {Lnet/minecraft/world/entity/monster/Zombie;} {} {V}
[088月2026 14:53:31.172] [main/DEBUG] [cpw.mods.modlauncher.TransformStore/MODLAUNCHER]: Adding transformer net.minecraftforge.coremod.transformer.CoreModClassTransformer@316acbb5 to Target : CLASS {Lnet/minecraft/world/level/levelgen/structure/structures/OceanMonumentPieces$OceanMonumentPiece;} {} {V}
[088月2026 14:53:31.172] [main/DEBUG] [cpw.mods.modlauncher.TransformationServiceDecorator/MODLAUNCHER]: Initialized transformers for transformation service fml
[088月2026 14:53:32.924] [main/DEBUG] [mixin/]: Processing prepare() for PlatformAgent[MixinPlatformAgentDefault:ModLauncher Root Container(ModLauncher:4f56a0a2)]
[088月2026 14:53:32.924] [main/DEBUG] [mixin/]: Registering mixin config: epca.mixins.json
[088月2026 14:53:32.943] [main/DEBUG] [mixin/]: Compatibility level JAVA_17 specified by epca.mixins.json is higher than the maximum level supported by this version of mixin (JAVA_13).
[088月2026 14:53:32.947] [main/INFO] [mixin/]: Compatibility level set to JAVA_17
[088月2026 14:53:32.948] [main/DEBUG] [mixin/]: Processing launch tasks for PlatformAgent[MixinPlatformAgentDefault:ModLauncher Root Container(ModLauncher:4f56a0a2)]
[088月2026 14:53:32.948] [main/DEBUG] [mixin/]: Adding mixin platform agents for container SecureJarResource(minecraft)
[088月2026 14:53:32.948] [main/DEBUG] [mixin/]: Instancing new MixinPlatformAgentMinecraftForge for SecureJarResource(minecraft)
[088月2026 14:53:32.948] [main/DEBUG] [mixin/]: MixinPlatformAgentMinecraftForge rejected container SecureJarResource(minecraft)
[088月2026 14:53:32.948] [main/DEBUG] [mixin/]: Instancing new MixinPlatformAgentDefault for SecureJarResource(minecraft)
[088月2026 14:53:32.948] [main/DEBUG] [mixin/]: MixinPlatformAgentDefault accepted container SecureJarResource(minecraft)
[088月2026 14:53:32.949] [main/DEBUG] [mixin/]: Processing prepare() for PlatformAgent[MixinPlatformAgentDefault:SecureJarResource(minecraft)]
[088月2026 14:53:32.949] [main/DEBUG] [mixin/]: Adding mixin platform agents for container SecureJarResource(caerula_arbor)
[088月2026 14:53:32.949] [main/DEBUG] [mixin/]: Instancing new MixinPlatformAgentMinecraftForge for SecureJarResource(caerula_arbor)
[088月2026 14:53:32.949] [main/DEBUG] [mixin/]: MixinPlatformAgentMinecraftForge rejected container SecureJarResource(caerula_arbor)
[088月2026 14:53:32.949] [main/DEBUG] [mixin/]: Instancing new MixinPlatformAgentDefault for SecureJarResource(caerula_arbor)
[088月2026 14:53:32.949] [main/DEBUG] [mixin/]: MixinPlatformAgentDefault accepted container SecureJarResource(caerula_arbor)
[088月2026 14:53:32.949] [main/DEBUG] [mixin/]: Processing prepare() for PlatformAgent[MixinPlatformAgentDefault:SecureJarResource(caerula_arbor)]
[088月2026 14:53:32.950] [main/DEBUG] [mixin/]: Registering mixin config: mixins.caerula_arbor.json
[088月2026 14:53:32.952] [main/DEBUG] [mixin/]: Adding mixin platform agents for container SecureJarResource(epca)
[088月2026 14:53:32.952] [main/DEBUG] [mixin/]: Instancing new MixinPlatformAgentMinecraftForge for SecureJarResource(epca)
[088月2026 14:53:32.952] [main/DEBUG] [mixin/]: MixinPlatformAgentMinecraftForge rejected container SecureJarResource(epca)
[088月2026 14:53:32.952] [main/DEBUG] [mixin/]: Instancing new MixinPlatformAgentDefault for SecureJarResource(epca)
[088月2026 14:53:32.953] [main/DEBUG] [mixin/]: MixinPlatformAgentDefault accepted container SecureJarResource(epca)
[088月2026 14:53:32.953] [main/DEBUG] [mixin/]: Processing prepare() for PlatformAgent[MixinPlatformAgentDefault:SecureJarResource(epca)]
[088月2026 14:53:32.953] [main/DEBUG] [mixin/]: Registering mixin config: epca.mixins.json
[088月2026 14:53:32.953] [main/DEBUG] [mixin/]: Adding mixin platform agents for container SecureJarResource(jade)
[088月2026 14:53:32.953] [main/DEBUG] [mixin/]: Instancing new MixinPlatformAgentMinecraftForge for SecureJarResource(jade)
[088月2026 14:53:32.953] [main/DEBUG] [mixin/]: MixinPlatformAgentMinecraftForge rejected container SecureJarResource(jade)
[088月2026 14:53:32.953] [main/DEBUG] [mixin/]: Instancing new MixinPlatformAgentDefault for SecureJarResource(jade)
[088月2026 14:53:32.953] [main/DEBUG] [mixin/]: MixinPlatformAgentDefault accepted container SecureJarResource(jade)
[088月2026 14:53:32.954] [main/DEBUG] [mixin/]: Processing prepare() for PlatformAgent[MixinPlatformAgentDefault:SecureJarResource(jade)]
[088月2026 14:53:32.954] [main/DEBUG] [mixin/]: Registering mixin config: jade.mixins.json
[088月2026 14:53:32.956] [main/DEBUG] [mixin/]: Compatibility level JAVA_16 specified by jade.mixins.json is higher than the maximum level supported by this version of mixin (JAVA_13).
[088月2026 14:53:32.956] [main/DEBUG] [mixin/]: Adding mixin platform agents for container SecureJarResource(geckolib)
[088月2026 14:53:32.956] [main/DEBUG] [mixin/]: Instancing new MixinPlatformAgentMinecraftForge for SecureJarResource(geckolib)
[088月2026 14:53:32.956] [main/DEBUG] [mixin/]: MixinPlatformAgentMinecraftForge rejected container SecureJarResource(geckolib)
[088月2026 14:53:32.957] [main/DEBUG] [mixin/]: Instancing new MixinPlatformAgentDefault for SecureJarResource(geckolib)
[088月2026 14:53:32.957] [main/DEBUG] [mixin/]: MixinPlatformAgentDefault accepted container SecureJarResource(geckolib)
[088月2026 14:53:32.957] [main/DEBUG] [mixin/]: Processing prepare() for PlatformAgent[MixinPlatformAgentDefault:SecureJarResource(geckolib)]
[088月2026 14:53:32.957] [main/DEBUG] [mixin/]: Registering mixin config: geckolib.mixins.json
[088月2026 14:53:32.959] [main/DEBUG] [mixin/]: Adding mixin platform agents for container SecureJarResource(awcapi)
[088月2026 14:53:32.960] [main/DEBUG] [mixin/]: Instancing new MixinPlatformAgentMinecraftForge for SecureJarResource(awcapi)
[088月2026 14:53:32.960] [main/DEBUG] [mixin/]: MixinPlatformAgentMinecraftForge rejected container SecureJarResource(awcapi)
[088月2026 14:53:32.960] [main/DEBUG] [mixin/]: Instancing new MixinPlatformAgentDefault for SecureJarResource(awcapi)
[088月2026 14:53:32.960] [main/DEBUG] [mixin/]: MixinPlatformAgentDefault accepted container SecureJarResource(awcapi)
[088月2026 14:53:32.960] [main/DEBUG] [mixin/]: Processing prepare() for PlatformAgent[MixinPlatformAgentDefault:SecureJarResource(awcapi)]
[088月2026 14:53:32.961] [main/DEBUG] [mixin/]: Adding mixin platform agents for container SecureJarResource(ldlib)
[088月2026 14:53:32.961] [main/DEBUG] [mixin/]: Instancing new MixinPlatformAgentMinecraftForge for SecureJarResource(ldlib)
[088月2026 14:53:32.961] [main/DEBUG] [mixin/]: MixinPlatformAgentMinecraftForge rejected container SecureJarResource(ldlib)
[088月2026 14:53:32.961] [main/DEBUG] [mixin/]: Instancing new MixinPlatformAgentDefault for SecureJarResource(ldlib)
[088月2026 14:53:32.961] [main/DEBUG] [mixin/]: MixinPlatformAgentDefault accepted container SecureJarResource(ldlib)
[088月2026 14:53:32.962] [main/DEBUG] [mixin/]: Processing prepare() for PlatformAgent[MixinPlatformAgentDefault:SecureJarResource(ldlib)]
[088月2026 14:53:32.962] [main/DEBUG] [mixin/]: Registering mixin config: ldlib-common.mixins.json
[088月2026 14:53:32.964] [main/DEBUG] [mixin/]: Registering mixin config: ldlib.mixins.json
[088月2026 14:53:32.966] [main/DEBUG] [mixin/]: Adding mixin platform agents for container SecureJarResource(photon)
[088月2026 14:53:32.967] [main/DEBUG] [mixin/]: Instancing new MixinPlatformAgentMinecraftForge for SecureJarResource(photon)
[088月2026 14:53:32.967] [main/DEBUG] [mixin/]: MixinPlatformAgentMinecraftForge rejected container SecureJarResource(photon)
[088月2026 14:53:32.967] [main/DEBUG] [mixin/]: Instancing new MixinPlatformAgentDefault for SecureJarResource(photon)
[088月2026 14:53:32.967] [main/DEBUG] [mixin/]: MixinPlatformAgentDefault accepted container SecureJarResource(photon)
[088月2026 14:53:32.967] [main/DEBUG] [mixin/]: Processing prepare() for PlatformAgent[MixinPlatformAgentDefault:SecureJarResource(photon)]
[088月2026 14:53:32.967] [main/DEBUG] [mixin/]: Registering mixin config: photon-common.mixins.json
[088月2026 14:53:32.969] [main/DEBUG] [mixin/]: Registering mixin config: photon.mixins.json
[088月2026 14:53:32.971] [main/DEBUG] [mixin/]: Adding mixin platform agents for container SecureJarResource(forge)
[088月2026 14:53:32.972] [main/DEBUG] [mixin/]: Instancing new MixinPlatformAgentMinecraftForge for SecureJarResource(forge)
[088月2026 14:53:32.972] [main/DEBUG] [mixin/]: MixinPlatformAgentMinecraftForge rejected container SecureJarResource(forge)
[088月2026 14:53:32.972] [main/DEBUG] [mixin/]: Instancing new MixinPlatformAgentDefault for SecureJarResource(forge)
[088月2026 14:53:32.972] [main/DEBUG] [mixin/]: MixinPlatformAgentDefault accepted container SecureJarResource(forge)
[088月2026 14:53:32.972] [main/DEBUG] [mixin/]: Processing prepare() for PlatformAgent[MixinPlatformAgentDefault:SecureJarResource(forge)]
[088月2026 14:53:32.972] [main/DEBUG] [mixin/]: Adding mixin platform agents for container SecureJarResource(yawning_neko_api)
[088月2026 14:53:32.972] [main/DEBUG] [mixin/]: Instancing new MixinPlatformAgentMinecraftForge for SecureJarResource(yawning_neko_api)
[088月2026 14:53:32.973] [main/DEBUG] [mixin/]: MixinPlatformAgentMinecraftForge rejected container SecureJarResource(yawning_neko_api)
[088月2026 14:53:32.973] [main/DEBUG] [mixin/]: Instancing new MixinPlatformAgentDefault for SecureJarResource(yawning_neko_api)
[088月2026 14:53:32.973] [main/DEBUG] [mixin/]: MixinPlatformAgentDefault accepted container SecureJarResource(yawning_neko_api)
[088月2026 14:53:32.973] [main/DEBUG] [mixin/]: Processing prepare() for PlatformAgent[MixinPlatformAgentDefault:SecureJarResource(yawning_neko_api)]
[088月2026 14:53:32.973] [main/DEBUG] [mixin/]: Registering mixin config: yawning_neko_api.mixins.json
[088月2026 14:53:32.975] [main/DEBUG] [mixin/]: Compatibility level JAVA_8 specified by yawning_neko_api.mixins.json is lower than the default level supported by the current mixin service (JAVA_16).
[088月2026 14:53:32.976] [main/DEBUG] [mixin/]: Adding mixin platform agents for container SecureJarResource(patchouli)
[088月2026 14:53:32.976] [main/DEBUG] [mixin/]: Instancing new MixinPlatformAgentMinecraftForge for SecureJarResource(patchouli)
[088月2026 14:53:32.976] [main/DEBUG] [mixin/]: MixinPlatformAgentMinecraftForge rejected container SecureJarResource(patchouli)
[088月2026 14:53:32.976] [main/DEBUG] [mixin/]: Instancing new MixinPlatformAgentDefault for SecureJarResource(patchouli)
[088月2026 14:53:32.976] [main/DEBUG] [mixin/]: MixinPlatformAgentDefault accepted container SecureJarResource(patchouli)
[088月2026 14:53:32.977] [main/DEBUG] [mixin/]: Processing prepare() for PlatformAgent[MixinPlatformAgentDefault:SecureJarResource(patchouli)]
[088月2026 14:53:32.977] [main/DEBUG] [mixin/]: Registering mixin config: patchouli_xplat.mixins.json
[088月2026 14:53:32.979] [main/DEBUG] [mixin/]: Adding mixin platform agents for container SecureJarResource(mclib)
[088月2026 14:53:32.979] [main/DEBUG] [mixin/]: Instancing new MixinPlatformAgentMinecraftForge for SecureJarResource(mclib)
[088月2026 14:53:32.979] [main/DEBUG] [mixin/]: MixinPlatformAgentMinecraftForge rejected container SecureJarResource(mclib)
[088月2026 14:53:32.979] [main/DEBUG] [mixin/]: Instancing new MixinPlatformAgentDefault for SecureJarResource(mclib)
[088月2026 14:53:32.979] [main/DEBUG] [mixin/]: MixinPlatformAgentDefault accepted container SecureJarResource(mclib)
[088月2026 14:53:32.980] [main/DEBUG] [mixin/]: Processing prepare() for PlatformAgent[MixinPlatformAgentDefault:SecureJarResource(mclib)]
[088月2026 14:53:32.980] [main/DEBUG] [mixin/]: Adding mixin platform agents for container SecureJarResource(mixinextras)
[088月2026 14:53:32.980] [main/DEBUG] [mixin/]: Instancing new MixinPlatformAgentMinecraftForge for SecureJarResource(mixinextras)
[088月2026 14:53:32.980] [main/DEBUG] [mixin/]: MixinPlatformAgentMinecraftForge rejected container SecureJarResource(mixinextras)
[088月2026 14:53:32.980] [main/DEBUG] [mixin/]: Instancing new MixinPlatformAgentDefault for SecureJarResource(mixinextras)
[088月2026 14:53:32.981] [main/DEBUG] [mixin/]: MixinPlatformAgentDefault accepted container SecureJarResource(mixinextras)
[088月2026 14:53:32.982] [main/DEBUG] [mixin/]: Processing prepare() for PlatformAgent[MixinPlatformAgentDefault:SecureJarResource(mixinextras)]
[088月2026 14:53:32.982] [main/DEBUG] [mixin/]: Registering mixin config: mixinextras.init.mixins.json
[088月2026 14:53:32.984] [main/DEBUG] [mixin/]: Adding mixin platform agents for container SecureJarResource(MixinExtras)
[088月2026 14:53:32.985] [main/DEBUG] [mixin/]: Instancing new MixinPlatformAgentMinecraftForge for SecureJarResource(MixinExtras)
[088月2026 14:53:32.985] [main/DEBUG] [mixin/]: MixinPlatformAgentMinecraftForge rejected container SecureJarResource(MixinExtras)
[088月2026 14:53:32.985] [main/DEBUG] [mixin/]: Instancing new MixinPlatformAgentDefault for SecureJarResource(MixinExtras)
[088月2026 14:53:32.986] [main/DEBUG] [mixin/]: MixinPlatformAgentDefault accepted container SecureJarResource(MixinExtras)
[088月2026 14:53:32.986] [main/DEBUG] [mixin/]: Processing prepare() for PlatformAgent[MixinPlatformAgentDefault:SecureJarResource(MixinExtras)]
[088月2026 14:53:32.986] [main/DEBUG] [mixin/]: Adding mixin platform agents for container SecureJarResource(Registrate)
[088月2026 14:53:32.986] [main/DEBUG] [mixin/]: Instancing new MixinPlatformAgentMinecraftForge for SecureJarResource(Registrate)
[088月2026 14:53:32.986] [main/DEBUG] [mixin/]: MixinPlatformAgentMinecraftForge rejected container SecureJarResource(Registrate)
[088月2026 14:53:32.986] [main/DEBUG] [mixin/]: Instancing new MixinPlatformAgentDefault for SecureJarResource(Registrate)
[088月2026 14:53:32.987] [main/DEBUG] [mixin/]: MixinPlatformAgentDefault accepted container SecureJarResource(Registrate)
[088月2026 14:53:32.987] [main/DEBUG] [mixin/]: Processing prepare() for PlatformAgent[MixinPlatformAgentDefault:SecureJarResource(Registrate)]
[088月2026 14:53:32.987] [main/DEBUG] [mixin/]: inject() running with 16 agents
[088月2026 14:53:32.987] [main/DEBUG] [mixin/]: Processing inject() for PlatformAgent[MixinPlatformAgentDefault:ModLauncher Root Container(ModLauncher:4f56a0a2)]
[088月2026 14:53:32.987] [main/DEBUG] [mixin/]: Processing inject() for PlatformAgent[MixinPlatformAgentDefault:SecureJarResource(minecraft)]
[088月2026 14:53:32.988] [main/DEBUG] [mixin/]: Processing inject() for PlatformAgent[MixinPlatformAgentDefault:SecureJarResource(caerula_arbor)]
[088月2026 14:53:32.988] [main/DEBUG] [mixin/]: Processing inject() for PlatformAgent[MixinPlatformAgentDefault:SecureJarResource(epca)]
[088月2026 14:53:32.988] [main/DEBUG] [mixin/]: Processing inject() for PlatformAgent[MixinPlatformAgentDefault:SecureJarResource(jade)]
[088月2026 14:53:32.988] [main/DEBUG] [mixin/]: Processing inject() for PlatformAgent[MixinPlatformAgentDefault:SecureJarResource(geckolib)]
[088月2026 14:53:32.988] [main/DEBUG] [mixin/]: Processing inject() for PlatformAgent[MixinPlatformAgentDefault:SecureJarResource(awcapi)]
[088月2026 14:53:32.988] [main/DEBUG] [mixin/]: Processing inject() for PlatformAgent[MixinPlatformAgentDefault:SecureJarResource(ldlib)]
[088月2026 14:53:32.989] [main/DEBUG] [mixin/]: Processing inject() for PlatformAgent[MixinPlatformAgentDefault:SecureJarResource(photon)]
[088月2026 14:53:32.989] [main/DEBUG] [mixin/]: Processing inject() for PlatformAgent[MixinPlatformAgentDefault:SecureJarResource(forge)]
[088月2026 14:53:32.989] [main/DEBUG] [mixin/]: Processing inject() for PlatformAgent[MixinPlatformAgentDefault:SecureJarResource(yawning_neko_api)]
[088月2026 14:53:32.989] [main/DEBUG] [mixin/]: Processing inject() for PlatformAgent[MixinPlatformAgentDefault:SecureJarResource(patchouli)]
[088月2026 14:53:32.989] [main/DEBUG] [mixin/]: Processing inject() for PlatformAgent[MixinPlatformAgentDefault:SecureJarResource(mclib)]
[088月2026 14:53:32.989] [main/DEBUG] [mixin/]: Processing inject() for PlatformAgent[MixinPlatformAgentDefault:SecureJarResource(mixinextras)]
[088月2026 14:53:32.989] [main/DEBUG] [mixin/]: Processing inject() for PlatformAgent[MixinPlatformAgentDefault:SecureJarResource(MixinExtras)]
[088月2026 14:53:32.989] [main/DEBUG] [mixin/]: Processing inject() for PlatformAgent[MixinPlatformAgentDefault:SecureJarResource(Registrate)]
[088月2026 14:53:32.990] [main/INFO] [cpw.mods.modlauncher.LaunchServiceHandler/MODLAUNCHER]: Launching target 'forgegametestserveruserdev' with arguments [--gameDir, .]
[088月2026 14:53:33.127] [main/DEBUG] [mixin/]: Error cleaning class output directory: .mixin.out
[088月2026 14:53:33.130] [main/DEBUG] [mixin/]: Preparing mixins for MixinEnvironment[DEFAULT]
[088月2026 14:53:33.131] [main/DEBUG] [mixin/]: Selecting config epca.mixins.json
[088月2026 14:53:33.137] [main/WARN] [mixin/]: Reference map 'epca.refmap.json' for epca.mixins.json could not be read. If this is a development environment you can ignore this message
[088月2026 14:53:33.140] [main/DEBUG] [mixin/]: Selecting config mixins.caerula_arbor.json
[088月2026 14:53:33.626] [main/INFO] [mixin/]: Remapping refMap mixins.caerula_arbor.refmap.json using G:\epca\epca\build\createSrgToMcp\output.srg
[088月2026 14:53:33.626] [main/DEBUG] [mixin/]: Selecting config jade.mixins.json
[088月2026 14:53:33.628] [main/INFO] [mixin/]: Remapping refMap jade.refmap.json using G:\epca\epca\build\createSrgToMcp\output.srg
[088月2026 14:53:33.628] [main/DEBUG] [mixin/]: Selecting config geckolib.mixins.json
[088月2026 14:53:33.629] [main/INFO] [mixin/]: Remapping refMap geckolib.refmap.json using G:\epca\epca\build\createSrgToMcp\output.srg
[088月2026 14:53:33.630] [main/DEBUG] [mixin/]: Selecting config ldlib-common.mixins.json
[088月2026 14:53:33.645] [main/INFO] [mixin/]: Remapping refMap ldlib-common-1.20.1-ldlib-common-refmap.json using G:\epca\epca\build\createSrgToMcp\output.srg
[088月2026 14:53:33.645] [main/DEBUG] [mixin/]: Selecting config ldlib.mixins.json
[088月2026 14:53:33.648] [main/INFO] [mixin/]: Remapping refMap ldlib-forge-1.20.1-ldlib-forge-refmap.json using G:\epca\epca\build\createSrgToMcp\output.srg
[088月2026 14:53:33.648] [main/DEBUG] [mixin/]: Selecting config photon-common.mixins.json
[088月2026 14:53:33.650] [main/INFO] [mixin/]: Remapping refMap photon-common-1.20.1-photon-common-refmap.json using G:\epca\epca\build\createSrgToMcp\output.srg
[088月2026 14:53:33.650] [main/DEBUG] [mixin/]: Selecting config photon.mixins.json
[088月2026 14:53:33.653] [main/INFO] [mixin/]: Remapping refMap photon-forge-1.20.1-photon-forge-refmap.json using G:\epca\epca\build\createSrgToMcp\output.srg
[088月2026 14:53:33.653] [main/DEBUG] [mixin/]: Selecting config yawning_neko_api.mixins.json
[088月2026 14:53:33.656] [main/WARN] [mixin/]: Reference map 'yawning_neko_api.refmap.json' for yawning_neko_api.mixins.json could not be read. If this is a development environment you can ignore this message
[088月2026 14:53:33.656] [main/DEBUG] [mixin/]: Selecting config patchouli_xplat.mixins.json
[088月2026 14:53:33.658] [main/INFO] [mixin/]: Remapping refMap patchouli.refmap.json using G:\epca\epca\build\createSrgToMcp\output.srg
[088月2026 14:53:33.658] [main/DEBUG] [mixin/]: Selecting config mixinextras.init.mixins.json
[088月2026 14:53:33.688] [main/DEBUG] [MixinExtras|Service/]: com.llamalad7.mixinextras.service.MixinExtrasServiceImpl(version=0.3.5) is taking over from null
[088月2026 14:53:33.721] [main/DEBUG] [mixin/]: Registering new injector for @Inject with org.spongepowered.asm.mixin.injection.struct.CallbackInjectionInfo
[088月2026 14:53:33.723] [main/DEBUG] [mixin/]: Registering new injector for @ModifyArg with org.spongepowered.asm.mixin.injection.struct.ModifyArgInjectionInfo
[088月2026 14:53:33.725] [main/DEBUG] [mixin/]: Registering new injector for @ModifyArgs with org.spongepowered.asm.mixin.injection.struct.ModifyArgsInjectionInfo
[088月2026 14:53:33.726] [main/DEBUG] [mixin/]: Registering new injector for @Redirect with org.spongepowered.asm.mixin.injection.struct.RedirectInjectionInfo
[088月2026 14:53:33.728] [main/DEBUG] [mixin/]: Registering new injector for @ModifyVariable with org.spongepowered.asm.mixin.injection.struct.ModifyVariableInjectionInfo
[088月2026 14:53:33.729] [main/DEBUG] [mixin/]: Registering new injector for @ModifyConstant with org.spongepowered.asm.mixin.injection.struct.ModifyConstantInjectionInfo
[088月2026 14:53:33.748] [main/DEBUG] [mixin/]: Preparing epca.mixins.json (12)
[088月2026 14:53:33.833] [main/DEBUG] [mixin/]: Preparing mixins.caerula_arbor.json (2)
[088月2026 14:53:33.834] [main/DEBUG] [mixin/]: Preparing jade.mixins.json (2)
[088月2026 14:53:33.834] [main/DEBUG] [mixin/]: Preparing geckolib.mixins.json (3)
[088月2026 14:53:33.842] [main/DEBUG] [net.minecraftforge.coremod.transformer.CoreModBaseTransformer/COREMOD]: Transforming net/minecraft/world/item/ItemStack
[088月2026 14:53:33.880] [main/DEBUG] [mixin/]: Preparing ldlib-common.mixins.json (29)
[088月2026 14:53:33.935] [main/DEBUG] [mixin/]: Preparing ldlib.mixins.json (3)
[088月2026 14:53:33.936] [main/DEBUG] [mixin/]: Preparing photon-common.mixins.json (5)
[088月2026 14:53:33.937] [main/DEBUG] [mixin/]: Preparing photon.mixins.json (3)
[088月2026 14:53:33.937] [main/DEBUG] [mixin/]: Preparing yawning_neko_api.mixins.json (0)
[088月2026 14:53:33.937] [main/DEBUG] [mixin/]: Preparing patchouli_xplat.mixins.json (10)
[088月2026 14:53:33.940] [main/DEBUG] [mixin/]: Preparing mixinextras.init.mixins.json (0)
[088月2026 14:53:33.964] [main/DEBUG] [mixin/]: Prepared 20 mixins in 0.832 sec (41.6ms avg) (0ms load, 0ms transform, 0ms plugin)
[088月2026 14:53:34.193] [main/DEBUG] [io.netty.util.internal.logging.InternalLoggerFactory/]: Using SLF4J as the default logging framework
[088月2026 14:53:34.196] [main/DEBUG] [io.netty.util.ResourceLeakDetector/]: -Dio.netty.leakDetection.level: simple
[088月2026 14:53:34.197] [main/DEBUG] [io.netty.util.ResourceLeakDetector/]: -Dio.netty.leakDetection.targetRecords: 4
[088月2026 14:53:34.452] [main/DEBUG] [oshi.util.FileUtil/]: No oshi.properties file found from ClassLoader cpw.mods.modlauncher.TransformingClassLoader@4baed682
[088月2026 14:53:34.754] [main/DEBUG] [oshi.util.FileUtil/]: No oshi.architecture.properties file found from ClassLoader cpw.mods.modlauncher.TransformingClassLoader@4baed682
[088月2026 14:53:35.791] [main/INFO] [MixinExtras|Service/]: Initializing MixinExtras via com.llamalad7.mixinextras.service.MixinExtrasServiceImpl(version=0.3.5).
[088月2026 14:53:35.791] [main/DEBUG] [mixin/]: Registering new injector for @SugarWrapper with com.llamalad7.mixinextras.sugar.impl.SugarWrapperInjectionInfo
[088月2026 14:53:35.792] [main/DEBUG] [mixin/]: Registering new injector for @FactoryRedirectWrapper with com.llamalad7.mixinextras.wrapper.factory.FactoryRedirectWrapperInjectionInfo
[088月2026 14:53:35.797] [main/DEBUG] [mixin/]: Mixing accessor.EntityAccessor from ldlib-common.mixins.json into net.minecraft.world.entity.Entity
[088月2026 14:53:35.881] [main/DEBUG] [mixin/]: Mixing common.LivingEntityMixin from epca.mixins.json into net.minecraft.world.entity.LivingEntity
[088月2026 14:53:35.883] [main/DEBUG] [mixin/]: Renaming synthetic method lambda$static$0()Ljava/lang/Boolean; to md3c6478$lambda$static$0$0 in epca.mixins.json:common.LivingEntityMixin
[088月2026 14:53:35.886] [main/DEBUG] [net.minecraftforge.coremod.transformer.CoreModBaseTransformer/COREMOD]: Transforming net/minecraft/world/effect/MobEffectInstance
[088月2026 14:53:35.953] [main/DEBUG] [mixin/]: Mixing AddEffectMixinMixin from mixins.caerula_arbor.json into net.minecraft.world.entity.LivingEntity
[088月2026 14:53:36.176] [main/DEBUG] [net.minecraftforge.coremod.transformer.CoreModBaseTransformer/COREMOD]: Transforming net/minecraft/world/entity/EntityType
[088月2026 14:53:36.701] [main/DEBUG] [net.minecraftforge.coremod.transformer.CoreModBaseTransformer/COREMOD]: Transforming net/minecraft/world/level/block/LiquidBlock
[088月2026 14:53:36.746] [main/DEBUG] [net.minecraftforge.coremod.transformer.CoreModBaseTransformer/COREMOD]: Transforming net/minecraft/world/level/block/StairBlock
[088月2026 14:53:36.821] [main/DEBUG] [net.minecraftforge.coremod.transformer.CoreModBaseTransformer/COREMOD]: Transforming net/minecraft/world/level/block/FlowerPotBlock
[088月2026 14:53:36.904] [main/DEBUG] [mixin/]: Mixing common.PointedDripstoneBlockMixin from epca.mixins.json into net.minecraft.world.level.block.PointedDripstoneBlock
[088月2026 14:53:37.050] [main/DEBUG] [mixin/]: Mixing BlockEntityMixin from ldlib-common.mixins.json into net.minecraft.world.level.block.entity.BlockEntity
[088月2026 14:53:37.554] [main/DEBUG] [mixin/]: Mixing common.AbstractContainerMenuMixin from geckolib.mixins.json into net.minecraft.world.inventory.AbstractContainerMenu
[088月2026 14:53:37.557] [main/DEBUG] [mixin/]: Mixing accessor.AbstractContainerMenuAccessor from ldlib-common.mixins.json into net.minecraft.world.inventory.AbstractContainerMenu
[088月2026 14:53:37.612] [main/DEBUG] [mixin/]: Mixing common.AbstractFurnaceBlockEntityMixin from epca.mixins.json into net.minecraft.world.level.block.entity.AbstractFurnaceBlockEntity
[088月2026 14:53:37.722] [main/DEBUG] [mixin/]: Mixing common.MobMixin from epca.mixins.json into net.minecraft.world.entity.Mob
[088月2026 14:53:37.809] [main/DEBUG] [mixin/]: Mixing common.EnchantmentMenuMixin from epca.mixins.json into net.minecraft.world.inventory.EnchantmentMenu
[088月2026 14:53:37.832] [main/DEBUG] [net.minecraftforge.coremod.transformer.CoreModBaseTransformer/COREMOD]: Transforming net/minecraft/world/item/ItemStack
[088月2026 14:53:37.834] [main/DEBUG] [mixin/]: Mixing common.ItemStackMixin from geckolib.mixins.json into net.minecraft.world.item.ItemStack
[088月2026 14:53:38.552] [main/DEBUG] [net.minecraftforge.coremod.transformer.CoreModBaseTransformer/COREMOD]: Transforming net/minecraft/world/entity/animal/frog/Tadpole
[088月2026 14:53:38.613] [main/DEBUG] [net.minecraftforge.coremod.transformer.CoreModBaseTransformer/COREMOD]: Transforming net/minecraft/world/item/BucketItem
[088月2026 14:53:39.940] [main/DEBUG] [net.minecraftforge.coremod.transformer.CoreModBaseTransformer/COREMOD]: Transforming net/minecraft/world/entity/monster/Spider
[088月2026 14:53:40.018] [main/DEBUG] [net.minecraftforge.coremod.transformer.CoreModBaseTransformer/COREMOD]: Transforming net/minecraft/world/entity/monster/Zombie
[088月2026 14:53:40.077] [main/DEBUG] [net.minecraftforge.coremod.transformer.CoreModBaseTransformer/COREMOD]: Transforming net/minecraft/world/entity/monster/ZombieVillager
[088月2026 14:53:40.147] [main/DEBUG] [net.minecraftforge.coremod.transformer.CoreModBaseTransformer/COREMOD]: Transforming net/minecraft/world/entity/monster/Evoker$EvokerSummonSpellGoal
[088月2026 14:53:40.335] [main/DEBUG] [net.minecraftforge.coremod.transformer.CoreModBaseTransformer/COREMOD]: Transforming net/minecraft/world/entity/animal/horse/SkeletonTrapGoal
[088月2026 14:53:40.360] [main/DEBUG] [net.minecraftforge.coremod.transformer.CoreModBaseTransformer/COREMOD]: Transforming net/minecraft/world/entity/monster/Strider
[088月2026 14:53:40.488] [main/DEBUG] [mixin/]: Mixing accessor.ServerPlayerAccessor from ldlib-common.mixins.json into net.minecraft.server.level.ServerPlayer
[088月2026 14:53:40.569] [main/DEBUG] [net.minecraftforge.coremod.transformer.CoreModBaseTransformer/COREMOD]: Transforming net/minecraft/world/entity/npc/Villager
[088月2026 14:53:40.656] [main/DEBUG] [mixin/]: Mixing common.AbstractVillagerMixin from epca.mixins.json into net.minecraft.world.entity.npc.AbstractVillager
[088月2026 14:53:40.728] [main/DEBUG] [net.minecraftforge.coremod.transformer.CoreModBaseTransformer/COREMOD]: Transforming net/minecraft/world/effect/MobEffectInstance
[088月2026 14:53:40.977] [main/DEBUG] [mixin/]: Mixing accessor.SlotAccessor from ldlib-common.mixins.json into net.minecraft.world.inventory.Slot
[088月2026 14:53:41.455] [main/DEBUG] [net.minecraftforge.coremod.transformer.CoreModBaseTransformer/COREMOD]: Transforming net/minecraft/world/level/levelgen/structure/Structure
[088月2026 14:53:41.491] [main/DEBUG] [net.minecraftforge.coremod.transformer.CoreModBaseTransformer/COREMOD]: Transforming net/minecraft/world/level/levelgen/structure/structures/OceanRuinPieces$OceanRuinPiece
[088月2026 14:53:41.504] [main/DEBUG] [net.minecraftforge.coremod.transformer.CoreModBaseTransformer/COREMOD]: Transforming net/minecraft/world/level/levelgen/structure/structures/SwampHutPiece
[088月2026 14:53:41.519] [main/DEBUG] [net.minecraftforge.coremod.transformer.CoreModBaseTransformer/COREMOD]: Transforming net/minecraft/world/level/levelgen/structure/structures/OceanMonumentPieces$OceanMonumentPiece
[088月2026 14:53:41.540] [main/DEBUG] [net.minecraftforge.coremod.transformer.CoreModBaseTransformer/COREMOD]: Transforming net/minecraft/world/level/levelgen/structure/structures/WoodlandMansionPieces$WoodlandMansionPiece
[088月2026 14:53:41.641] [main/DEBUG] [net.minecraftforge.coremod.transformer.CoreModBaseTransformer/COREMOD]: Transforming net/minecraft/world/level/biome/Biome
[088月2026 14:53:41.844] [main/DEBUG] [net.minecraftforge.registries.GameData/REGISTRIES]: Creating vanilla freeze snapshot
[088月2026 14:53:41.846] [main/DEBUG] [net.minecraftforge.registries.ForgeRegistry/REGISTRIES]: Registry minecraft:block Sync: VANILLA -> ACTIVE
[088月2026 14:53:41.863] [main/DEBUG] [net.minecraftforge.registries.ForgeRegistry/REGISTRIES]: Registry minecraft:fluid Sync: VANILLA -> ACTIVE
[088月2026 14:53:41.863] [main/DEBUG] [net.minecraftforge.registries.ForgeRegistry/REGISTRIES]: Registry minecraft:item Sync: VANILLA -> ACTIVE
[088月2026 14:53:41.876] [main/DEBUG] [net.minecraftforge.registries.ForgeRegistry/REGISTRIES]: Registry minecraft:mob_effect Sync: VANILLA -> ACTIVE
[088月2026 14:53:41.877] [main/DEBUG] [net.minecraftforge.registries.ForgeRegistry/REGISTRIES]: Registry minecraft:sound_event Sync: VANILLA -> ACTIVE
[088月2026 14:53:41.892] [main/DEBUG] [net.minecraftforge.registries.ForgeRegistry/REGISTRIES]: Registry minecraft:potion Sync: VANILLA -> ACTIVE
[088月2026 14:53:41.893] [main/DEBUG] [net.minecraftforge.registries.ForgeRegistry/REGISTRIES]: Registry minecraft:enchantment Sync: VANILLA -> ACTIVE
[088月2026 14:53:41.893] [main/DEBUG] [net.minecraftforge.registries.ForgeRegistry/REGISTRIES]: Registry minecraft:entity_type Sync: VANILLA -> ACTIVE
[088月2026 14:53:41.895] [main/DEBUG] [net.minecraftforge.registries.ForgeRegistry/REGISTRIES]: Registry minecraft:block_entity_type Sync: VANILLA -> ACTIVE
[088月2026 14:53:41.896] [main/DEBUG] [net.minecraftforge.registries.ForgeRegistry/REGISTRIES]: Registry minecraft:particle_type Sync: VANILLA -> ACTIVE
[088月2026 14:53:41.897] [main/DEBUG] [net.minecraftforge.registries.ForgeRegistry/REGISTRIES]: Registry minecraft:menu Sync: VANILLA -> ACTIVE
[088月2026 14:53:41.897] [main/DEBUG] [net.minecraftforge.registries.ForgeRegistry/REGISTRIES]: Registry minecraft:painting_variant Sync: VANILLA -> ACTIVE
[088月2026 14:53:41.898] [main/DEBUG] [net.minecraftforge.registries.ForgeRegistry/REGISTRIES]: Registry minecraft:recipe_type Sync: VANILLA -> ACTIVE
[088月2026 14:53:41.898] [main/DEBUG] [net.minecraftforge.registries.ForgeRegistry/REGISTRIES]: Registry minecraft:recipe_serializer Sync: VANILLA -> ACTIVE
[088月2026 14:53:41.898] [main/DEBUG] [net.minecraftforge.registries.ForgeRegistry/REGISTRIES]: Registry minecraft:attribute Sync: VANILLA -> ACTIVE
[088月2026 14:53:41.899] [main/DEBUG] [net.minecraftforge.registries.ForgeRegistry/REGISTRIES]: Registry minecraft:stat_type Sync: VANILLA -> ACTIVE
[088月2026 14:53:41.899] [main/DEBUG] [net.minecraftforge.registries.ForgeRegistry/REGISTRIES]: Registry minecraft:command_argument_type Sync: VANILLA -> ACTIVE
[088月2026 14:53:41.900] [main/DEBUG] [net.minecraftforge.registries.ForgeRegistry/REGISTRIES]: Registry minecraft:villager_profession Sync: VANILLA -> ACTIVE
[088月2026 14:53:41.900] [main/DEBUG] [net.minecraftforge.registries.ForgeRegistry/REGISTRIES]: Registry minecraft:point_of_interest_type Sync: VANILLA -> ACTIVE
[088月2026 14:53:41.904] [main/DEBUG] [net.minecraftforge.registries.ForgeRegistry/REGISTRIES]: Registry minecraft:memory_module_type Sync: VANILLA -> ACTIVE
[088月2026 14:53:41.905] [main/DEBUG] [net.minecraftforge.registries.ForgeRegistry/REGISTRIES]: Registry minecraft:sensor_type Sync: VANILLA -> ACTIVE
[088月2026 14:53:41.905] [main/DEBUG] [net.minecraftforge.registries.ForgeRegistry/REGISTRIES]: Registry minecraft:schedule Sync: VANILLA -> ACTIVE
[088月2026 14:53:41.905] [main/DEBUG] [net.minecraftforge.registries.ForgeRegistry/REGISTRIES]: Registry minecraft:activity Sync: VANILLA -> ACTIVE
[088月2026 14:53:41.906] [main/DEBUG] [net.minecraftforge.registries.ForgeRegistry/REGISTRIES]: Registry minecraft:worldgen/carver Sync: VANILLA -> ACTIVE
[088月2026 14:53:41.906] [main/DEBUG] [net.minecraftforge.registries.ForgeRegistry/REGISTRIES]: Registry minecraft:worldgen/feature Sync: VANILLA -> ACTIVE
[088月2026 14:53:41.908] [main/DEBUG] [net.minecraftforge.registries.ForgeRegistry/REGISTRIES]: Registry minecraft:chunk_status Sync: VANILLA -> ACTIVE
[088月2026 14:53:41.908] [main/DEBUG] [net.minecraftforge.registries.ForgeRegistry/REGISTRIES]: Registry minecraft:worldgen/block_state_provider_type Sync: VANILLA -> ACTIVE
[088月2026 14:53:41.909] [main/DEBUG] [net.minecraftforge.registries.ForgeRegistry/REGISTRIES]: Registry minecraft:worldgen/foliage_placer_type Sync: VANILLA -> ACTIVE
[088月2026 14:53:41.909] [main/DEBUG] [net.minecraftforge.registries.ForgeRegistry/REGISTRIES]: Registry minecraft:worldgen/tree_decorator_type Sync: VANILLA -> ACTIVE
[088月2026 14:53:41.909] [main/DEBUG] [net.minecraftforge.registries.ForgeRegistry/REGISTRIES]: Registry minecraft:worldgen/biome Sync: VANILLA -> ACTIVE
[088月2026 14:53:41.920] [main/DEBUG] [net.minecraftforge.registries.GameData/REGISTRIES]: Vanilla freeze snapshot created
[088月2026 14:53:41.950] [main/DEBUG] [net.minecraftforge.common.ForgeI18n/CORE]: Loading I18N data entries: 6430
[088月2026 14:53:41.976] [main/DEBUG] [net.minecraftforge.fml.ModWorkManager/LOADING]: Using 8 threads for parallel mod-loading
[088月2026 14:53:41.985] [main/DEBUG] [net.minecraftforge.fml.javafmlmod.FMLJavaModLanguageProvider/LOADING]: Loading FMLModContainer from classloader cpw.mods.modlauncher.TransformingClassLoader@4baed682 - got cpw.mods.cl.ModuleClassLoader@25d3cfc8
[088月2026 14:53:41.985] [main/DEBUG] [net.minecraftforge.fml.javafmlmod.FMLModContainer/LOADING]: Creating FMLModContainer instance for net.mcreator.caerulaarbor.CaerulaArborMod
[088月2026 14:53:41.994] [main/DEBUG] [net.minecraftforge.fml.javafmlmod.FMLJavaModLanguageProvider/LOADING]: Loading FMLModContainer from classloader cpw.mods.modlauncher.TransformingClassLoader@4baed682 - got cpw.mods.cl.ModuleClassLoader@25d3cfc8
[088月2026 14:53:41.994] [main/DEBUG] [net.minecraftforge.fml.javafmlmod.FMLModContainer/LOADING]: Creating FMLModContainer instance for com.llamalad7.mixinextras.platform.forge.MixinExtrasMod
[088月2026 14:53:41.995] [main/DEBUG] [net.minecraftforge.fml.javafmlmod.FMLJavaModLanguageProvider/LOADING]: Loading FMLModContainer from classloader cpw.mods.modlauncher.TransformingClassLoader@4baed682 - got cpw.mods.cl.ModuleClassLoader@25d3cfc8
[088月2026 14:53:41.995] [main/DEBUG] [net.minecraftforge.fml.javafmlmod.FMLModContainer/LOADING]: Creating FMLModContainer instance for org.tdddd.epca.impl.epca
[088月2026 14:53:41.998] [main/DEBUG] [net.minecraftforge.fml.javafmlmod.FMLJavaModLanguageProvider/LOADING]: Loading FMLModContainer from classloader cpw.mods.modlauncher.TransformingClassLoader@4baed682 - got cpw.mods.cl.ModuleClassLoader@25d3cfc8
[088月2026 14:53:41.998] [main/DEBUG] [net.minecraftforge.fml.javafmlmod.FMLModContainer/LOADING]: Creating FMLModContainer instance for snownee.jade.util.CommonProxy
[088月2026 14:53:42.001] [main/DEBUG] [net.minecraftforge.fml.javafmlmod.FMLJavaModLanguageProvider/LOADING]: Loading FMLModContainer from classloader cpw.mods.modlauncher.TransformingClassLoader@4baed682 - got cpw.mods.cl.ModuleClassLoader@25d3cfc8
[088月2026 14:53:42.001] [main/DEBUG] [net.minecraftforge.fml.javafmlmod.FMLModContainer/LOADING]: Creating FMLModContainer instance for software.bernie.example.GeckoLibMod
[088月2026 14:53:42.002] [main/DEBUG] [net.minecraftforge.fml.javafmlmod.FMLJavaModLanguageProvider/LOADING]: Loading FMLModContainer from classloader cpw.mods.modlauncher.TransformingClassLoader@4baed682 - got cpw.mods.cl.ModuleClassLoader@25d3cfc8
[088月2026 14:53:42.002] [main/DEBUG] [net.minecraftforge.fml.javafmlmod.FMLModContainer/LOADING]: Creating FMLModContainer instance for com.lowdragmc.lowdraglib.forge.LDLibForge
[088月2026 14:53:42.003] [main/DEBUG] [net.minecraftforge.fml.javafmlmod.FMLJavaModLanguageProvider/LOADING]: Loading FMLModContainer from classloader cpw.mods.modlauncher.TransformingClassLoader@4baed682 - got cpw.mods.cl.ModuleClassLoader@25d3cfc8
[088月2026 14:53:42.004] [main/DEBUG] [net.minecraftforge.fml.javafmlmod.FMLModContainer/LOADING]: Creating FMLModContainer instance for com.nyfaria.awcapi.AdvancedWallClimberAPI
[088月2026 14:53:42.005] [main/DEBUG] [net.minecraftforge.fml.javafmlmod.FMLJavaModLanguageProvider/LOADING]: Loading FMLModContainer from classloader cpw.mods.modlauncher.TransformingClassLoader@4baed682 - got cpw.mods.cl.ModuleClassLoader@25d3cfc8
[088月2026 14:53:42.005] [main/DEBUG] [net.minecraftforge.fml.javafmlmod.FMLModContainer/LOADING]: Creating FMLModContainer instance for com.lowdragmc.photon.forge.PhotonImpl
[088月2026 14:53:42.006] [main/DEBUG] [net.minecraftforge.fml.javafmlmod.FMLJavaModLanguageProvider/LOADING]: Loading FMLModContainer from classloader cpw.mods.modlauncher.TransformingClassLoader@4baed682 - got cpw.mods.cl.ModuleClassLoader@25d3cfc8
[088月2026 14:53:42.006] [main/DEBUG] [net.minecraftforge.fml.javafmlmod.FMLModContainer/LOADING]: Creating FMLModContainer instance for org.tdddd.yawning_neko_api.Yawning_neko_api
[088月2026 14:53:42.007] [main/DEBUG] [net.minecraftforge.fml.javafmlmod.FMLJavaModLanguageProvider/LOADING]: Loading FMLModContainer from classloader cpw.mods.modlauncher.TransformingClassLoader@4baed682 - got cpw.mods.cl.ModuleClassLoader@25d3cfc8
[088月2026 14:53:42.007] [main/DEBUG] [net.minecraftforge.fml.javafmlmod.FMLModContainer/LOADING]: Creating FMLModContainer instance for net.minecraftforge.common.ForgeMod
[088月2026 14:53:42.011] [main/DEBUG] [net.minecraftforge.fml.javafmlmod.FMLJavaModLanguageProvider/LOADING]: Loading FMLModContainer from classloader cpw.mods.modlauncher.TransformingClassLoader@4baed682 - got cpw.mods.cl.ModuleClassLoader@25d3cfc8
[088月2026 14:53:42.011] [main/DEBUG] [net.minecraftforge.fml.javafmlmod.FMLModContainer/LOADING]: Creating FMLModContainer instance for vazkii.patchouli.forge.common.ForgeModInitializer
[088月2026 14:53:42.037] [modloading-worker-0/DEBUG] [net.minecraftforge.fml.javafmlmod.AutomaticEventSubscriber/LOADING]: Attempting to inject @EventBusSubscriber classes into the eventbus for mixinextras
[088月2026 14:53:42.048] [modloading-worker-0/INFO] [Advanced Wall Climber API/]: Advanced Wall Climber API initialized!
[088月2026 14:53:42.051] [modloading-worker-0/DEBUG] [net.minecraftforge.fml.javafmlmod.AutomaticEventSubscriber/LOADING]: Attempting to inject @EventBusSubscriber classes into the eventbus for awcapi
[088月2026 14:53:42.068] [modloading-worker-0/INFO] [Photon/]: Photon is initializing on platform: Forge
[088月2026 14:53:42.068] [modloading-worker-0/INFO] [LowDragLib/]: LowDragLib is initializing on platform: Forge
[088月2026 14:53:42.106] [modloading-worker-0/DEBUG] [net.minecraftforge.fml.javafmlmod.AutomaticEventSubscriber/LOADING]: Attempting to inject @EventBusSubscriber classes into the eventbus for jade
[088月2026 14:53:42.116] [modloading-worker-0/DEBUG] [net.minecraftforge.versions.forge.ForgeVersion/CORE]: Forge Version package package net.minecraftforge.versions.forge, Forge, version 47.2 from cpw.mods.modlauncher.TransformingClassLoader@4baed682
[088月2026 14:53:42.117] [modloading-worker-0/DEBUG] [net.minecraftforge.versions.forge.ForgeVersion/CORE]: Found Forge version 47.2.0
[088月2026 14:53:42.117] [modloading-worker-0/DEBUG] [net.minecraftforge.versions.forge.ForgeVersion/CORE]: Found Forge spec 47.2
[088月2026 14:53:42.117] [modloading-worker-0/DEBUG] [net.minecraftforge.versions.forge.ForgeVersion/CORE]: Found Forge group net.minecraftforge
[088月2026 14:53:42.119] [modloading-worker-0/DEBUG] [net.minecraftforge.versions.mcp.MCPVersion/CORE]: MCP Version package package net.minecraftforge.versions.mcp, Minecraft, version 1.20.1 from cpw.mods.modlauncher.TransformingClassLoader@4baed682
[088月2026 14:53:42.119] [modloading-worker-0/DEBUG] [net.minecraftforge.versions.mcp.MCPVersion/CORE]: Found MC version information 1.20.1
[088月2026 14:53:42.119] [modloading-worker-0/DEBUG] [net.minecraftforge.versions.mcp.MCPVersion/CORE]: Found MCP version information 20230612.114412
[088月2026 14:53:42.119] [modloading-worker-0/INFO] [net.minecraftforge.common.ForgeMod/FORGEMOD]: Forge mod loading, version 47.2.0, for MC 1.20.1 with MCP 20230612.114412
[088月2026 14:53:42.119] [modloading-worker-0/INFO] [net.minecraftforge.common.MinecraftForge/FORGE]: MinecraftForge v47.2.0 Initialized
[088月2026 14:53:42.129] [modloading-worker-0/DEBUG] [net.minecraftforge.fml.javafmlmod.AutomaticEventSubscriber/LOADING]: Attempting to inject @EventBusSubscriber classes into the eventbus for yawning_neko_api
[088月2026 14:53:42.139] [modloading-worker-0/DEBUG] [net.minecraftforge.fml.javafmlmod.AutomaticEventSubscriber/LOADING]: Auto-subscribing org.tdddd.yawning_neko_api.events.MinimumDamageEventHandler to FORGE
[088月2026 14:53:42.147] [modloading-worker-0/DEBUG] [net.minecraftforge.fml.javafmlmod.AutomaticEventSubscriber/LOADING]: Auto-subscribing org.tdddd.yawning_neko_api.events.EffectImmunityHandler to FORGE
[088月2026 14:53:42.150] [modloading-worker-0/DEBUG] [net.minecraftforge.fml.javafmlmod.AutomaticEventSubscriber/LOADING]: Auto-subscribing org.tdddd.yawning_neko_api.events.CapabilityEventHandler to FORGE
[088月2026 14:53:42.156] [modloading-worker-0/DEBUG] [net.minecraftforge.fml.javafmlmod.AutomaticEventSubscriber/LOADING]: Auto-subscribing org.tdddd.yawning_neko_api.data.DamageAdaptation to FORGE
[088月2026 14:53:42.172] [modloading-worker-0/DEBUG] [net.minecraftforge.fml.config.ConfigTracker/CONFIG]: Config file patchouli-client.toml for patchouli tracking
[088月2026 14:53:42.175] [modloading-worker-0/DEBUG] [net.minecraftforge.fml.javafmlmod.AutomaticEventSubscriber/LOADING]: Attempting to inject @EventBusSubscriber classes into the eventbus for patchouli
[088月2026 14:53:42.176] [modloading-worker-0/DEBUG] [net.minecraftforge.fml.javafmlmod.AutomaticEventSubscriber/LOADING]: Auto-subscribing vazkii.patchouli.forge.common.ForgeModInitializer to MOD
[088月2026 14:53:42.188] [modloading-worker-0/DEBUG] [net.minecraftforge.fml.javafmlmod.AutomaticEventSubscriber/LOADING]: Attempting to inject @EventBusSubscriber classes into the eventbus for photon
[088月2026 14:53:42.214] [modloading-worker-0/DEBUG] [io.netty.util.internal.PlatformDependent0/]: -Dio.netty.noUnsafe: false
[088月2026 14:53:42.214] [modloading-worker-0/DEBUG] [io.netty.util.internal.PlatformDependent0/]: Java version: 17
[088月2026 14:53:42.215] [modloading-worker-0/DEBUG] [io.netty.util.internal.PlatformDependent0/]: sun.misc.Unsafe.theUnsafe: available
[088月2026 14:53:42.216] [modloading-worker-0/DEBUG] [io.netty.util.internal.PlatformDependent0/]: sun.misc.Unsafe.copyMemory: available
[088月2026 14:53:42.216] [modloading-worker-0/DEBUG] [io.netty.util.internal.PlatformDependent0/]: sun.misc.Unsafe.storeFence: available
[088月2026 14:53:42.217] [modloading-worker-0/DEBUG] [io.netty.util.internal.PlatformDependent0/]: java.nio.Buffer.address: available
[088月2026 14:53:42.217] [modloading-worker-0/DEBUG] [io.netty.util.internal.PlatformDependent0/]: direct buffer constructor: unavailable
java.lang.UnsupportedOperationException: Reflective setAccessible(true) disabled
	at io.netty.util.internal.ReflectionUtil.trySetAccessible(ReflectionUtil.java:31) ~[netty-common-4.1.82.Final.jar%23151!/:4.1.82.Final]
	at io.netty.util.internal.PlatformDependent0$5.run(PlatformDependent0.java:288) ~[netty-common-4.1.82.Final.jar%23151!/:4.1.82.Final]
	at java.security.AccessController.doPrivileged(AccessController.java:318) ~[?:?]
	at io.netty.util.internal.PlatformDependent0.<clinit>(PlatformDependent0.java:282) ~[netty-common-4.1.82.Final.jar%23151!/:4.1.82.Final]
	at io.netty.util.internal.PlatformDependent.isAndroid(PlatformDependent.java:333) ~[netty-common-4.1.82.Final.jar%23151!/:4.1.82.Final]
	at io.netty.util.internal.PlatformDependent.<clinit>(PlatformDependent.java:88) ~[netty-common-4.1.82.Final.jar%23151!/:4.1.82.Final]
	at io.netty.util.ConstantPool.<init>(ConstantPool.java:34) ~[netty-common-4.1.82.Final.jar%23151!/:4.1.82.Final]
	at io.netty.util.AttributeKey$1.<init>(AttributeKey.java:27) ~[netty-common-4.1.82.Final.jar%23151!/:4.1.82.Final]
	at io.netty.util.AttributeKey.<clinit>(AttributeKey.java:27) ~[netty-common-4.1.82.Final.jar%23151!/:4.1.82.Final]
	at net.minecraftforge.network.NetworkConstants.<clinit>(NetworkConstants.java:34) ~[forge-1.20.1-47.2.0_mapped_official_1.20.1.jar%23190%23197!/:?]
	at net.minecraftforge.common.ForgeMod.<init>(ForgeMod.java:429) ~[forge-1.20.1-47.2.0_mapped_official_1.20.1.jar%23190%23197!/:?]
	at jdk.internal.reflect.NativeConstructorAccessorImpl.newInstance0(Native Method) ~[?:?]
	at jdk.internal.reflect.NativeConstructorAccessorImpl.newInstance(NativeConstructorAccessorImpl.java:77) ~[?:?]
	at jdk.internal.reflect.DelegatingConstructorAccessorImpl.newInstance(DelegatingConstructorAccessorImpl.java:45) ~[?:?]
	at java.lang.reflect.Constructor.newInstanceWithCaller(Constructor.java:499) ~[?:?]
	at java.lang.reflect.Constructor.newInstance(Constructor.java:480) ~[?:?]
	at net.minecraftforge.fml.javafmlmod.FMLModContainer.constructMod(FMLModContainer.java:68) ~[javafmllanguage-1.20.1-47.2.0.jar%23192!/:?]
	at net.minecraftforge.fml.ModContainer.lambda$buildTransitionHandler$10(ModContainer.java:123) ~[fmlcore-1.20.1-47.2.0.jar%23195!/:?]
	at java.util.concurrent.CompletableFuture$AsyncRun.run(CompletableFuture.java:1804) ~[?:?]
	at java.util.concurrent.CompletableFuture$AsyncRun.exec(CompletableFuture.java:1796) ~[?:?]
	at java.util.concurrent.ForkJoinTask.doExec(ForkJoinTask.java:373) ~[?:?]
	at java.util.concurrent.ForkJoinPool$WorkQueue.topLevelExec(ForkJoinPool.java:1182) ~[?:?]
	at java.util.concurrent.ForkJoinPool.scan(ForkJoinPool.java:1655) ~[?:?]
	at java.util.concurrent.ForkJoinPool.runWorker(ForkJoinPool.java:1622) ~[?:?]
	at java.util.concurrent.ForkJoinWorkerThread.run(ForkJoinWorkerThread.java:165) ~[?:?]
[088月2026 14:53:42.220] [modloading-worker-0/DEBUG] [io.netty.util.internal.PlatformDependent0/]: java.nio.Bits.unaligned: available, true
[088月2026 14:53:42.220] [modloading-worker-0/DEBUG] [net.minecraftforge.fml.javafmlmod.AutomaticEventSubscriber/LOADING]: Attempting to inject @EventBusSubscriber classes into the eventbus for geckolib
[088月2026 14:53:42.220] [modloading-worker-0/DEBUG] [net.minecraftforge.fml.javafmlmod.AutomaticEventSubscriber/LOADING]: Auto-subscribing software.bernie.example.GeckoLibMod to FORGE
[088月2026 14:53:42.220] [modloading-worker-0/DEBUG] [net.minecraftforge.fml.javafmlmod.AutomaticEventSubscriber/LOADING]: Auto-subscribing software.bernie.example.CommonListener to MOD
[088月2026 14:53:42.221] [modloading-worker-0/DEBUG] [io.netty.util.internal.PlatformDependent0/]: jdk.internal.misc.Unsafe.allocateUninitializedArray(int): unavailable
java.lang.IllegalAccessException: class io.netty.util.internal.PlatformDependent0$7 (in module io.netty.common) cannot access class jdk.internal.misc.Unsafe (in module java.base) because module java.base does not export jdk.internal.misc to module io.netty.common
	at jdk.internal.reflect.Reflection.newIllegalAccessException(Reflection.java:392) ~[?:?]
	at java.lang.reflect.AccessibleObject.checkAccess(AccessibleObject.java:674) ~[?:?]
	at java.lang.reflect.Method.invoke(Method.java:560) ~[?:?]
	at io.netty.util.internal.PlatformDependent0$7.run(PlatformDependent0.java:410) ~[netty-common-4.1.82.Final.jar%23151!/:4.1.82.Final]
	at java.security.AccessController.doPrivileged(AccessController.java:318) ~[?:?]
	at io.netty.util.internal.PlatformDependent0.<clinit>(PlatformDependent0.java:401) ~[netty-common-4.1.82.Final.jar%23151!/:4.1.82.Final]
	at io.netty.util.internal.PlatformDependent.isAndroid(PlatformDependent.java:333) ~[netty-common-4.1.82.Final.jar%23151!/:4.1.82.Final]
	at io.netty.util.internal.PlatformDependent.<clinit>(PlatformDependent.java:88) ~[netty-common-4.1.82.Final.jar%23151!/:4.1.82.Final]
	at io.netty.util.ConstantPool.<init>(ConstantPool.java:34) ~[netty-common-4.1.82.Final.jar%23151!/:4.1.82.Final]
	at io.netty.util.AttributeKey$1.<init>(AttributeKey.java:27) ~[netty-common-4.1.82.Final.jar%23151!/:4.1.82.Final]
	at io.netty.util.AttributeKey.<clinit>(AttributeKey.java:27) ~[netty-common-4.1.82.Final.jar%23151!/:4.1.82.Final]
	at net.minecraftforge.network.NetworkConstants.<clinit>(NetworkConstants.java:34) ~[forge-1.20.1-47.2.0_mapped_official_1.20.1.jar%23190%23197!/:?]
	at net.minecraftforge.common.ForgeMod.<init>(ForgeMod.java:429) ~[forge-1.20.1-47.2.0_mapped_official_1.20.1.jar%23190%23197!/:?]
	at jdk.internal.reflect.NativeConstructorAccessorImpl.newInstance0(Native Method) ~[?:?]
	at jdk.internal.reflect.NativeConstructorAccessorImpl.newInstance(NativeConstructorAccessorImpl.java:77) ~[?:?]
	at jdk.internal.reflect.DelegatingConstructorAccessorImpl.newInstance(DelegatingConstructorAccessorImpl.java:45) ~[?:?]
	at java.lang.reflect.Constructor.newInstanceWithCaller(Constructor.java:499) ~[?:?]
	at java.lang.reflect.Constructor.newInstance(Constructor.java:480) ~[?:?]
	at net.minecraftforge.fml.javafmlmod.FMLModContainer.constructMod(FMLModContainer.java:68) ~[javafmllanguage-1.20.1-47.2.0.jar%23192!/:?]
	at net.minecraftforge.fml.ModContainer.lambda$buildTransitionHandler$10(ModContainer.java:123) ~[fmlcore-1.20.1-47.2.0.jar%23195!/:?]
	at java.util.concurrent.CompletableFuture$AsyncRun.run(CompletableFuture.java:1804) ~[?:?]
	at java.util.concurrent.CompletableFuture$AsyncRun.exec(CompletableFuture.java:1796) ~[?:?]
	at java.util.concurrent.ForkJoinTask.doExec(ForkJoinTask.java:373) ~[?:?]
	at java.util.concurrent.ForkJoinPool$WorkQueue.topLevelExec(ForkJoinPool.java:1182) ~[?:?]
	at java.util.concurrent.ForkJoinPool.scan(ForkJoinPool.java:1655) ~[?:?]
	at java.util.concurrent.ForkJoinPool.runWorker(ForkJoinPool.java:1622) ~[?:?]
	at java.util.concurrent.ForkJoinWorkerThread.run(ForkJoinWorkerThread.java:165) ~[?:?]
[088月2026 14:53:42.223] [modloading-worker-0/DEBUG] [io.netty.util.internal.PlatformDependent0/]: java.nio.DirectByteBuffer.<init>(long, int): unavailable
[088月2026 14:53:42.224] [modloading-worker-0/DEBUG] [io.netty.util.internal.PlatformDependent/]: sun.misc.Unsafe: available
[088月2026 14:53:42.224] [modloading-worker-0/DEBUG] [io.netty.util.internal.PlatformDependent/]: maxDirectMemory: 4276092928 bytes (maybe)
[088月2026 14:53:42.225] [modloading-worker-0/DEBUG] [io.netty.util.internal.PlatformDependent/]: -Dio.netty.tmpdir: C:\Users\ADMINI~1.DES\AppData\Local\Temp (java.io.tmpdir)
[088月2026 14:53:42.226] [modloading-worker-0/DEBUG] [io.netty.util.internal.PlatformDependent/]: -Dio.netty.bitMode: 64 (sun.arch.data.model)
[088月2026 14:53:42.226] [modloading-worker-0/DEBUG] [io.netty.util.internal.PlatformDependent/]: Platform: Windows
[088月2026 14:53:42.227] [modloading-worker-0/DEBUG] [io.netty.util.internal.PlatformDependent/]: -Dio.netty.maxDirectMemory: -1 bytes
[088月2026 14:53:42.227] [modloading-worker-0/DEBUG] [io.netty.util.internal.PlatformDependent/]: -Dio.netty.uninitializedArrayAllocationThreshold: -1
[088月2026 14:53:42.228] [modloading-worker-0/DEBUG] [io.netty.util.internal.CleanerJava9/]: java.nio.ByteBuffer.cleaner(): available
[088月2026 14:53:42.228] [modloading-worker-0/DEBUG] [io.netty.util.internal.PlatformDependent/]: -Dio.netty.noPreferDirect: false
[088月2026 14:53:42.288] [modloading-worker-0/DEBUG] [net.minecraftforge.common.ForgeMod/FORGEMOD]: Loading Network data for FML net version: FML3
[088月2026 14:53:42.314] [modloading-worker-0/DEBUG] [net.minecraftforge.fml.config.ConfigTracker/CONFIG]: Config file forge-client.toml for forge tracking
[088月2026 14:53:42.314] [modloading-worker-0/DEBUG] [net.minecraftforge.fml.config.ConfigTracker/CONFIG]: Config file forge-server.toml for forge tracking
[088月2026 14:53:42.314] [modloading-worker-0/DEBUG] [net.minecraftforge.fml.ModLoadingContext/]: Attempted to register an empty config for type COMMON on mod forge
[088月2026 14:53:42.340] [modloading-worker-0/DEBUG] [net.minecraftforge.fml.javafmlmod.AutomaticEventSubscriber/LOADING]: Attempting to inject @EventBusSubscriber classes into the eventbus for forge
[088月2026 14:53:42.340] [modloading-worker-0/DEBUG] [net.minecraftforge.fml.javafmlmod.AutomaticEventSubscriber/LOADING]: Auto-subscribing net.minecraftforge.common.ForgeSpawnEggItem$CommonHandler to MOD
[088月2026 14:53:42.512] [modloading-worker-0/ERROR] [net.minecraftforge.fml.loading.RuntimeDistCleaner/DISTXFORM]: Attempted to load class com/lowdragmc/photon/gui/editor/FXEditor for invalid dist DEDICATED_SERVER
[088月2026 14:53:42.516] [modloading-worker-0/WARN] [LowDragLib/]: Failed to load class for notation: com.lowdragmc.photon.gui.editor.FXEditor
[088月2026 14:53:42.560] [modloading-worker-0/ERROR] [net.minecraftforge.fml.loading.RuntimeDistCleaner/DISTXFORM]: Attempted to load class com/lowdragmc/photon/gui/editor/FXEditor for invalid dist DEDICATED_SERVER
[088月2026 14:53:42.560] [modloading-worker-0/WARN] [LowDragLib/]: Failed to load class for notation: com.lowdragmc.photon.gui.editor.FXEditor
[088月2026 14:53:42.600] [modloading-worker-0/ERROR] [net.minecraftforge.fml.loading.RuntimeDistCleaner/DISTXFORM]: Attempted to load class com/lowdragmc/photon/gui/editor/FXEditor for invalid dist DEDICATED_SERVER
[088月2026 14:53:42.600] [modloading-worker-0/WARN] [LowDragLib/]: Failed to load class for notation: com.lowdragmc.photon.gui.editor.FXEditor
[088月2026 14:53:42.606] [modloading-worker-0/ERROR] [net.minecraftforge.fml.loading.RuntimeDistCleaner/DISTXFORM]: Attempted to load class com/lowdragmc/photon/gui/editor/FXEditor for invalid dist DEDICATED_SERVER
[088月2026 14:53:42.606] [modloading-worker-0/WARN] [LowDragLib/]: Failed to load class for notation: com.lowdragmc.photon.gui.editor.FXEditor
[088月2026 14:53:42.616] [modloading-worker-0/ERROR] [net.minecraftforge.fml.loading.RuntimeDistCleaner/DISTXFORM]: Attempted to load class com/lowdragmc/photon/gui/editor/FXEditor for invalid dist DEDICATED_SERVER
[088月2026 14:53:42.616] [modloading-worker-0/WARN] [LowDragLib/]: Failed to load class for notation: com.lowdragmc.photon.gui.editor.FXEditor
[088月2026 14:53:42.632] [modloading-worker-0/ERROR] [net.minecraftforge.fml.loading.RuntimeDistCleaner/DISTXFORM]: Attempted to load class com/lowdragmc/photon/gui/editor/FXEditor for invalid dist DEDICATED_SERVER
[088月2026 14:53:42.632] [modloading-worker-0/WARN] [LowDragLib/]: Failed to load class for notation: com.lowdragmc.photon.gui.editor.FXEditor
[088月2026 14:53:42.637] [modloading-worker-0/ERROR] [net.minecraftforge.fml.loading.RuntimeDistCleaner/DISTXFORM]: Attempted to load class com/lowdragmc/photon/gui/editor/FXEditor for invalid dist DEDICATED_SERVER
[088月2026 14:53:42.637] [modloading-worker-0/WARN] [LowDragLib/]: Failed to load class for notation: com.lowdragmc.photon.gui.editor.FXEditor
[088月2026 14:53:42.656] [modloading-worker-0/ERROR] [net.minecraftforge.fml.loading.RuntimeDistCleaner/DISTXFORM]: Attempted to load class com/lowdragmc/photon/gui/editor/FXEditor for invalid dist DEDICATED_SERVER
[088月2026 14:53:42.657] [modloading-worker-0/WARN] [LowDragLib/]: Failed to load class for notation: com.lowdragmc.photon.gui.editor.FXEditor
[088月2026 14:53:42.721] [modloading-worker-0/ERROR] [net.minecraftforge.fml.loading.RuntimeDistCleaner/DISTXFORM]: Attempted to load class com/lowdragmc/photon/gui/editor/FXEditor for invalid dist DEDICATED_SERVER
[088月2026 14:53:42.721] [modloading-worker-0/WARN] [LowDragLib/]: Failed to load class for notation: com.lowdragmc.photon.gui.editor.FXEditor
[088月2026 14:53:42.728] [modloading-worker-0/DEBUG] [net.minecraftforge.fml.javafmlmod.AutomaticEventSubscriber/LOADING]: Attempting to inject @EventBusSubscriber classes into the eventbus for ldlib
[088月2026 14:53:42.728] [modloading-worker-0/DEBUG] [net.minecraftforge.fml.javafmlmod.AutomaticEventSubscriber/LOADING]: Auto-subscribing com.lowdragmc.lowdraglib.forge.CommonListeners to FORGE
[088月2026 14:53:43.166] [modloading-worker-0/DEBUG] [net.minecraftforge.fml.config.ConfigTracker/CONFIG]: Config file E-PCA\epca.toml for epca tracking
[088月2026 14:53:43.195] [modloading-worker-0/DEBUG] [net.minecraftforge.fml.javafmlmod.AutomaticEventSubscriber/LOADING]: Attempting to inject @EventBusSubscriber classes into the eventbus for epca
[088月2026 14:53:43.195] [modloading-worker-0/DEBUG] [net.minecraftforge.fml.javafmlmod.AutomaticEventSubscriber/LOADING]: Auto-subscribing org.tdddd.epca.impl.commands.EpcaCustomCommand to FORGE
[088月2026 14:53:43.198] [modloading-worker-0/DEBUG] [net.minecraftforge.fml.javafmlmod.AutomaticEventSubscriber/LOADING]: Auto-subscribing org.tdddd.epca.impl.datagen.DataGenEvent to MOD
[088月2026 14:53:43.205] [modloading-worker-0/DEBUG] [net.minecraftforge.fml.javafmlmod.AutomaticEventSubscriber/LOADING]: Auto-subscribing org.tdddd.epca.impl.events.AcidBlockListener to FORGE
[088月2026 14:53:43.211] [modloading-worker-0/DEBUG] [net.minecraftforge.fml.javafmlmod.AutomaticEventSubscriber/LOADING]: Auto-subscribing org.tdddd.epca.impl.events.AdaptationEffectListener to FORGE
[088月2026 14:53:43.215] [modloading-worker-0/DEBUG] [net.minecraftforge.fml.javafmlmod.AutomaticEventSubscriber/LOADING]: Auto-subscribing org.tdddd.epca.impl.events.CamouflageEffectEventHandler to FORGE
[088月2026 14:53:43.219] [modloading-worker-0/DEBUG] [net.minecraftforge.fml.javafmlmod.AutomaticEventSubscriber/LOADING]: Auto-subscribing org.tdddd.epca.impl.events.CothEffectEvents to FORGE
[088月2026 14:53:43.222] [modloading-worker-0/DEBUG] [net.minecraftforge.fml.javafmlmod.AutomaticEventSubscriber/LOADING]: Auto-subscribing org.tdddd.epca.impl.events.CothEffectTickHandler to FORGE
[088月2026 14:53:43.224] [modloading-worker-0/DEBUG] [net.minecraftforge.fml.javafmlmod.AutomaticEventSubscriber/LOADING]: Auto-subscribing org.tdddd.epca.impl.events.DamageEventHandler to FORGE
[088月2026 14:53:43.226] [modloading-worker-0/DEBUG] [net.minecraftforge.fml.javafmlmod.AutomaticEventSubscriber/LOADING]: Auto-subscribing org.tdddd.epca.impl.events.DisabledEntityHandler to FORGE
[088月2026 14:53:43.228] [modloading-worker-0/DEBUG] [net.minecraftforge.fml.javafmlmod.AutomaticEventSubscriber/LOADING]: Auto-subscribing org.tdddd.epca.impl.events.EnderBladeAttackHandler to FORGE
[088月2026 14:53:43.231] [modloading-worker-0/DEBUG] [net.minecraftforge.fml.javafmlmod.AutomaticEventSubscriber/LOADING]: Auto-subscribing org.tdddd.epca.impl.events.EntityIntegrationEvents to FORGE
[088月2026 14:53:43.235] [modloading-worker-0/DEBUG] [net.minecraftforge.fml.javafmlmod.AutomaticEventSubscriber/LOADING]: Auto-subscribing org.tdddd.epca.impl.events.EvolutionStageEvents to FORGE
[088月2026 14:53:43.235] [modloading-worker-0/DEBUG] [net.minecraftforge.fml.javafmlmod.AutomaticEventSubscriber/LOADING]: Auto-subscribing org.tdddd.epca.impl.events.FearEffectEventHandler to FORGE
[088月2026 14:53:43.241] [modloading-worker-0/DEBUG] [net.minecraftforge.fml.javafmlmod.AutomaticEventSubscriber/LOADING]: Auto-subscribing org.tdddd.epca.impl.events.InfestedNetherseaBrandEventHandler to FORGE
[088月2026 14:53:43.247] [modloading-worker-0/DEBUG] [net.minecraftforge.fml.javafmlmod.AutomaticEventSubscriber/LOADING]: Auto-subscribing org.tdddd.epca.impl.events.InfestedUndeadHandler to FORGE
[088月2026 14:53:43.250] [modloading-worker-0/DEBUG] [net.minecraftforge.fml.javafmlmod.AutomaticEventSubscriber/LOADING]: Auto-subscribing org.tdddd.epca.impl.events.ItemEffectHandler to FORGE
[088月2026 14:53:43.253] [modloading-worker-0/DEBUG] [net.minecraftforge.fml.javafmlmod.AutomaticEventSubscriber/LOADING]: Auto-subscribing org.tdddd.epca.impl.events.KeyInputHandler to MOD
[088月2026 14:53:43.255] [modloading-worker-0/DEBUG] [net.minecraftforge.fml.javafmlmod.AutomaticEventSubscriber/LOADING]: Auto-subscribing org.tdddd.epca.impl.events.LivingArmorBoxHandler to FORGE
[088月2026 14:53:43.259] [modloading-worker-0/DEBUG] [net.minecraftforge.fml.javafmlmod.AutomaticEventSubscriber/LOADING]: Auto-subscribing org.tdddd.epca.impl.events.LivingArmorEventHandler to FORGE
[088月2026 14:53:43.261] [modloading-worker-0/DEBUG] [net.minecraftforge.fml.javafmlmod.AutomaticEventSubscriber/LOADING]: Auto-subscribing org.tdddd.epca.impl.events.LivingHurtEventHandler to FORGE
[088月2026 14:53:43.263] [modloading-worker-0/DEBUG] [net.minecraftforge.fml.javafmlmod.AutomaticEventSubscriber/LOADING]: Auto-subscribing org.tdddd.epca.impl.events.MasterDifficultyAdvancementHandler to FORGE
[088月2026 14:53:43.266] [modloading-worker-0/DEBUG] [net.minecraftforge.fml.javafmlmod.AutomaticEventSubscriber/LOADING]: Auto-subscribing org.tdddd.epca.impl.events.ModEntityEvents to MOD
[088月2026 14:53:43.270] [modloading-worker-0/DEBUG] [net.minecraftforge.fml.javafmlmod.AutomaticEventSubscriber/LOADING]: Auto-subscribing org.tdddd.epca.impl.events.modlue.AutomaticFeedingModuleEventHandler to FORGE
[088月2026 14:53:43.272] [modloading-worker-0/DEBUG] [net.minecraftforge.fml.javafmlmod.AutomaticEventSubscriber/LOADING]: Auto-subscribing org.tdddd.epca.impl.events.modlue.FleshArmorModuleEventHandler to FORGE
[088月2026 14:53:43.275] [modloading-worker-0/DEBUG] [net.minecraftforge.fml.javafmlmod.AutomaticEventSubscriber/LOADING]: Auto-subscribing org.tdddd.epca.impl.events.modlue.FlightModuleEventHandler to FORGE
[088月2026 14:53:43.282] [modloading-worker-0/DEBUG] [net.minecraftforge.fml.javafmlmod.AutomaticEventSubscriber/LOADING]: Auto-subscribing org.tdddd.epca.impl.events.modlue.InstinctModuleEventHandler to FORGE
[088月2026 14:53:43.285] [modloading-worker-0/DEBUG] [net.minecraftforge.fml.javafmlmod.AutomaticEventSubscriber/LOADING]: Auto-subscribing org.tdddd.epca.impl.events.modlue.NetheriteModuleEventHandler to FORGE
[088月2026 14:53:43.289] [modloading-worker-0/DEBUG] [net.minecraftforge.fml.javafmlmod.AutomaticEventSubscriber/LOADING]: Auto-subscribing org.tdddd.epca.impl.events.ModPeacefulHandler to FORGE
[088月2026 14:53:43.292] [modloading-worker-0/DEBUG] [net.minecraftforge.fml.javafmlmod.AutomaticEventSubscriber/LOADING]: Auto-subscribing org.tdddd.epca.impl.events.NaturalSpawnProtection to FORGE
[088月2026 14:53:43.299] [modloading-worker-0/DEBUG] [net.minecraftforge.fml.javafmlmod.AutomaticEventSubscriber/LOADING]: Auto-subscribing org.tdddd.epca.impl.events.ParasiteFriendlyHandler to FORGE
[088月2026 14:53:43.302] [modloading-worker-0/DEBUG] [net.minecraftforge.fml.javafmlmod.AutomaticEventSubscriber/LOADING]: Auto-subscribing org.tdddd.epca.impl.events.ParasiteNbtEffectHandler to FORGE
[088月2026 14:53:43.310] [modloading-worker-0/DEBUG] [net.minecraftforge.fml.javafmlmod.AutomaticEventSubscriber/LOADING]: Auto-subscribing org.tdddd.epca.impl.events.PlayerDeathEventHandler to FORGE
[088月2026 14:53:43.312] [modloading-worker-0/DEBUG] [net.minecraftforge.fml.javafmlmod.AutomaticEventSubscriber/LOADING]: Auto-subscribing org.tdddd.epca.impl.events.PlayerEventHandler to FORGE
[088月2026 14:53:43.315] [modloading-worker-0/DEBUG] [net.minecraftforge.fml.javafmlmod.AutomaticEventSubscriber/LOADING]: Auto-subscribing org.tdddd.epca.impl.events.SafetyDayHandler to FORGE
[088月2026 14:53:43.318] [modloading-worker-0/DEBUG] [net.minecraftforge.fml.javafmlmod.AutomaticEventSubscriber/LOADING]: Auto-subscribing org.tdddd.epca.impl.events.ServerNoteEvents to FORGE
[088月2026 14:53:43.322] [modloading-worker-0/DEBUG] [net.minecraftforge.fml.javafmlmod.AutomaticEventSubscriber/LOADING]: Auto-subscribing org.tdddd.epca.impl.events.ShieldCapabilityHandler to MOD
[088月2026 14:53:43.325] [modloading-worker-0/DEBUG] [net.minecraftforge.fml.javafmlmod.AutomaticEventSubscriber/LOADING]: Auto-subscribing org.tdddd.epca.impl.events.ShieldEventHandler to FORGE
[088月2026 14:53:43.330] [modloading-worker-0/DEBUG] [net.minecraftforge.fml.javafmlmod.AutomaticEventSubscriber/LOADING]: Auto-subscribing org.tdddd.epca.impl.events.SolidifyEffectEventHandler to FORGE
[088月2026 14:53:43.334] [modloading-worker-0/DEBUG] [net.minecraftforge.fml.javafmlmod.AutomaticEventSubscriber/LOADING]: Auto-subscribing org.tdddd.epca.impl.events.SpawnEggHandler to FORGE
[088月2026 14:53:43.336] [modloading-worker-0/DEBUG] [net.minecraftforge.fml.javafmlmod.AutomaticEventSubscriber/LOADING]: Auto-subscribing org.tdddd.epca.impl.events.SpawnRateHandler to FORGE
[088月2026 14:53:43.338] [modloading-worker-0/DEBUG] [net.minecraftforge.fml.javafmlmod.AutomaticEventSubscriber/LOADING]: Auto-subscribing org.tdddd.epca.impl.events.SpiritEffectEventHandler to FORGE
[088月2026 14:53:43.339] [modloading-worker-0/DEBUG] [net.minecraftforge.fml.javafmlmod.AutomaticEventSubscriber/LOADING]: Auto-subscribing org.tdddd.epca.impl.events.VillagerSpawnEventHandler to FORGE
[088月2026 14:53:43.341] [modloading-worker-0/DEBUG] [net.minecraftforge.fml.javafmlmod.AutomaticEventSubscriber/LOADING]: Auto-subscribing org.tdddd.epca.impl.events.ViralEffectEventHandler to FORGE
[088月2026 14:53:43.343] [modloading-worker-0/DEBUG] [net.minecraftforge.fml.javafmlmod.AutomaticEventSubscriber/LOADING]: Auto-subscribing org.tdddd.epca.impl.events.WaterInteractionHandler to FORGE
[088月2026 14:53:43.373] [modloading-worker-0/DEBUG] [net.minecraftforge.fml.javafmlmod.AutomaticEventSubscriber/LOADING]: Auto-subscribing org.tdddd.epca.impl.events.WorldLoadHandler to FORGE
[088月2026 14:53:43.376] [modloading-worker-0/DEBUG] [net.minecraftforge.fml.javafmlmod.AutomaticEventSubscriber/LOADING]: Auto-subscribing org.tdddd.epca.impl.overworld.difficulty.DifficultyApplier to FORGE
[088月2026 14:53:43.378] [modloading-worker-0/DEBUG] [net.minecraftforge.fml.javafmlmod.AutomaticEventSubscriber/LOADING]: Auto-subscribing org.tdddd.epca.impl.overworld.difficulty.DifficultyEvents to FORGE
[088月2026 14:53:43.380] [modloading-worker-0/DEBUG] [net.minecraftforge.fml.javafmlmod.AutomaticEventSubscriber/LOADING]: Auto-subscribing org.tdddd.epca.impl.overworld.registry.capability.LifetimeCapability to FORGE
[088月2026 14:53:43.403] [modloading-worker-0/DEBUG] [net.minecraftforge.fml.javafmlmod.AutomaticEventSubscriber/LOADING]: Auto-subscribing org.tdddd.epca.impl.overworld.registry.effects.debuff.BleedingEffect to FORGE
[088月2026 14:53:43.406] [modloading-worker-0/DEBUG] [net.minecraftforge.fml.javafmlmod.AutomaticEventSubscriber/LOADING]: Auto-subscribing org.tdddd.epca.impl.overworld.registry.effects.debuff.DeepSneakEffect to FORGE
[088月2026 14:53:43.407] [modloading-worker-0/DEBUG] [net.minecraftforge.fml.javafmlmod.AutomaticEventSubscriber/LOADING]: Auto-subscribing org.tdddd.epca.impl.overworld.registry.entities.ParasiteAttackHandler to FORGE
[088月2026 14:53:43.410] [modloading-worker-0/DEBUG] [net.minecraftforge.fml.javafmlmod.AutomaticEventSubscriber/LOADING]: Auto-subscribing org.tdddd.epca.impl.overworld.registry.items.item.WingChestManager to FORGE
[088月2026 14:53:43.647] [modloading-worker-0/DEBUG] [net.minecraftforge.fml.javafmlmod.AutomaticEventSubscriber/LOADING]: Attempting to inject @EventBusSubscriber classes into the eventbus for caerula_arbor
[088月2026 14:53:43.647] [modloading-worker-0/DEBUG] [net.minecraftforge.fml.javafmlmod.AutomaticEventSubscriber/LOADING]: Auto-subscribing net.mcreator.caerulaarbor.recipes.brewing.UpgradeSanityCureBrewingRecipe to MOD
[088月2026 14:53:43.649] [modloading-worker-0/DEBUG] [net.minecraftforge.fml.javafmlmod.AutomaticEventSubscriber/LOADING]: Auto-subscribing net.mcreator.caerulaarbor.recipes.brewing.UpgradePecrRegeneBrewingRecipe to MOD
[088月2026 14:53:43.650] [modloading-worker-0/DEBUG] [net.minecraftforge.fml.javafmlmod.AutomaticEventSubscriber/LOADING]: Auto-subscribing net.mcreator.caerulaarbor.recipes.brewing.UpgradeInvSanityBrewingRecipe to MOD
[088月2026 14:53:43.652] [modloading-worker-0/DEBUG] [net.minecraftforge.fml.javafmlmod.AutomaticEventSubscriber/LOADING]: Auto-subscribing net.mcreator.caerulaarbor.recipes.brewing.UpgradeInstSanityBrewingRecipe to MOD
[088月2026 14:53:43.653] [modloading-worker-0/DEBUG] [net.minecraftforge.fml.javafmlmod.AutomaticEventSubscriber/LOADING]: Auto-subscribing net.mcreator.caerulaarbor.recipes.brewing.UpgradeFastSwimBrewingRecipe to MOD
[088月2026 14:53:43.655] [modloading-worker-0/DEBUG] [net.minecraftforge.fml.javafmlmod.AutomaticEventSubscriber/LOADING]: Auto-subscribing net.mcreator.caerulaarbor.recipes.brewing.ReinforceFastSwimBrewingRecipe to MOD
[088月2026 14:53:43.656] [modloading-worker-0/DEBUG] [net.minecraftforge.fml.javafmlmod.AutomaticEventSubscriber/LOADING]: Auto-subscribing net.mcreator.caerulaarbor.recipes.brewing.MakeBerryBrewingRecipe to MOD
[088月2026 14:53:43.658] [modloading-worker-0/DEBUG] [net.minecraftforge.fml.javafmlmod.AutomaticEventSubscriber/LOADING]: Auto-subscribing net.mcreator.caerulaarbor.recipes.brewing.LengthenFastSwimBrewingRecipe to MOD
[088月2026 14:53:43.659] [modloading-worker-0/DEBUG] [net.minecraftforge.fml.javafmlmod.AutomaticEventSubscriber/LOADING]: Auto-subscribing net.mcreator.caerulaarbor.recipes.brewing.BrewSanityCureBrewingRecipe to MOD
[088月2026 14:53:43.661] [modloading-worker-0/DEBUG] [net.minecraftforge.fml.javafmlmod.AutomaticEventSubscriber/LOADING]: Auto-subscribing net.mcreator.caerulaarbor.recipes.brewing.BrewPercRegeneBrewingRecipe to MOD
[088月2026 14:53:43.663] [modloading-worker-0/DEBUG] [net.minecraftforge.fml.javafmlmod.AutomaticEventSubscriber/LOADING]: Auto-subscribing net.mcreator.caerulaarbor.recipes.brewing.BrewInvSanityBrewingRecipe to MOD
[088月2026 14:53:43.664] [modloading-worker-0/DEBUG] [net.minecraftforge.fml.javafmlmod.AutomaticEventSubscriber/LOADING]: Auto-subscribing net.mcreator.caerulaarbor.recipes.brewing.BrewInsSanityBrewingRecipe to MOD
[088月2026 14:53:43.666] [modloading-worker-0/DEBUG] [net.minecraftforge.fml.javafmlmod.AutomaticEventSubscriber/LOADING]: Auto-subscribing net.mcreator.caerulaarbor.recipes.brewing.BrewFastSwimBrewingRecipe to MOD
[088月2026 14:53:43.667] [modloading-worker-0/DEBUG] [net.minecraftforge.fml.javafmlmod.AutomaticEventSubscriber/LOADING]: Auto-subscribing net.mcreator.caerulaarbor.procedures.WitherKillProcedure to FORGE
[088月2026 14:53:43.668] [modloading-worker-0/DEBUG] [net.minecraftforge.fml.javafmlmod.AutomaticEventSubscriber/LOADING]: Auto-subscribing net.mcreator.caerulaarbor.procedures.WarriorTacticProcedure to FORGE
[088月2026 14:53:43.670] [modloading-worker-0/DEBUG] [net.minecraftforge.fml.javafmlmod.AutomaticEventSubscriber/LOADING]: Auto-subscribing net.mcreator.caerulaarbor.procedures.TransporterUseProcedure to FORGE
[088月2026 14:53:43.672] [modloading-worker-0/DEBUG] [net.minecraftforge.fml.javafmlmod.AutomaticEventSubscriber/LOADING]: Auto-subscribing net.mcreator.caerulaarbor.procedures.TrailriteAttackBonusProcedure to FORGE
[088月2026 14:53:43.674] [modloading-worker-0/DEBUG] [net.minecraftforge.fml.javafmlmod.AutomaticEventSubscriber/LOADING]: Auto-subscribing net.mcreator.caerulaarbor.procedures.TrailriteArmorSelfMendProcedure to FORGE
[088月2026 14:53:43.676] [modloading-worker-0/DEBUG] [net.minecraftforge.fml.javafmlmod.AutomaticEventSubscriber/LOADING]: Auto-subscribing net.mcreator.caerulaarbor.procedures.TotemFuncProcedure to FORGE
[088月2026 14:53:43.679] [modloading-worker-0/DEBUG] [net.minecraftforge.fml.javafmlmod.AutomaticEventSubscriber/LOADING]: Auto-subscribing net.mcreator.caerulaarbor.procedures.TidutantArmorBreakProcedure to FORGE
[088月2026 14:53:43.680] [modloading-worker-0/DEBUG] [net.minecraftforge.fml.javafmlmod.AutomaticEventSubscriber/LOADING]: Auto-subscribing net.mcreator.caerulaarbor.procedures.ThirsterAddIntegProcedure to FORGE
[088月2026 14:53:43.682] [modloading-worker-0/DEBUG] [net.minecraftforge.fml.javafmlmod.AutomaticEventSubscriber/LOADING]: Auto-subscribing net.mcreator.caerulaarbor.procedures.SummonOceanWitherProcedure to FORGE
[088月2026 14:53:43.684] [modloading-worker-0/DEBUG] [net.minecraftforge.fml.javafmlmod.AutomaticEventSubscriber/LOADING]: Auto-subscribing net.mcreator.caerulaarbor.procedures.SlimeFUncProcedure to FORGE
[088月2026 14:53:43.687] [modloading-worker-0/DEBUG] [net.minecraftforge.fml.javafmlmod.AutomaticEventSubscriber/LOADING]: Auto-subscribing net.mcreator.caerulaarbor.procedures.ShulkerBulletHitProcedure to FORGE
[088月2026 14:53:43.688] [modloading-worker-0/DEBUG] [net.minecraftforge.fml.javafmlmod.AutomaticEventSubscriber/LOADING]: Auto-subscribing net.mcreator.caerulaarbor.procedures.ShieldFuncProcedure to FORGE
[088月2026 14:53:43.691] [modloading-worker-0/DEBUG] [net.minecraftforge.fml.javafmlmod.AutomaticEventSubscriber/LOADING]: Auto-subscribing net.mcreator.caerulaarbor.procedures.SetLastAttakcedTimeProcedure to FORGE
[088月2026 14:53:43.693] [modloading-worker-0/DEBUG] [net.minecraftforge.fml.javafmlmod.AutomaticEventSubscriber/LOADING]: Auto-subscribing net.mcreator.caerulaarbor.procedures.SeabornsGetOffShipProcedure to FORGE
[088月2026 14:53:43.694] [modloading-worker-0/DEBUG] [net.minecraftforge.fml.javafmlmod.AutomaticEventSubscriber/LOADING]: Auto-subscribing net.mcreator.caerulaarbor.procedures.SeabornTransformProcedure to FORGE
[088月2026 14:53:43.695] [modloading-worker-0/DEBUG] [net.minecraftforge.fml.javafmlmod.AutomaticEventSubscriber/LOADING]: Auto-subscribing net.mcreator.caerulaarbor.procedures.SeabornKillerFuncProcedure to FORGE
[088月2026 14:53:43.696] [modloading-worker-0/DEBUG] [net.minecraftforge.fml.javafmlmod.AutomaticEventSubscriber/LOADING]: Auto-subscribing net.mcreator.caerulaarbor.procedures.SeabornKillMartusProcedure to FORGE
[088月2026 14:53:43.698] [modloading-worker-0/DEBUG] [net.minecraftforge.fml.javafmlmod.AutomaticEventSubscriber/LOADING]: Auto-subscribing net.mcreator.caerulaarbor.procedures.SeabornAggresiveProcedure to FORGE
[088月2026 14:53:43.700] [modloading-worker-0/DEBUG] [net.minecraftforge.fml.javafmlmod.AutomaticEventSubscriber/LOADING]: Auto-subscribing net.mcreator.caerulaarbor.procedures.SanityTickFuncProcedure to FORGE
[088月2026 14:53:43.702] [modloading-worker-0/DEBUG] [net.minecraftforge.fml.javafmlmod.AutomaticEventSubscriber/LOADING]: Auto-subscribing net.mcreator.caerulaarbor.procedures.SanityReaperFuncProcedure to FORGE
[088月2026 14:53:43.703] [modloading-worker-0/DEBUG] [net.minecraftforge.fml.javafmlmod.AutomaticEventSubscriber/LOADING]: Auto-subscribing net.mcreator.caerulaarbor.procedures.SanityRateFunctionsProcedure to FORGE
[088月2026 14:53:43.705] [modloading-worker-0/DEBUG] [net.minecraftforge.fml.javafmlmod.AutomaticEventSubscriber/LOADING]: Auto-subscribing net.mcreator.caerulaarbor.procedures.RightClickFuncProcedure to FORGE
[088月2026 14:53:43.707] [modloading-worker-0/DEBUG] [net.minecraftforge.fml.javafmlmod.AutomaticEventSubscriber/LOADING]: Auto-subscribing net.mcreator.caerulaarbor.procedures.RemovalFuncProcedure to FORGE
[088月2026 14:53:43.708] [modloading-worker-0/DEBUG] [net.minecraftforge.fml.javafmlmod.AutomaticEventSubscriber/LOADING]: Auto-subscribing net.mcreator.caerulaarbor.procedures.RangedLightningProcedure$RangedLightningMessage to MOD
[088月2026 14:53:43.711] [modloading-worker-0/DEBUG] [net.minecraftforge.fml.javafmlmod.AutomaticEventSubscriber/LOADING]: Auto-subscribing net.mcreator.caerulaarbor.procedures.PunishmentModifyValueProcedure to FORGE
[088月2026 14:53:43.712] [modloading-worker-0/DEBUG] [net.minecraftforge.fml.javafmlmod.AutomaticEventSubscriber/LOADING]: Auto-subscribing net.mcreator.caerulaarbor.procedures.PlayerTickFuncProcedure to FORGE
[088月2026 14:53:43.715] [modloading-worker-0/DEBUG] [net.minecraftforge.fml.javafmlmod.AutomaticEventSubscriber/LOADING]: Auto-subscribing net.mcreator.caerulaarbor.procedures.PlayerSmeltfuncProcedure to FORGE
[088月2026 14:53:43.718] [modloading-worker-0/DEBUG] [net.minecraftforge.fml.javafmlmod.AutomaticEventSubscriber/LOADING]: Auto-subscribing net.mcreator.caerulaarbor.procedures.PlayerRebornProcedure to FORGE
[088月2026 14:53:43.719] [modloading-worker-0/DEBUG] [net.minecraftforge.fml.javafmlmod.AutomaticEventSubscriber/LOADING]: Auto-subscribing net.mcreator.caerulaarbor.procedures.PlayerLogInProcedure to FORGE
[088月2026 14:53:43.720] [modloading-worker-0/DEBUG] [net.minecraftforge.fml.javafmlmod.AutomaticEventSubscriber/LOADING]: Auto-subscribing net.mcreator.caerulaarbor.procedures.PlayerLightsReduceProcedure to FORGE
[088月2026 14:53:43.722] [modloading-worker-0/DEBUG] [net.minecraftforge.fml.javafmlmod.AutomaticEventSubscriber/LOADING]: Auto-subscribing net.mcreator.caerulaarbor.procedures.PlayerLeftClickOnHelperProcedure$PlayerLeftClickOnHelperMessage to MOD
[088月2026 14:53:43.724] [modloading-worker-0/DEBUG] [net.minecraftforge.fml.javafmlmod.AutomaticEventSubscriber/LOADING]: Auto-subscribing net.mcreator.caerulaarbor.procedures.PlayerHurtWithCreeperProcedure to FORGE
[088月2026 14:53:43.726] [modloading-worker-0/DEBUG] [net.minecraftforge.fml.javafmlmod.AutomaticEventSubscriber/LOADING]: Auto-subscribing net.mcreator.caerulaarbor.procedures.PlayerHitFuncProcedure to FORGE
[088月2026 14:53:43.729] [modloading-worker-0/DEBUG] [net.minecraftforge.fml.javafmlmod.AutomaticEventSubscriber/LOADING]: Auto-subscribing net.mcreator.caerulaarbor.procedures.PlayerEvolutionTickFUncProcedure to FORGE
[088月2026 14:53:43.732] [modloading-worker-0/DEBUG] [net.minecraftforge.fml.javafmlmod.AutomaticEventSubscriber/LOADING]: Auto-subscribing net.mcreator.caerulaarbor.procedures.PlayerEvoHurtFuncProcedure to FORGE
[088月2026 14:53:43.734] [modloading-worker-0/DEBUG] [net.minecraftforge.fml.javafmlmod.AutomaticEventSubscriber/LOADING]: Auto-subscribing net.mcreator.caerulaarbor.procedures.PlayerEvoHitFuncProcedure to FORGE
[088月2026 14:53:43.736] [modloading-worker-0/DEBUG] [net.minecraftforge.fml.javafmlmod.AutomaticEventSubscriber/LOADING]: Auto-subscribing net.mcreator.caerulaarbor.procedures.PlayerEatFuncProcedure to FORGE
[088月2026 14:53:43.738] [modloading-worker-0/DEBUG] [net.minecraftforge.fml.javafmlmod.AutomaticEventSubscriber/LOADING]: Auto-subscribing net.mcreator.caerulaarbor.procedures.PlayerDiedFuncProcedure to FORGE
[088月2026 14:53:43.740] [modloading-worker-0/DEBUG] [net.minecraftforge.fml.javafmlmod.AutomaticEventSubscriber/LOADING]: Auto-subscribing net.mcreator.caerulaarbor.procedures.PlayerCraftFuncProcedure to FORGE
[088月2026 14:53:43.743] [modloading-worker-0/DEBUG] [net.minecraftforge.fml.javafmlmod.AutomaticEventSubscriber/LOADING]: Auto-subscribing net.mcreator.caerulaarbor.procedures.PlayerAttackFuncProcedure to FORGE
[088月2026 14:53:43.745] [modloading-worker-0/DEBUG] [net.minecraftforge.fml.javafmlmod.AutomaticEventSubscriber/LOADING]: Auto-subscribing net.mcreator.caerulaarbor.procedures.PathshaperHitFuncProcedure to FORGE
[088月2026 14:53:43.747] [modloading-worker-0/DEBUG] [net.minecraftforge.fml.javafmlmod.AutomaticEventSubscriber/LOADING]: Auto-subscribing net.mcreator.caerulaarbor.procedures.PEVOHealFuncProcedure to FORGE
[088月2026 14:53:43.750] [modloading-worker-0/DEBUG] [net.minecraftforge.fml.javafmlmod.AutomaticEventSubscriber/LOADING]: Auto-subscribing net.mcreator.caerulaarbor.procedures.OnSublimationDamageEventProcedure to FORGE
[088月2026 14:53:43.752] [modloading-worker-0/DEBUG] [net.minecraftforge.fml.javafmlmod.AutomaticEventSubscriber/LOADING]: Auto-subscribing net.mcreator.caerulaarbor.procedures.OnPlayerLevelChangeProcedure to FORGE
[088月2026 14:53:43.755] [modloading-worker-0/DEBUG] [net.minecraftforge.fml.javafmlmod.AutomaticEventSubscriber/LOADING]: Auto-subscribing net.mcreator.caerulaarbor.procedures.OnEchoHealFuncProcedure to FORGE
[088月2026 14:53:43.757] [modloading-worker-0/DEBUG] [net.minecraftforge.fml.javafmlmod.AutomaticEventSubscriber/LOADING]: Auto-subscribing net.mcreator.caerulaarbor.procedures.OnArrowHitProcedure to FORGE
[088月2026 14:53:43.758] [modloading-worker-0/DEBUG] [net.minecraftforge.fml.javafmlmod.AutomaticEventSubscriber/LOADING]: Auto-subscribing net.mcreator.caerulaarbor.procedures.OceanWitherImmunityProcedure to FORGE
[088月2026 14:53:43.760] [modloading-worker-0/DEBUG] [net.minecraftforge.fml.javafmlmod.AutomaticEventSubscriber/LOADING]: Auto-subscribing net.mcreator.caerulaarbor.procedures.OceanWitherExtraAttackProcedure to FORGE
[088月2026 14:53:43.761] [modloading-worker-0/DEBUG] [net.minecraftforge.fml.javafmlmod.AutomaticEventSubscriber/LOADING]: Auto-subscribing net.mcreator.caerulaarbor.procedures.NumbnessFuncProcedure to FORGE
[088月2026 14:53:43.762] [modloading-worker-0/DEBUG] [net.minecraftforge.fml.javafmlmod.AutomaticEventSubscriber/LOADING]: Auto-subscribing net.mcreator.caerulaarbor.procedures.NoSameTeamDamageProcedure to FORGE
[088月2026 14:53:43.763] [modloading-worker-0/DEBUG] [net.minecraftforge.fml.javafmlmod.AutomaticEventSubscriber/LOADING]: Auto-subscribing net.mcreator.caerulaarbor.procedures.NoInTeamDamageProcedure to FORGE
[088月2026 14:53:43.764] [modloading-worker-0/DEBUG] [net.minecraftforge.fml.javafmlmod.AutomaticEventSubscriber/LOADING]: Auto-subscribing net.mcreator.caerulaarbor.procedures.NoDamageBetweenHumansProcedure to FORGE
[088月2026 14:53:43.765] [modloading-worker-0/DEBUG] [net.minecraftforge.fml.javafmlmod.AutomaticEventSubscriber/LOADING]: Auto-subscribing net.mcreator.caerulaarbor.procedures.NetherseaWalkerExtraFuncProcedure to FORGE
[088月2026 14:53:43.766] [modloading-worker-0/DEBUG] [net.minecraftforge.fml.javafmlmod.AutomaticEventSubscriber/LOADING]: Auto-subscribing net.mcreator.caerulaarbor.procedures.MobTickFuncProcedure to FORGE
[088月2026 14:53:43.768] [modloading-worker-0/DEBUG] [net.minecraftforge.fml.javafmlmod.AutomaticEventSubscriber/LOADING]: Auto-subscribing net.mcreator.caerulaarbor.procedures.MobInitProcedure to FORGE
[088月2026 14:53:43.769] [modloading-worker-0/DEBUG] [net.minecraftforge.fml.javafmlmod.AutomaticEventSubscriber/LOADING]: Auto-subscribing net.mcreator.caerulaarbor.procedures.MobHurtFuncProcedure to FORGE
[088月2026 14:53:43.770] [modloading-worker-0/DEBUG] [net.minecraftforge.fml.javafmlmod.AutomaticEventSubscriber/LOADING]: Auto-subscribing net.mcreator.caerulaarbor.procedures.MobHitFuncProcedure to FORGE
[088月2026 14:53:43.773] [modloading-worker-0/DEBUG] [net.minecraftforge.fml.javafmlmod.AutomaticEventSubscriber/LOADING]: Auto-subscribing net.mcreator.caerulaarbor.procedures.MobFinalHurtFuncProcedure to FORGE
[088月2026 14:53:43.774] [modloading-worker-0/DEBUG] [net.minecraftforge.fml.javafmlmod.AutomaticEventSubscriber/LOADING]: Auto-subscribing net.mcreator.caerulaarbor.procedures.MobDiedOnTrailProcedure to FORGE
[088月2026 14:53:43.777] [modloading-worker-0/DEBUG] [net.minecraftforge.fml.javafmlmod.AutomaticEventSubscriber/LOADING]: Auto-subscribing net.mcreator.caerulaarbor.procedures.MobAttackDelayerProcedure to FORGE
[088月2026 14:53:43.781] [modloading-worker-0/DEBUG] [net.minecraftforge.fml.javafmlmod.AutomaticEventSubscriber/LOADING]: Auto-subscribing net.mcreator.caerulaarbor.procedures.MobAttackDelayerIProcedure to FORGE
[088月2026 14:53:43.783] [modloading-worker-0/DEBUG] [net.minecraftforge.fml.javafmlmod.AutomaticEventSubscriber/LOADING]: Auto-subscribing net.mcreator.caerulaarbor.procedures.MissFuncProcedure to FORGE
[088月2026 14:53:43.784] [modloading-worker-0/DEBUG] [net.minecraftforge.fml.javafmlmod.AutomaticEventSubscriber/LOADING]: Auto-subscribing net.mcreator.caerulaarbor.procedures.MartusArrowImmueProcedure to FORGE
[088月2026 14:53:43.785] [modloading-worker-0/DEBUG] [net.minecraftforge.fml.javafmlmod.AutomaticEventSubscriber/LOADING]: Auto-subscribing net.mcreator.caerulaarbor.procedures.MagicResisFuncProcedure to FORGE
[088月2026 14:53:43.786] [modloading-worker-0/DEBUG] [net.minecraftforge.fml.javafmlmod.AutomaticEventSubscriber/LOADING]: Auto-subscribing net.mcreator.caerulaarbor.procedures.LockFuncProcedure to FORGE
[088月2026 14:53:43.787] [modloading-worker-0/DEBUG] [net.minecraftforge.fml.javafmlmod.AutomaticEventSubscriber/LOADING]: Auto-subscribing net.mcreator.caerulaarbor.procedures.LittleHelperNoHurtProcedure to FORGE
[088月2026 14:53:43.789] [modloading-worker-0/DEBUG] [net.minecraftforge.fml.javafmlmod.AutomaticEventSubscriber/LOADING]: Auto-subscribing net.mcreator.caerulaarbor.procedures.LifePointFuncProcedure to FORGE
[088月2026 14:53:43.792] [modloading-worker-0/DEBUG] [net.minecraftforge.fml.javafmlmod.AutomaticEventSubscriber/LOADING]: Auto-subscribing net.mcreator.caerulaarbor.procedures.LastKnightSwordFuncProcedure to FORGE
[088月2026 14:53:43.794] [modloading-worker-0/DEBUG] [net.minecraftforge.fml.javafmlmod.AutomaticEventSubscriber/LOADING]: Auto-subscribing net.mcreator.caerulaarbor.procedures.KnightAddedAttackProcedure to FORGE
[088月2026 14:53:43.796] [modloading-worker-0/DEBUG] [net.minecraftforge.fml.javafmlmod.AutomaticEventSubscriber/LOADING]: Auto-subscribing net.mcreator.caerulaarbor.procedures.KillMuteSelfProcedure to FORGE
[088月2026 14:53:43.798] [modloading-worker-0/DEBUG] [net.minecraftforge.fml.javafmlmod.AutomaticEventSubscriber/LOADING]: Auto-subscribing net.mcreator.caerulaarbor.procedures.KillFuncProcedure to FORGE
[088月2026 14:53:43.800] [modloading-worker-0/DEBUG] [net.minecraftforge.fml.javafmlmod.AutomaticEventSubscriber/LOADING]: Auto-subscribing net.mcreator.caerulaarbor.procedures.IzumikHitFuncProcedure to FORGE
[088月2026 14:53:43.802] [modloading-worker-0/DEBUG] [net.minecraftforge.fml.javafmlmod.AutomaticEventSubscriber/LOADING]: Auto-subscribing net.mcreator.caerulaarbor.procedures.IreneAttackBonusProcedure to FORGE
[088月2026 14:53:43.804] [modloading-worker-0/DEBUG] [net.minecraftforge.fml.javafmlmod.AutomaticEventSubscriber/LOADING]: Auto-subscribing net.mcreator.caerulaarbor.procedures.InvFuncProcedure to FORGE
[088月2026 14:53:43.806] [modloading-worker-0/DEBUG] [net.minecraftforge.fml.javafmlmod.AutomaticEventSubscriber/LOADING]: Auto-subscribing net.mcreator.caerulaarbor.procedures.IllusionSetVulnerableProcedure to FORGE
[088月2026 14:53:43.807] [modloading-worker-0/DEBUG] [net.minecraftforge.fml.javafmlmod.AutomaticEventSubscriber/LOADING]: Auto-subscribing net.mcreator.caerulaarbor.procedures.HuntersHitFuncProcedure to FORGE
[088月2026 14:53:43.809] [modloading-worker-0/DEBUG] [net.minecraftforge.fml.javafmlmod.AutomaticEventSubscriber/LOADING]: Auto-subscribing net.mcreator.caerulaarbor.procedures.HighmoreScytheEntityAttackProcedure to FORGE
[088月2026 14:53:43.810] [modloading-worker-0/DEBUG] [net.minecraftforge.fml.javafmlmod.AutomaticEventSubscriber/LOADING]: Auto-subscribing net.mcreator.caerulaarbor.procedures.HighmoreScytheAirAttackProcedure$HighmoreScytheAirAttackMessage to MOD
[088月2026 14:53:43.813] [modloading-worker-0/DEBUG] [net.minecraftforge.fml.javafmlmod.AutomaticEventSubscriber/LOADING]: Auto-subscribing net.mcreator.caerulaarbor.procedures.HighmoreCounterProcedure to FORGE
[088月2026 14:53:43.814] [modloading-worker-0/DEBUG] [net.minecraftforge.fml.javafmlmod.AutomaticEventSubscriber/LOADING]: Auto-subscribing net.mcreator.caerulaarbor.procedures.HandThornsFuncProcedure to FORGE
[088月2026 14:53:43.815] [modloading-worker-0/DEBUG] [net.minecraftforge.fml.javafmlmod.AutomaticEventSubscriber/LOADING]: Auto-subscribing net.mcreator.caerulaarbor.procedures.HandSwipeFuncProcedure to FORGE
[088月2026 14:53:43.816] [modloading-worker-0/DEBUG] [net.minecraftforge.fml.javafmlmod.AutomaticEventSubscriber/LOADING]: Auto-subscribing net.mcreator.caerulaarbor.procedures.HandHoeSwordProcedure to FORGE
[088月2026 14:53:43.818] [modloading-worker-0/DEBUG] [net.minecraftforge.fml.javafmlmod.AutomaticEventSubscriber/LOADING]: Auto-subscribing net.mcreator.caerulaarbor.procedures.GladiiaAttackBonusProcedure to FORGE
[088月2026 14:53:43.819] [modloading-worker-0/DEBUG] [net.minecraftforge.fml.javafmlmod.AutomaticEventSubscriber/LOADING]: Auto-subscribing net.mcreator.caerulaarbor.procedures.GetupFuncProcedure to FORGE
[088月2026 14:53:43.822] [modloading-worker-0/DEBUG] [net.minecraftforge.fml.javafmlmod.AutomaticEventSubscriber/LOADING]: Auto-subscribing net.mcreator.caerulaarbor.procedures.FoxHurtFuncProcedure to FORGE
[088月2026 14:53:43.823] [modloading-worker-0/DEBUG] [net.minecraftforge.fml.javafmlmod.AutomaticEventSubscriber/LOADING]: Auto-subscribing net.mcreator.caerulaarbor.procedures.FlamarineHurtProcedure to FORGE
[088月2026 14:53:43.825] [modloading-worker-0/DEBUG] [net.minecraftforge.fml.javafmlmod.AutomaticEventSubscriber/LOADING]: Auto-subscribing net.mcreator.caerulaarbor.procedures.FinalizeSpawnFuncProcedure to FORGE
[088月2026 14:53:43.826] [modloading-worker-0/DEBUG] [net.minecraftforge.fml.javafmlmod.AutomaticEventSubscriber/LOADING]: Auto-subscribing net.mcreator.caerulaarbor.procedures.FeedCandyProcedure to FORGE
[088月2026 14:53:43.827] [modloading-worker-0/DEBUG] [net.minecraftforge.fml.javafmlmod.AutomaticEventSubscriber/LOADING]: Auto-subscribing net.mcreator.caerulaarbor.procedures.ExtractorAdvProcedure to FORGE
[088月2026 14:53:43.828] [modloading-worker-0/DEBUG] [net.minecraftforge.fml.javafmlmod.AutomaticEventSubscriber/LOADING]: Auto-subscribing net.mcreator.caerulaarbor.procedures.ExtraMagicdamageProcedure to FORGE
[088月2026 14:53:43.830] [modloading-worker-0/DEBUG] [net.minecraftforge.fml.javafmlmod.AutomaticEventSubscriber/LOADING]: Auto-subscribing net.mcreator.caerulaarbor.procedures.ExpFuncProcedure to FORGE
[088月2026 14:53:43.831] [modloading-worker-0/DEBUG] [net.minecraftforge.fml.javafmlmod.AutomaticEventSubscriber/LOADING]: Auto-subscribing net.mcreator.caerulaarbor.procedures.EssenceResistanceWithIceProcedure to FORGE
[088月2026 14:53:43.833] [modloading-worker-0/DEBUG] [net.minecraftforge.fml.javafmlmod.AutomaticEventSubscriber/LOADING]: Auto-subscribing net.mcreator.caerulaarbor.procedures.EndspeakerttackFuncProcedure to FORGE
[088月2026 14:53:43.834] [modloading-worker-0/DEBUG] [net.minecraftforge.fml.javafmlmod.AutomaticEventSubscriber/LOADING]: Auto-subscribing net.mcreator.caerulaarbor.procedures.EndspeakerHurtFuncProcedure to FORGE
[088月2026 14:53:43.834] [modloading-worker-0/DEBUG] [net.minecraftforge.fml.javafmlmod.AutomaticEventSubscriber/LOADING]: Auto-subscribing net.mcreator.caerulaarbor.procedures.EndspeakerDamageFuncProcedure to FORGE
[088月2026 14:53:43.836] [modloading-worker-0/DEBUG] [net.minecraftforge.fml.javafmlmod.AutomaticEventSubscriber/LOADING]: Auto-subscribing net.mcreator.caerulaarbor.procedures.DieInWallProcedure to FORGE
[088月2026 14:53:43.837] [modloading-worker-0/DEBUG] [net.minecraftforge.fml.javafmlmod.AutomaticEventSubscriber/LOADING]: Auto-subscribing net.mcreator.caerulaarbor.procedures.DefensiveModeFuncProcedure to FORGE
[088月2026 14:53:43.838] [modloading-worker-0/DEBUG] [net.minecraftforge.fml.javafmlmod.AutomaticEventSubscriber/LOADING]: Auto-subscribing net.mcreator.caerulaarbor.procedures.DebugProcedure to FORGE
[088月2026 14:53:43.839] [modloading-worker-0/DEBUG] [net.minecraftforge.fml.javafmlmod.AutomaticEventSubscriber/LOADING]: Auto-subscribing net.mcreator.caerulaarbor.procedures.DamageBurdenVeicleProcedure to FORGE
[088月2026 14:53:43.841] [modloading-worker-0/DEBUG] [net.minecraftforge.fml.javafmlmod.AutomaticEventSubscriber/LOADING]: Auto-subscribing net.mcreator.caerulaarbor.procedures.CustomBossBarProcedure to FORGE
[088月2026 14:53:43.846] [modloading-worker-0/DEBUG] [net.minecraftforge.fml.javafmlmod.AutomaticEventSubscriber/LOADING]: Auto-subscribing net.mcreator.caerulaarbor.procedures.CrimsonTreatyFuncProcedure to FORGE
[088月2026 14:53:43.848] [modloading-worker-0/DEBUG] [net.minecraftforge.fml.javafmlmod.AutomaticEventSubscriber/LOADING]: Auto-subscribing net.mcreator.caerulaarbor.procedures.CreeprHitFuncProcedure to FORGE
[088月2026 14:53:43.849] [modloading-worker-0/DEBUG] [net.minecraftforge.fml.javafmlmod.AutomaticEventSubscriber/LOADING]: Auto-subscribing net.mcreator.caerulaarbor.procedures.CreeprChimeraHitFuncProcedure to FORGE
[088月2026 14:53:43.852] [modloading-worker-0/DEBUG] [net.minecraftforge.fml.javafmlmod.AutomaticEventSubscriber/LOADING]: Auto-subscribing net.mcreator.caerulaarbor.procedures.CounterBackFuncProcedure to FORGE
[088月2026 14:53:43.853] [modloading-worker-0/DEBUG] [net.minecraftforge.fml.javafmlmod.AutomaticEventSubscriber/LOADING]: Auto-subscribing net.mcreator.caerulaarbor.procedures.CorruptedHitFuncProcedure to FORGE
[088月2026 14:53:43.855] [modloading-worker-0/DEBUG] [net.minecraftforge.fml.javafmlmod.AutomaticEventSubscriber/LOADING]: Auto-subscribing net.mcreator.caerulaarbor.procedures.CorruptedBurdenDamageProcedure to FORGE
[088月2026 14:53:43.856] [modloading-worker-0/DEBUG] [net.minecraftforge.fml.javafmlmod.AutomaticEventSubscriber/LOADING]: Auto-subscribing net.mcreator.caerulaarbor.procedures.CorruptSkadiProcedure to FORGE
[088月2026 14:53:43.858] [modloading-worker-0/DEBUG] [net.minecraftforge.fml.javafmlmod.AutomaticEventSubscriber/LOADING]: Auto-subscribing net.mcreator.caerulaarbor.procedures.CompchitinLimitDamageProcedure to FORGE
[088月2026 14:53:43.860] [modloading-worker-0/DEBUG] [net.minecraftforge.fml.javafmlmod.AutomaticEventSubscriber/LOADING]: Auto-subscribing net.mcreator.caerulaarbor.procedures.CommandFuncProcedure to FORGE
[088月2026 14:53:43.863] [modloading-worker-0/DEBUG] [net.minecraftforge.fml.javafmlmod.AutomaticEventSubscriber/LOADING]: Auto-subscribing net.mcreator.caerulaarbor.procedures.ChimeraReefbreakerProcedure to FORGE
[088月2026 14:53:43.864] [modloading-worker-0/DEBUG] [net.minecraftforge.fml.javafmlmod.AutomaticEventSubscriber/LOADING]: Auto-subscribing net.mcreator.caerulaarbor.procedures.ChimeraKilledByApocataProcedure to FORGE
[088月2026 14:53:43.865] [modloading-worker-0/DEBUG] [net.minecraftforge.fml.javafmlmod.AutomaticEventSubscriber/LOADING]: Auto-subscribing net.mcreator.caerulaarbor.procedures.CheckRejectionEnchantmentProcedure to FORGE
[088月2026 14:53:43.866] [modloading-worker-0/DEBUG] [net.minecraftforge.fml.javafmlmod.AutomaticEventSubscriber/LOADING]: Auto-subscribing net.mcreator.caerulaarbor.procedures.ChangeAttackGoalProcedure to FORGE
[088月2026 14:53:43.867] [modloading-worker-0/DEBUG] [net.minecraftforge.fml.javafmlmod.AutomaticEventSubscriber/LOADING]: Auto-subscribing net.mcreator.caerulaarbor.procedures.CatalystFuncProcedure to FORGE
[088月2026 14:53:43.869] [modloading-worker-0/DEBUG] [net.minecraftforge.fml.javafmlmod.AutomaticEventSubscriber/LOADING]: Auto-subscribing net.mcreator.caerulaarbor.procedures.BruteHurtPlayerProcedure to FORGE
[088月2026 14:53:43.870] [modloading-worker-0/DEBUG] [net.minecraftforge.fml.javafmlmod.AutomaticEventSubscriber/LOADING]: Auto-subscribing net.mcreator.caerulaarbor.procedures.BossKilledProcedure to FORGE
[088月2026 14:53:43.872] [modloading-worker-0/DEBUG] [net.minecraftforge.fml.javafmlmod.AutomaticEventSubscriber/LOADING]: Auto-subscribing net.mcreator.caerulaarbor.procedures.BossHitFuncProcedure to FORGE
[088月2026 14:53:43.873] [modloading-worker-0/DEBUG] [net.minecraftforge.fml.javafmlmod.AutomaticEventSubscriber/LOADING]: Auto-subscribing net.mcreator.caerulaarbor.procedures.BarrierResetProcedure to FORGE
[088月2026 14:53:43.875] [modloading-worker-0/DEBUG] [net.minecraftforge.fml.javafmlmod.AutomaticEventSubscriber/LOADING]: Auto-subscribing net.mcreator.caerulaarbor.procedures.BarrierFuncProcedure to FORGE
[088月2026 14:53:43.876] [modloading-worker-0/DEBUG] [net.minecraftforge.fml.javafmlmod.AutomaticEventSubscriber/LOADING]: Auto-subscribing net.mcreator.caerulaarbor.procedures.BanRElicFuncProcedure to FORGE
[088月2026 14:53:43.878] [modloading-worker-0/DEBUG] [net.minecraftforge.fml.javafmlmod.AutomaticEventSubscriber/LOADING]: Auto-subscribing net.mcreator.caerulaarbor.procedures.ArrowTickFuncProcedure to FORGE
[088月2026 14:53:43.879] [modloading-worker-0/DEBUG] [net.minecraftforge.fml.javafmlmod.AutomaticEventSubscriber/LOADING]: Auto-subscribing net.mcreator.caerulaarbor.procedures.ArmorKnightFuncProcedure to FORGE
[088月2026 14:53:43.880] [modloading-worker-0/DEBUG] [net.minecraftforge.fml.javafmlmod.AutomaticEventSubscriber/LOADING]: Auto-subscribing net.mcreator.caerulaarbor.procedures.ArmorEnchantFuncProcedure to FORGE
[088月2026 14:53:43.881] [modloading-worker-0/DEBUG] [net.minecraftforge.fml.javafmlmod.AutomaticEventSubscriber/LOADING]: Auto-subscribing net.mcreator.caerulaarbor.procedures.AnvilDataSyncProcedure to FORGE
[088月2026 14:53:43.883] [modloading-worker-0/DEBUG] [net.minecraftforge.fml.javafmlmod.AutomaticEventSubscriber/LOADING]: Auto-subscribing net.mcreator.caerulaarbor.network.RelicShowcaseButtonMessage to MOD
[088月2026 14:53:43.884] [modloading-worker-0/DEBUG] [net.minecraftforge.fml.javafmlmod.AutomaticEventSubscriber/LOADING]: Auto-subscribing net.mcreator.caerulaarbor.network.PlayerEvoButtonMessage to MOD
[088月2026 14:53:43.886] [modloading-worker-0/DEBUG] [net.minecraftforge.fml.javafmlmod.AutomaticEventSubscriber/LOADING]: Auto-subscribing net.mcreator.caerulaarbor.network.InfoStrategySubsisButtonMessage to MOD
[088月2026 14:53:43.887] [modloading-worker-0/DEBUG] [net.minecraftforge.fml.javafmlmod.AutomaticEventSubscriber/LOADING]: Auto-subscribing net.mcreator.caerulaarbor.network.InfoStrategyMigrationButtonMessage to MOD
[088月2026 14:53:43.887] [modloading-worker-0/DEBUG] [net.minecraftforge.fml.javafmlmod.AutomaticEventSubscriber/LOADING]: Auto-subscribing net.mcreator.caerulaarbor.network.InfoStrategyGrowButtonMessage to MOD
[088月2026 14:53:43.888] [modloading-worker-0/DEBUG] [net.minecraftforge.fml.javafmlmod.AutomaticEventSubscriber/LOADING]: Auto-subscribing net.mcreator.caerulaarbor.network.InfoStrategyBreedButtonMessage to MOD
[088月2026 14:53:43.889] [modloading-worker-0/DEBUG] [net.minecraftforge.fml.javafmlmod.AutomaticEventSubscriber/LOADING]: Auto-subscribing net.mcreator.caerulaarbor.network.InfoStrategyAllButtonMessage to MOD
[088月2026 14:53:43.891] [modloading-worker-0/DEBUG] [net.minecraftforge.fml.javafmlmod.AutomaticEventSubscriber/LOADING]: Auto-subscribing net.mcreator.caerulaarbor.network.EvoTreeButtonMessage to MOD
[088月2026 14:53:43.892] [modloading-worker-0/DEBUG] [net.minecraftforge.fml.javafmlmod.AutomaticEventSubscriber/LOADING]: Auto-subscribing net.mcreator.caerulaarbor.network.EchoShowButtonMessage to MOD
[088月2026 14:53:43.894] [modloading-worker-0/DEBUG] [net.minecraftforge.fml.javafmlmod.AutomaticEventSubscriber/LOADING]: Auto-subscribing net.mcreator.caerulaarbor.network.DisoclutionShowButtonMessage to MOD
[088月2026 14:53:43.895] [modloading-worker-0/DEBUG] [net.minecraftforge.fml.javafmlmod.AutomaticEventSubscriber/LOADING]: Auto-subscribing net.mcreator.caerulaarbor.network.CentrifugerSelectButtonMessage to MOD
[088月2026 14:53:43.896] [modloading-worker-0/DEBUG] [net.minecraftforge.fml.javafmlmod.AutomaticEventSubscriber/LOADING]: Auto-subscribing net.mcreator.caerulaarbor.network.CaerulaRecordGUIButtonMessage to MOD
[088月2026 14:53:43.897] [modloading-worker-0/DEBUG] [net.minecraftforge.fml.javafmlmod.AutomaticEventSubscriber/LOADING]: Auto-subscribing net.mcreator.caerulaarbor.network.CaerulaArborModVariables to MOD
[088月2026 14:53:43.898] [modloading-worker-0/DEBUG] [net.minecraftforge.fml.javafmlmod.AutomaticEventSubscriber/LOADING]: Auto-subscribing net.mcreator.caerulaarbor.network.CaerulaArborModVariables$PlayerVariablesProvider to FORGE
[088月2026 14:53:43.900] [modloading-worker-0/DEBUG] [net.minecraftforge.fml.javafmlmod.AutomaticEventSubscriber/LOADING]: Auto-subscribing net.mcreator.caerulaarbor.network.CaerulaArborModVariables$EventBusVariableHandlers to FORGE
[088月2026 14:53:43.905] [modloading-worker-0/DEBUG] [net.minecraftforge.fml.javafmlmod.AutomaticEventSubscriber/LOADING]: Auto-subscribing net.mcreator.caerulaarbor.item.extension.DispenserShotDrifterBallItemExtension to MOD
[088月2026 14:53:43.906] [modloading-worker-0/DEBUG] [net.minecraftforge.fml.javafmlmod.AutomaticEventSubscriber/LOADING]: Auto-subscribing net.mcreator.caerulaarbor.init.ItemAnimationFactory to FORGE
[088月2026 14:53:43.908] [modloading-worker-0/DEBUG] [net.minecraftforge.fml.javafmlmod.AutomaticEventSubscriber/LOADING]: Auto-subscribing net.mcreator.caerulaarbor.init.EntityAnimationFactory to FORGE
[088月2026 14:53:43.910] [modloading-worker-0/DEBUG] [net.minecraftforge.fml.javafmlmod.AutomaticEventSubscriber/LOADING]: Auto-subscribing net.mcreator.caerulaarbor.init.CaerulaArborModVillagerProfessions to MOD
[088月2026 14:53:43.911] [modloading-worker-0/DEBUG] [net.minecraftforge.fml.javafmlmod.AutomaticEventSubscriber/LOADING]: Auto-subscribing net.mcreator.caerulaarbor.init.CaerulaArborModTrades to FORGE
[088月2026 14:53:43.912] [modloading-worker-0/DEBUG] [net.minecraftforge.fml.javafmlmod.AutomaticEventSubscriber/LOADING]: Auto-subscribing net.mcreator.caerulaarbor.init.CaerulaArborModTabs to MOD
[088月2026 14:53:43.913] [modloading-worker-0/DEBUG] [net.minecraftforge.fml.javafmlmod.AutomaticEventSubscriber/LOADING]: Auto-subscribing net.mcreator.caerulaarbor.init.CaerulaArborModLootModifier to MOD
[088月2026 14:53:43.916] [modloading-worker-0/DEBUG] [net.minecraftforge.fml.javafmlmod.AutomaticEventSubscriber/LOADING]: Auto-subscribing net.mcreator.caerulaarbor.init.CaerulaArborModGameRules to MOD
[088月2026 14:53:43.917] [modloading-worker-0/DEBUG] [net.minecraftforge.fml.javafmlmod.AutomaticEventSubscriber/LOADING]: Auto-subscribing net.mcreator.caerulaarbor.init.CaerulaArborModFuels to FORGE
[088月2026 14:53:43.919] [modloading-worker-0/DEBUG] [net.minecraftforge.fml.javafmlmod.AutomaticEventSubscriber/LOADING]: Auto-subscribing net.mcreator.caerulaarbor.init.CaerulaArborModEntities to MOD
[088月2026 14:53:43.920] [modloading-worker-0/DEBUG] [net.minecraftforge.fml.javafmlmod.AutomaticEventSubscriber/LOADING]: Auto-subscribing net.mcreator.caerulaarbor.init.CaerulaArborModConfigs to MOD
[088月2026 14:53:43.921] [modloading-worker-0/DEBUG] [net.minecraftforge.fml.javafmlmod.AutomaticEventSubscriber/LOADING]: Auto-subscribing net.mcreator.caerulaarbor.init.CaerulaArborModCompostableItems to MOD
[088月2026 14:53:43.923] [modloading-worker-0/DEBUG] [net.minecraftforge.fml.javafmlmod.AutomaticEventSubscriber/LOADING]: Auto-subscribing net.mcreator.caerulaarbor.init.CaerulaArborModBiomes to FORGE
[088月2026 14:53:43.925] [modloading-worker-0/DEBUG] [net.minecraftforge.fml.javafmlmod.AutomaticEventSubscriber/LOADING]: Auto-subscribing net.mcreator.caerulaarbor.init.CaerulaArborModAttributes to MOD
[088月2026 14:53:43.927] [modloading-worker-0/DEBUG] [net.minecraftforge.fml.javafmlmod.AutomaticEventSubscriber/LOADING]: Auto-subscribing net.mcreator.caerulaarbor.init.CaerulaArborModAttributes$PlayerAttributesSync to FORGE
[088月2026 14:53:43.928] [modloading-worker-0/DEBUG] [net.minecraftforge.fml.javafmlmod.AutomaticEventSubscriber/LOADING]: Auto-subscribing net.mcreator.caerulaarbor.init.ArmorAnimationFactory to FORGE
[088月2026 14:53:43.930] [modloading-worker-0/DEBUG] [net.minecraftforge.fml.javafmlmod.AutomaticEventSubscriber/LOADING]: Auto-subscribing net.mcreator.caerulaarbor.command.SetPlayerLifeCommand to FORGE
[088月2026 14:53:43.934] [modloading-worker-0/DEBUG] [net.minecraftforge.fml.javafmlmod.AutomaticEventSubscriber/LOADING]: Auto-subscribing net.mcreator.caerulaarbor.command.EvolutionCommand to FORGE
[088月2026 14:53:43.936] [modloading-worker-0/DEBUG] [net.minecraftforge.fml.javafmlmod.AutomaticEventSubscriber/LOADING]: Auto-subscribing net.mcreator.caerulaarbor.command.CaerulaSanityCommand to FORGE
[088月2026 14:53:43.937] [modloading-worker-0/DEBUG] [net.minecraftforge.fml.javafmlmod.AutomaticEventSubscriber/LOADING]: Auto-subscribing net.mcreator.caerulaarbor.command.CaerulaArborEndspeakerCommand to FORGE
[088月2026 14:53:43.939] [modloading-worker-0/DEBUG] [net.minecraftforge.fml.javafmlmod.AutomaticEventSubscriber/LOADING]: Auto-subscribing net.mcreator.caerulaarbor.block.listener.ClientListener to MOD
[088月2026 14:53:43.940] [modloading-worker-0/DEBUG] [net.minecraftforge.fml.javafmlmod.AutomaticEventSubscriber/LOADING]: Auto-subscribing net.mcreator.caerulaarbor.anvilrecipes.FixMusicBoxAnvilRecipe to FORGE
[088月2026 14:53:43.942] [modloading-worker-0/DEBUG] [net.minecraftforge.fml.javafmlmod.AutomaticEventSubscriber/LOADING]: Auto-subscribing net.mcreator.caerulaarbor.anvilrecipes.AnvilKnightSwordAnvilRecipe to FORGE
[088月2026 14:53:43.943] [modloading-worker-0/DEBUG] [net.minecraftforge.fml.javafmlmod.AutomaticEventSubscriber/LOADING]: Auto-subscribing net.mcreator.caerulaarbor.anvilrecipes.AnvilCrownAnvilRecipe to FORGE
[088月2026 14:53:43.944] [modloading-worker-0/DEBUG] [net.minecraftforge.fml.javafmlmod.AutomaticEventSubscriber/LOADING]: Auto-subscribing net.mcreator.caerulaarbor.anvilrecipes.AnvilChestpAnvilRecipe to FORGE
[088月2026 14:53:43.945] [modloading-worker-0/DEBUG] [net.minecraftforge.fml.javafmlmod.AutomaticEventSubscriber/LOADING]: Auto-subscribing net.mcreator.caerulaarbor.Iii to MOD
[088月2026 14:53:43.945] [modloading-worker-0/DEBUG] [net.minecraftforge.fml.javafmlmod.AutomaticEventSubscriber/LOADING]: Auto-subscribing net.mcreator.caerulaarbor.Iii$IiiForgeBusEvents to FORGE
[088月2026 14:53:43.946] [modloading-worker-0/DEBUG] [net.minecraftforge.fml.javafmlmod.AutomaticEventSubscriber/LOADING]: Auto-subscribing net.mcreator.caerulaarbor.CASoundEvents to FORGE
[088月2026 14:53:43.951] [main/DEBUG] [net.minecraftforge.fml.DeferredWorkQueue/LOADING]: Dispatching synchronous work for work queue CONSTRUCT: 2 jobs
[088月2026 14:53:43.958] [main/DEBUG] [net.minecraftforge.fml.config.ConfigTracker/CONFIG]: Config file caerular_configs.toml for caerula_arbor tracking
[088月2026 14:53:43.959] [main/DEBUG] [net.minecraftforge.fml.DeferredWorkQueue/LOADING]: Synchronous work queue completed in 6.019 ms
[088月2026 14:53:43.993] [main/DEBUG] [net.minecraftforge.registries.ObjectHolderRegistry/REGISTRIES]: Processing ObjectHolder annotations
[088月2026 14:53:44.023] [main/DEBUG] [net.minecraftforge.registries.ObjectHolderRegistry/REGISTRIES]: Found 5780 ObjectHolder annotations
[088月2026 14:53:44.027] [main/DEBUG] [net.minecraftforge.common.capabilities.CapabilityManager/CAPABILITIES]: Attempting to automatically register: Lnet/minecraftforge/energy/IEnergyStorage;
[088月2026 14:53:44.027] [main/DEBUG] [net.minecraftforge.common.capabilities.CapabilityManager/CAPABILITIES]: Attempting to automatically register: Lnet/minecraftforge/fluids/capability/IFluidHandler;
[088月2026 14:53:44.027] [main/DEBUG] [net.minecraftforge.common.capabilities.CapabilityManager/CAPABILITIES]: Attempting to automatically register: Lnet/minecraftforge/fluids/capability/IFluidHandlerItem;
[088月2026 14:53:44.027] [main/DEBUG] [net.minecraftforge.common.capabilities.CapabilityManager/CAPABILITIES]: Attempting to automatically register: Lnet/minecraftforge/items/IItemHandler;
[088月2026 14:53:44.029] [main/DEBUG] [net.minecraftforge.registries.GameData/REGISTRIES]: Unfreezing vanilla registries
[088月2026 14:53:44.042] [main/DEBUG] [net.minecraftforge.registries.GameData/REGISTRIES]: Applying holder lookups: minecraft:sound_event
[088月2026 14:53:44.048] [main/DEBUG] [net.minecraftforge.registries.GameData/REGISTRIES]: Holder lookups applied: minecraft:sound_event
[088月2026 14:53:44.052] [main/DEBUG] [net.minecraftforge.registries.GameData/REGISTRIES]: Applying holder lookups: minecraft:fluid
[088月2026 14:53:44.054] [main/DEBUG] [net.minecraftforge.registries.GameData/REGISTRIES]: Holder lookups applied: minecraft:fluid
[088月2026 14:53:52.157] [main/DEBUG] [net.minecraftforge.registries.GameData/REGISTRIES]: Applying holder lookups: minecraft:block
[088月2026 14:53:52.159] [main/DEBUG] [net.minecraftforge.registries.GameData/REGISTRIES]: Holder lookups applied: minecraft:block
[088月2026 14:53:52.160] [main/DEBUG] [net.minecraftforge.registries.GameData/REGISTRIES]: Applying holder lookups: minecraft:attribute
[088月2026 14:53:52.161] [main/DEBUG] [net.minecraftforge.registries.GameData/REGISTRIES]: Holder lookups applied: minecraft:attribute
[088月2026 14:53:52.174] [main/DEBUG] [net.minecraftforge.registries.GameData/REGISTRIES]: Applying holder lookups: minecraft:mob_effect
[088月2026 14:53:52.175] [main/DEBUG] [net.minecraftforge.registries.GameData/REGISTRIES]: Holder lookups applied: minecraft:mob_effect
[088月2026 14:53:52.176] [main/DEBUG] [net.minecraftforge.registries.GameData/REGISTRIES]: Applying holder lookups: minecraft:particle_type
[088月2026 14:53:52.177] [main/DEBUG] [net.minecraftforge.registries.GameData/REGISTRIES]: Holder lookups applied: minecraft:particle_type
[088月2026 14:53:52.274] [main/DEBUG] [io.netty.util.internal.InternalThreadLocalMap/]: -Dio.netty.threadLocalMap.stringBuilder.initialSize: 1024
[088月2026 14:53:52.275] [main/DEBUG] [io.netty.util.internal.InternalThreadLocalMap/]: -Dio.netty.threadLocalMap.stringBuilder.maxSize: 4096
[088月2026 14:53:52.275] [main/DEBUG] [io.netty.util.internal.ThreadLocalRandom/]: -Dio.netty.initialSeedUniquifier: 0xa6cb275f32f30b40
[088月2026 14:53:52.287] [main/DEBUG] [software.bernie.geckolib.GeckoLib/]: Registered SyncedAnimatable for class software.bernie.example.item.JackInTheBoxItem
[088月2026 14:53:52.290] [main/DEBUG] [net.minecraftforge.registries.GameData/REGISTRIES]: Applying holder lookups: minecraft:item
[088月2026 14:53:52.292] [main/DEBUG] [net.minecraftforge.registries.GameData/REGISTRIES]: Holder lookups applied: minecraft:item
[088月2026 14:53:52.305] [main/DEBUG] [net.minecraftforge.registries.GameData/REGISTRIES]: Applying holder lookups: minecraft:entity_type
[088月2026 14:53:52.307] [main/DEBUG] [net.minecraftforge.registries.GameData/REGISTRIES]: Holder lookups applied: minecraft:entity_type
[088月2026 14:53:52.307] [main/DEBUG] [net.minecraftforge.registries.GameData/REGISTRIES]: Applying holder lookups: minecraft:sensor_type
[088月2026 14:53:52.308] [main/DEBUG] [net.minecraftforge.registries.GameData/REGISTRIES]: Holder lookups applied: minecraft:sensor_type
[088月2026 14:53:52.309] [main/DEBUG] [net.minecraftforge.registries.GameData/REGISTRIES]: Applying holder lookups: minecraft:memory_module_type
[088月2026 14:53:52.310] [main/DEBUG] [net.minecraftforge.registries.GameData/REGISTRIES]: Holder lookups applied: minecraft:memory_module_type
[088月2026 14:53:52.310] [main/DEBUG] [net.minecraftforge.registries.GameData/REGISTRIES]: Applying holder lookups: minecraft:potion
[088月2026 14:53:52.311] [main/DEBUG] [net.minecraftforge.registries.GameData/REGISTRIES]: Holder lookups applied: minecraft:potion
[088月2026 14:53:52.311] [main/DEBUG] [net.minecraftforge.registries.GameData/REGISTRIES]: Applying holder lookups: minecraft:game_event
[088月2026 14:53:52.312] [main/DEBUG] [net.minecraftforge.registries.GameData/REGISTRIES]: Holder lookups applied: minecraft:game_event
[088月2026 14:53:52.315] [main/DEBUG] [net.minecraftforge.registries.GameData/REGISTRIES]: Applying holder lookups: minecraft:enchantment
[088月2026 14:53:52.316] [main/DEBUG] [net.minecraftforge.registries.GameData/REGISTRIES]: Holder lookups applied: minecraft:enchantment
[088月2026 14:53:52.354] [main/DEBUG] [net.minecraftforge.registries.GameData/REGISTRIES]: Applying holder lookups: minecraft:block_entity_type
[088月2026 14:53:52.355] [main/DEBUG] [net.minecraftforge.registries.GameData/REGISTRIES]: Holder lookups applied: minecraft:block_entity_type
[088月2026 14:53:52.355] [main/DEBUG] [net.minecraftforge.registries.GameData/REGISTRIES]: Applying holder lookups: minecraft:painting_variant
[088月2026 14:53:52.356] [main/DEBUG] [net.minecraftforge.registries.GameData/REGISTRIES]: Holder lookups applied: minecraft:painting_variant
[088月2026 14:53:52.356] [main/DEBUG] [net.minecraftforge.registries.GameData/REGISTRIES]: Applying holder lookups: minecraft:stat_type
[088月2026 14:53:52.357] [main/DEBUG] [net.minecraftforge.registries.GameData/REGISTRIES]: Holder lookups applied: minecraft:stat_type
[088月2026 14:53:52.358] [main/DEBUG] [net.minecraftforge.registries.GameData/REGISTRIES]: Applying holder lookups: minecraft:custom_stat
[088月2026 14:53:52.359] [main/DEBUG] [net.minecraftforge.registries.GameData/REGISTRIES]: Holder lookups applied: minecraft:custom_stat
[088月2026 14:53:52.359] [main/DEBUG] [net.minecraftforge.registries.GameData/REGISTRIES]: Applying holder lookups: minecraft:chunk_status
[088月2026 14:53:52.360] [main/DEBUG] [net.minecraftforge.registries.GameData/REGISTRIES]: Holder lookups applied: minecraft:chunk_status
[088月2026 14:53:52.360] [main/DEBUG] [net.minecraftforge.registries.GameData/REGISTRIES]: Applying holder lookups: minecraft:rule_test
[088月2026 14:53:52.360] [main/DEBUG] [net.minecraftforge.registries.GameData/REGISTRIES]: Holder lookups applied: minecraft:rule_test
[088月2026 14:53:52.361] [main/DEBUG] [net.minecraftforge.registries.GameData/REGISTRIES]: Applying holder lookups: minecraft:rule_block_entity_modifier
[088月2026 14:53:52.361] [main/DEBUG] [net.minecraftforge.registries.GameData/REGISTRIES]: Holder lookups applied: minecraft:rule_block_entity_modifier
[088月2026 14:53:52.361] [main/DEBUG] [net.minecraftforge.registries.GameData/REGISTRIES]: Applying holder lookups: minecraft:pos_rule_test
[088月2026 14:53:52.362] [main/DEBUG] [net.minecraftforge.registries.GameData/REGISTRIES]: Holder lookups applied: minecraft:pos_rule_test
[088月2026 14:53:52.371] [main/DEBUG] [net.minecraftforge.registries.GameData/REGISTRIES]: Applying holder lookups: minecraft:menu
[088月2026 14:53:52.372] [main/DEBUG] [net.minecraftforge.registries.GameData/REGISTRIES]: Holder lookups applied: minecraft:menu
[088月2026 14:53:52.372] [main/DEBUG] [net.minecraftforge.registries.GameData/REGISTRIES]: Applying holder lookups: minecraft:recipe_type
[088月2026 14:53:52.373] [main/DEBUG] [net.minecraftforge.registries.GameData/REGISTRIES]: Holder lookups applied: minecraft:recipe_type
[088月2026 14:53:52.393] [main/DEBUG] [net.minecraftforge.registries.GameData/REGISTRIES]: Applying holder lookups: minecraft:recipe_serializer
[088月2026 14:53:52.395] [main/DEBUG] [net.minecraftforge.registries.GameData/REGISTRIES]: Holder lookups applied: minecraft:recipe_serializer
[088月2026 14:53:52.395] [main/DEBUG] [net.minecraftforge.registries.GameData/REGISTRIES]: Applying holder lookups: minecraft:position_source_type
[088月2026 14:53:52.396] [main/DEBUG] [net.minecraftforge.registries.GameData/REGISTRIES]: Holder lookups applied: minecraft:position_source_type
[088月2026 14:53:52.399] [main/DEBUG] [net.minecraftforge.registries.GameData/REGISTRIES]: Applying holder lookups: minecraft:command_argument_type
[088月2026 14:53:52.400] [main/DEBUG] [net.minecraftforge.registries.GameData/REGISTRIES]: Holder lookups applied: minecraft:command_argument_type
[088月2026 14:53:52.400] [main/DEBUG] [net.minecraftforge.registries.GameData/REGISTRIES]: Applying holder lookups: minecraft:villager_type
[088月2026 14:53:52.401] [main/DEBUG] [net.minecraftforge.registries.GameData/REGISTRIES]: Holder lookups applied: minecraft:villager_type
[088月2026 14:53:52.402] [main/DEBUG] [net.minecraftforge.registries.GameData/REGISTRIES]: Applying holder lookups: minecraft:villager_profession
[088月2026 14:53:52.403] [main/DEBUG] [net.minecraftforge.registries.GameData/REGISTRIES]: Holder lookups applied: minecraft:villager_profession
[088月2026 14:53:52.404] [main/DEBUG] [net.minecraftforge.registries.GameData/REGISTRIES]: Applying holder lookups: minecraft:point_of_interest_type
[088月2026 14:53:52.405] [main/DEBUG] [net.minecraftforge.registries.GameData/REGISTRIES]: Holder lookups applied: minecraft:point_of_interest_type
[088月2026 14:53:52.406] [main/DEBUG] [net.minecraftforge.registries.GameData/REGISTRIES]: Applying holder lookups: minecraft:schedule
[088月2026 14:53:52.407] [main/DEBUG] [net.minecraftforge.registries.GameData/REGISTRIES]: Holder lookups applied: minecraft:schedule
[088月2026 14:53:52.407] [main/DEBUG] [net.minecraftforge.registries.GameData/REGISTRIES]: Applying holder lookups: minecraft:activity
[088月2026 14:53:52.408] [main/DEBUG] [net.minecraftforge.registries.GameData/REGISTRIES]: Holder lookups applied: minecraft:activity
[088月2026 14:53:52.408] [main/DEBUG] [net.minecraftforge.registries.GameData/REGISTRIES]: Applying holder lookups: minecraft:loot_pool_entry_type
[088月2026 14:53:52.409] [main/DEBUG] [net.minecraftforge.registries.GameData/REGISTRIES]: Holder lookups applied: minecraft:loot_pool_entry_type
[088月2026 14:53:52.409] [main/DEBUG] [net.minecraftforge.registries.GameData/REGISTRIES]: Applying holder lookups: minecraft:loot_function_type
[088月2026 14:53:52.410] [main/DEBUG] [net.minecraftforge.registries.GameData/REGISTRIES]: Holder lookups applied: minecraft:loot_function_type
[088月2026 14:53:52.412] [main/DEBUG] [net.minecraftforge.registries.GameData/REGISTRIES]: Applying holder lookups: minecraft:loot_condition_type
[088月2026 14:53:52.413] [main/DEBUG] [net.minecraftforge.registries.GameData/REGISTRIES]: Holder lookups applied: minecraft:loot_condition_type
[088月2026 14:53:52.413] [main/DEBUG] [net.minecraftforge.registries.GameData/REGISTRIES]: Applying holder lookups: minecraft:loot_number_provider_type
[088月2026 14:53:52.414] [main/DEBUG] [net.minecraftforge.registries.GameData/REGISTRIES]: Holder lookups applied: minecraft:loot_number_provider_type
[088月2026 14:53:52.414] [main/DEBUG] [net.minecraftforge.registries.GameData/REGISTRIES]: Applying holder lookups: minecraft:loot_nbt_provider_type
[088月2026 14:53:52.415] [main/DEBUG] [net.minecraftforge.registries.GameData/REGISTRIES]: Holder lookups applied: minecraft:loot_nbt_provider_type
[088月2026 14:53:52.415] [main/DEBUG] [net.minecraftforge.registries.GameData/REGISTRIES]: Applying holder lookups: minecraft:loot_score_provider_type
[088月2026 14:53:52.416] [main/DEBUG] [net.minecraftforge.registries.GameData/REGISTRIES]: Holder lookups applied: minecraft:loot_score_provider_type
[088月2026 14:53:52.416] [main/DEBUG] [net.minecraftforge.registries.GameData/REGISTRIES]: Applying holder lookups: minecraft:float_provider_type
[088月2026 14:53:52.417] [main/DEBUG] [net.minecraftforge.registries.GameData/REGISTRIES]: Holder lookups applied: minecraft:float_provider_type
[088月2026 14:53:52.417] [main/DEBUG] [net.minecraftforge.registries.GameData/REGISTRIES]: Applying holder lookups: minecraft:int_provider_type
[088月2026 14:53:52.418] [main/DEBUG] [net.minecraftforge.registries.GameData/REGISTRIES]: Holder lookups applied: minecraft:int_provider_type
[088月2026 14:53:52.418] [main/DEBUG] [net.minecraftforge.registries.GameData/REGISTRIES]: Applying holder lookups: minecraft:height_provider_type
[088月2026 14:53:52.419] [main/DEBUG] [net.minecraftforge.registries.GameData/REGISTRIES]: Holder lookups applied: minecraft:height_provider_type
[088月2026 14:53:52.419] [main/DEBUG] [net.minecraftforge.registries.GameData/REGISTRIES]: Applying holder lookups: minecraft:block_predicate_type
[088月2026 14:53:52.420] [main/DEBUG] [net.minecraftforge.registries.GameData/REGISTRIES]: Holder lookups applied: minecraft:block_predicate_type
[088月2026 14:53:52.420] [main/DEBUG] [net.minecraftforge.registries.GameData/REGISTRIES]: Applying holder lookups: minecraft:worldgen/carver
[088月2026 14:53:52.421] [main/DEBUG] [net.minecraftforge.registries.GameData/REGISTRIES]: Holder lookups applied: minecraft:worldgen/carver
[088月2026 14:53:52.421] [main/DEBUG] [net.minecraftforge.registries.GameData/REGISTRIES]: Applying holder lookups: minecraft:worldgen/feature
[088月2026 14:53:52.422] [main/DEBUG] [net.minecraftforge.registries.GameData/REGISTRIES]: Holder lookups applied: minecraft:worldgen/feature
[088月2026 14:53:52.422] [main/DEBUG] [net.minecraftforge.registries.GameData/REGISTRIES]: Applying holder lookups: minecraft:worldgen/structure_processor
[088月2026 14:53:52.423] [main/DEBUG] [net.minecraftforge.registries.GameData/REGISTRIES]: Holder lookups applied: minecraft:worldgen/structure_processor
[088月2026 14:53:52.424] [main/DEBUG] [net.minecraftforge.registries.GameData/REGISTRIES]: Applying holder lookups: minecraft:worldgen/structure_placement
[088月2026 14:53:52.425] [main/DEBUG] [net.minecraftforge.registries.GameData/REGISTRIES]: Holder lookups applied: minecraft:worldgen/structure_placement
[088月2026 14:53:52.426] [main/DEBUG] [net.minecraftforge.registries.GameData/REGISTRIES]: Applying holder lookups: minecraft:worldgen/structure_piece
[088月2026 14:53:52.427] [main/DEBUG] [net.minecraftforge.registries.GameData/REGISTRIES]: Holder lookups applied: minecraft:worldgen/structure_piece
[088月2026 14:53:52.427] [main/DEBUG] [net.minecraftforge.registries.GameData/REGISTRIES]: Applying holder lookups: minecraft:worldgen/structure_type
[088月2026 14:53:52.428] [main/DEBUG] [net.minecraftforge.registries.GameData/REGISTRIES]: Holder lookups applied: minecraft:worldgen/structure_type
[088月2026 14:53:52.429] [main/DEBUG] [net.minecraftforge.registries.GameData/REGISTRIES]: Applying holder lookups: minecraft:worldgen/placement_modifier_type
[088月2026 14:53:52.430] [main/DEBUG] [net.minecraftforge.registries.GameData/REGISTRIES]: Holder lookups applied: minecraft:worldgen/placement_modifier_type
[088月2026 14:53:52.430] [main/DEBUG] [net.minecraftforge.registries.GameData/REGISTRIES]: Applying holder lookups: minecraft:worldgen/block_state_provider_type
[088月2026 14:53:52.431] [main/DEBUG] [net.minecraftforge.registries.GameData/REGISTRIES]: Holder lookups applied: minecraft:worldgen/block_state_provider_type
[088月2026 14:53:52.431] [main/DEBUG] [net.minecraftforge.registries.GameData/REGISTRIES]: Applying holder lookups: minecraft:worldgen/foliage_placer_type
[088月2026 14:53:52.432] [main/DEBUG] [net.minecraftforge.registries.GameData/REGISTRIES]: Holder lookups applied: minecraft:worldgen/foliage_placer_type
[088月2026 14:53:52.432] [main/DEBUG] [net.minecraftforge.registries.GameData/REGISTRIES]: Applying holder lookups: minecraft:worldgen/trunk_placer_type
[088月2026 14:53:52.433] [main/DEBUG] [net.minecraftforge.registries.GameData/REGISTRIES]: Holder lookups applied: minecraft:worldgen/trunk_placer_type
[088月2026 14:53:52.433] [main/DEBUG] [net.minecraftforge.registries.GameData/REGISTRIES]: Applying holder lookups: minecraft:worldgen/root_placer_type
[088月2026 14:53:52.434] [main/DEBUG] [net.minecraftforge.registries.GameData/REGISTRIES]: Holder lookups applied: minecraft:worldgen/root_placer_type
[088月2026 14:53:52.435] [main/DEBUG] [net.minecraftforge.registries.GameData/REGISTRIES]: Applying holder lookups: minecraft:worldgen/tree_decorator_type
[088月2026 14:53:52.436] [main/DEBUG] [net.minecraftforge.registries.GameData/REGISTRIES]: Holder lookups applied: minecraft:worldgen/tree_decorator_type
[088月2026 14:53:52.436] [main/DEBUG] [net.minecraftforge.registries.GameData/REGISTRIES]: Applying holder lookups: minecraft:worldgen/feature_size_type
[088月2026 14:53:52.437] [main/DEBUG] [net.minecraftforge.registries.GameData/REGISTRIES]: Holder lookups applied: minecraft:worldgen/feature_size_type
[088月2026 14:53:52.437] [main/DEBUG] [net.minecraftforge.registries.GameData/REGISTRIES]: Applying holder lookups: minecraft:worldgen/biome_source
[088月2026 14:53:52.438] [main/DEBUG] [net.minecraftforge.registries.GameData/REGISTRIES]: Holder lookups applied: minecraft:worldgen/biome_source
[088月2026 14:53:52.439] [main/DEBUG] [net.minecraftforge.registries.GameData/REGISTRIES]: Applying holder lookups: minecraft:worldgen/chunk_generator
[088月2026 14:53:52.440] [main/DEBUG] [net.minecraftforge.registries.GameData/REGISTRIES]: Holder lookups applied: minecraft:worldgen/chunk_generator
[088月2026 14:53:52.440] [main/DEBUG] [net.minecraftforge.registries.GameData/REGISTRIES]: Applying holder lookups: minecraft:worldgen/material_condition
[088月2026 14:53:52.442] [main/DEBUG] [net.minecraftforge.registries.GameData/REGISTRIES]: Holder lookups applied: minecraft:worldgen/material_condition
[088月2026 14:53:52.442] [main/DEBUG] [net.minecraftforge.registries.GameData/REGISTRIES]: Applying holder lookups: minecraft:worldgen/material_rule
[088月2026 14:53:52.444] [main/DEBUG] [net.minecraftforge.registries.GameData/REGISTRIES]: Holder lookups applied: minecraft:worldgen/material_rule
[088月2026 14:53:52.444] [main/DEBUG] [net.minecraftforge.registries.GameData/REGISTRIES]: Applying holder lookups: minecraft:worldgen/density_function_type
[088月2026 14:53:52.446] [main/DEBUG] [net.minecraftforge.registries.GameData/REGISTRIES]: Holder lookups applied: minecraft:worldgen/density_function_type
[088月2026 14:53:52.446] [main/DEBUG] [net.minecraftforge.registries.GameData/REGISTRIES]: Applying holder lookups: minecraft:worldgen/structure_pool_element
[088月2026 14:53:52.447] [main/DEBUG] [net.minecraftforge.registries.GameData/REGISTRIES]: Holder lookups applied: minecraft:worldgen/structure_pool_element
[088月2026 14:53:52.448] [main/DEBUG] [net.minecraftforge.registries.GameData/REGISTRIES]: Applying holder lookups: minecraft:cat_variant
[088月2026 14:53:52.451] [main/DEBUG] [net.minecraftforge.registries.GameData/REGISTRIES]: Holder lookups applied: minecraft:cat_variant
[088月2026 14:53:52.451] [main/DEBUG] [net.minecraftforge.registries.GameData/REGISTRIES]: Applying holder lookups: minecraft:frog_variant
[088月2026 14:53:52.453] [main/DEBUG] [net.minecraftforge.registries.GameData/REGISTRIES]: Holder lookups applied: minecraft:frog_variant
[088月2026 14:53:52.453] [main/DEBUG] [net.minecraftforge.registries.GameData/REGISTRIES]: Applying holder lookups: minecraft:banner_pattern
[088月2026 14:53:52.454] [main/DEBUG] [net.minecraftforge.registries.GameData/REGISTRIES]: Holder lookups applied: minecraft:banner_pattern
[088月2026 14:53:52.454] [main/DEBUG] [net.minecraftforge.registries.GameData/REGISTRIES]: Applying holder lookups: minecraft:instrument
[088月2026 14:53:52.455] [main/DEBUG] [net.minecraftforge.registries.GameData/REGISTRIES]: Holder lookups applied: minecraft:instrument
[088月2026 14:53:52.455] [main/DEBUG] [net.minecraftforge.registries.GameData/REGISTRIES]: Applying holder lookups: minecraft:decorated_pot_patterns
[088月2026 14:53:52.456] [main/DEBUG] [net.minecraftforge.registries.GameData/REGISTRIES]: Holder lookups applied: minecraft:decorated_pot_patterns
[088月2026 14:53:52.474] [main/DEBUG] [net.minecraftforge.registries.GameData/REGISTRIES]: Applying holder lookups: minecraft:creative_mode_tab
[088月2026 14:53:52.475] [main/DEBUG] [net.minecraftforge.registries.GameData/REGISTRIES]: Holder lookups applied: minecraft:creative_mode_tab
[088月2026 14:53:52.485] [main/DEBUG] [net.minecraftforge.registries.GameData/REGISTRIES]: Applying holder lookups: forge:biome_modifier_serializers
[088月2026 14:53:52.486] [main/DEBUG] [net.minecraftforge.registries.GameData/REGISTRIES]: Holder lookups applied: forge:biome_modifier_serializers
[088月2026 14:53:52.487] [main/DEBUG] [net.minecraftforge.registries.GameData/REGISTRIES]: Applying holder lookups: forge:display_contexts
[088月2026 14:53:52.488] [main/DEBUG] [net.minecraftforge.registries.GameData/REGISTRIES]: Holder lookups applied: forge:display_contexts
[088月2026 14:53:52.489] [main/DEBUG] [net.minecraftforge.registries.GameData/REGISTRIES]: Applying holder lookups: forge:entity_data_serializers
[088月2026 14:53:52.490] [main/DEBUG] [net.minecraftforge.registries.GameData/REGISTRIES]: Holder lookups applied: forge:entity_data_serializers
[088月2026 14:53:52.498] [main/DEBUG] [net.minecraftforge.registries.GameData/REGISTRIES]: Applying holder lookups: forge:fluid_type
[088月2026 14:53:52.499] [main/DEBUG] [net.minecraftforge.registries.GameData/REGISTRIES]: Holder lookups applied: forge:fluid_type
[088月2026 14:53:52.501] [main/DEBUG] [net.minecraftforge.registries.GameData/REGISTRIES]: Applying holder lookups: forge:global_loot_modifier_serializers
[088月2026 14:53:52.502] [main/DEBUG] [net.minecraftforge.registries.GameData/REGISTRIES]: Holder lookups applied: forge:global_loot_modifier_serializers
[088月2026 14:53:52.512] [main/DEBUG] [net.minecraftforge.registries.GameData/REGISTRIES]: Applying holder lookups: forge:holder_set_type
[088月2026 14:53:52.514] [main/DEBUG] [net.minecraftforge.registries.GameData/REGISTRIES]: Holder lookups applied: forge:holder_set_type
[088月2026 14:53:52.515] [main/DEBUG] [net.minecraftforge.registries.GameData/REGISTRIES]: Applying holder lookups: forge:structure_modifier_serializers
[088月2026 14:53:52.517] [main/DEBUG] [net.minecraftforge.registries.GameData/REGISTRIES]: Holder lookups applied: forge:structure_modifier_serializers
[088月2026 14:53:52.517] [main/DEBUG] [net.minecraftforge.registries.GameData/REGISTRIES]: Applying holder lookups: minecraft:worldgen/biome
[088月2026 14:53:52.519] [main/DEBUG] [net.minecraftforge.registries.GameData/REGISTRIES]: Holder lookups applied: minecraft:worldgen/biome
[088月2026 14:53:52.651] [main/DEBUG] [net.minecraftforge.fml.config.ConfigTracker/CONFIG]: Loading configs type COMMON
[088月2026 14:53:52.653] [main/DEBUG] [net.minecraftforge.fml.config.ConfigFileTypeHandler/CONFIG]: Built TOML config for G:\epca\epca\run\config\E-PCA\epca.toml
[088月2026 14:53:52.654] [main/DEBUG] [net.minecraftforge.fml.config.ConfigFileTypeHandler/CONFIG]: Loaded TOML config file G:\epca\epca\run\config\E-PCA\epca.toml
[088月2026 14:53:52.658] [main/DEBUG] [net.minecraftforge.fml.config.ConfigFileTypeHandler/CONFIG]: Watching TOML config file G:\epca\epca\run\config\E-PCA\epca.toml for changes
[088月2026 14:53:52.664] [main/DEBUG] [net.minecraftforge.fml.config.ConfigFileTypeHandler/CONFIG]: Built TOML config for G:\epca\epca\run\config\caerular_configs.toml
[088月2026 14:53:52.665] [main/DEBUG] [net.minecraftforge.fml.config.ConfigFileTypeHandler/CONFIG]: Loaded TOML config file G:\epca\epca\run\config\caerular_configs.toml
[088月2026 14:53:52.665] [main/DEBUG] [net.minecraftforge.fml.config.ConfigFileTypeHandler/CONFIG]: Watching TOML config file G:\epca\epca\run\config\caerular_configs.toml for changes
[088月2026 14:53:52.667] [Thread-1/DEBUG] [net.minecraftforge.fml.config.ConfigFileTypeHandler/CONFIG]: Config file E-PCA\epca.toml changed, sending notifies
[088月2026 14:53:52.676] [Thread-1/DEBUG] [net.minecraftforge.fml.config.ConfigFileTypeHandler/CONFIG]: Config file caerular_configs.toml changed, sending notifies
[088月2026 14:53:52.686] [modloading-worker-0/DEBUG] [patchouli/]: Instantiating xplat impl: vazkii.patchouli.forge.xplat.ForgeXplatImpl
[088月2026 14:53:52.697] [main/DEBUG] [net.minecraftforge.fml.DeferredWorkQueue/LOADING]: Dispatching synchronous work for work queue COMMON_SETUP: 17 jobs
[088月2026 14:53:52.735] [main/DEBUG] [net.minecraftforge.fml.DeferredWorkQueue/LOADING]: Synchronous work queue completed in 37.02 ms
[088月2026 14:53:52.795] [modloading-worker-0/INFO] [Jade/]: Start loading plugin at net.mcreator.caerulaarbor.CAJadePlugin
[088月2026 14:53:52.835] [modloading-worker-0/INFO] [Jade/]: Start loading plugin at org.tdddd.epca.impl.compat.jade.EPCAJadePlugin
[088月2026 14:53:52.841] [modloading-worker-0/INFO] [Jade/]: Start loading plugin at snownee.jade.addon.vanilla.VanillaPlugin
[088月2026 14:53:52.861] [modloading-worker-0/INFO] [Jade/]: Start loading plugin at snownee.jade.addon.universal.UniversalPlugin
[088月2026 14:53:52.870] [modloading-worker-0/INFO] [Jade/]: Start loading plugin at snownee.jade.addon.core.CorePlugin
[088月2026 14:53:52.872] [modloading-worker-0/INFO] [Jade/]: Dev environment detected, loading test plugin
[088月2026 14:53:52.873] [Forge Version Check/INFO] [net.minecraftforge.fml.VersionChecker/]: [forge] Starting version check at https://files.minecraftforge.net/net/minecraftforge/forge/promotions_slim.json
[088月2026 14:53:52.969] [main/DEBUG] [net.minecraftforge.registries.GameData/REGISTRIES]: Freezing registries
[088月2026 14:53:52.970] [main/DEBUG] [net.minecraftforge.registries.ForgeRegistry/REGISTRIES]: Registry minecraft:block Sync: FROZEN -> ACTIVE
[088月2026 14:53:52.980] [main/DEBUG] [net.minecraftforge.registries.ForgeRegistry/REGISTRIES]: Registry minecraft:fluid Sync: FROZEN -> ACTIVE
[088月2026 14:53:52.980] [main/DEBUG] [net.minecraftforge.registries.ForgeRegistry/REGISTRIES]: Registry minecraft:item Sync: FROZEN -> ACTIVE
[088月2026 14:53:52.995] [main/DEBUG] [net.minecraftforge.registries.ForgeRegistry/REGISTRIES]: Registry minecraft:mob_effect Sync: FROZEN -> ACTIVE
[088月2026 14:53:52.996] [main/DEBUG] [net.minecraftforge.registries.ForgeRegistry/REGISTRIES]: Registry minecraft:sound_event Sync: FROZEN -> ACTIVE
[088月2026 14:53:53.008] [main/DEBUG] [net.minecraftforge.registries.ForgeRegistry/REGISTRIES]: Registry minecraft:potion Sync: FROZEN -> ACTIVE
[088月2026 14:53:53.009] [main/DEBUG] [net.minecraftforge.registries.ForgeRegistry/REGISTRIES]: Registry minecraft:enchantment Sync: FROZEN -> ACTIVE
[088月2026 14:53:53.009] [main/DEBUG] [net.minecraftforge.registries.ForgeRegistry/REGISTRIES]: Registry minecraft:entity_type Sync: FROZEN -> ACTIVE
[088月2026 14:53:53.012] [main/DEBUG] [net.minecraftforge.registries.ForgeRegistry/REGISTRIES]: Registry minecraft:block_entity_type Sync: FROZEN -> ACTIVE
[088月2026 14:53:53.012] [main/DEBUG] [net.minecraftforge.registries.ForgeRegistry/REGISTRIES]: Registry minecraft:particle_type Sync: FROZEN -> ACTIVE
[088月2026 14:53:53.013] [main/DEBUG] [net.minecraftforge.registries.ForgeRegistry/REGISTRIES]: Registry minecraft:menu Sync: FROZEN -> ACTIVE
[088月2026 14:53:53.014] [main/DEBUG] [net.minecraftforge.registries.ForgeRegistry/REGISTRIES]: Registry minecraft:painting_variant Sync: FROZEN -> ACTIVE
[088月2026 14:53:53.014] [main/DEBUG] [net.minecraftforge.registries.ForgeRegistry/REGISTRIES]: Registry minecraft:recipe_type Sync: FROZEN -> ACTIVE
[088月2026 14:53:53.014] [main/DEBUG] [net.minecraftforge.registries.ForgeRegistry/REGISTRIES]: Registry minecraft:recipe_serializer Sync: FROZEN -> ACTIVE
[088月2026 14:53:53.015] [main/DEBUG] [net.minecraftforge.registries.ForgeRegistry/REGISTRIES]: Registry minecraft:attribute Sync: FROZEN -> ACTIVE
[088月2026 14:53:53.015] [main/DEBUG] [net.minecraftforge.registries.ForgeRegistry/REGISTRIES]: Registry minecraft:stat_type Sync: FROZEN -> ACTIVE
[088月2026 14:53:53.015] [main/DEBUG] [net.minecraftforge.registries.ForgeRegistry/REGISTRIES]: Registry minecraft:command_argument_type Sync: FROZEN -> ACTIVE
[088月2026 14:53:53.016] [main/DEBUG] [net.minecraftforge.registries.ForgeRegistry/REGISTRIES]: Registry minecraft:villager_profession Sync: FROZEN -> ACTIVE
[088月2026 14:53:53.016] [main/DEBUG] [net.minecraftforge.registries.ForgeRegistry/REGISTRIES]: Registry minecraft:point_of_interest_type Sync: FROZEN -> ACTIVE
[088月2026 14:53:53.019] [main/DEBUG] [net.minecraftforge.registries.ForgeRegistry/REGISTRIES]: Registry minecraft:memory_module_type Sync: FROZEN -> ACTIVE
[088月2026 14:53:53.019] [main/DEBUG] [net.minecraftforge.registries.ForgeRegistry/REGISTRIES]: Registry minecraft:sensor_type Sync: FROZEN -> ACTIVE
[088月2026 14:53:53.020] [main/DEBUG] [net.minecraftforge.registries.ForgeRegistry/REGISTRIES]: Registry minecraft:schedule Sync: FROZEN -> ACTIVE
[088月2026 14:53:53.020] [main/DEBUG] [net.minecraftforge.registries.ForgeRegistry/REGISTRIES]: Registry minecraft:activity Sync: FROZEN -> ACTIVE
[088月2026 14:53:53.020] [main/DEBUG] [net.minecraftforge.registries.ForgeRegistry/REGISTRIES]: Registry minecraft:worldgen/carver Sync: FROZEN -> ACTIVE
[088月2026 14:53:53.021] [main/DEBUG] [net.minecraftforge.registries.ForgeRegistry/REGISTRIES]: Registry minecraft:worldgen/feature Sync: FROZEN -> ACTIVE
[088月2026 14:53:53.022] [main/DEBUG] [net.minecraftforge.registries.ForgeRegistry/REGISTRIES]: Registry minecraft:chunk_status Sync: FROZEN -> ACTIVE
[088月2026 14:53:53.022] [main/DEBUG] [net.minecraftforge.registries.ForgeRegistry/REGISTRIES]: Registry minecraft:worldgen/block_state_provider_type Sync: FROZEN -> ACTIVE
[088月2026 14:53:53.022] [main/DEBUG] [net.minecraftforge.registries.ForgeRegistry/REGISTRIES]: Registry minecraft:worldgen/foliage_placer_type Sync: FROZEN -> ACTIVE
[088月2026 14:53:53.022] [main/DEBUG] [net.minecraftforge.registries.ForgeRegistry/REGISTRIES]: Registry minecraft:worldgen/tree_decorator_type Sync: FROZEN -> ACTIVE
[088月2026 14:53:53.022] [main/DEBUG] [net.minecraftforge.registries.ForgeRegistry/REGISTRIES]: Registry minecraft:worldgen/biome Sync: FROZEN -> ACTIVE
[088月2026 14:53:53.022] [main/DEBUG] [net.minecraftforge.registries.ForgeRegistry/REGISTRIES]: Registry forge:entity_data_serializers Sync: FROZEN -> ACTIVE
[088月2026 14:53:53.023] [main/DEBUG] [net.minecraftforge.registries.ForgeRegistry/REGISTRIES]: Registry forge:global_loot_modifier_serializers Sync: FROZEN -> ACTIVE
[088月2026 14:53:53.023] [main/DEBUG] [net.minecraftforge.registries.ForgeRegistry/REGISTRIES]: Registry forge:biome_modifier_serializers Sync: FROZEN -> ACTIVE
[088月2026 14:53:53.023] [main/DEBUG] [net.minecraftforge.registries.ForgeRegistry/REGISTRIES]: Registry forge:fluid_type Sync: FROZEN -> ACTIVE
[088月2026 14:53:53.023] [main/DEBUG] [net.minecraftforge.registries.ForgeRegistry/REGISTRIES]: Registry forge:structure_modifier_serializers Sync: FROZEN -> ACTIVE
[088月2026 14:53:53.023] [main/DEBUG] [net.minecraftforge.registries.ForgeRegistry/REGISTRIES]: Registry forge:holder_set_type Sync: FROZEN -> ACTIVE
[088月2026 14:53:53.023] [main/DEBUG] [net.minecraftforge.registries.ForgeRegistry/REGISTRIES]: Registry forge:display_contexts Sync: FROZEN -> ACTIVE
[088月2026 14:53:54.133] [Forge Version Check/DEBUG] [net.minecraftforge.fml.VersionChecker/]: [forge] Received version check data:
{
  "homepage": "https://files.minecraftforge.net/net/minecraftforge/forge/",
  "promos": {
    "1.1-latest": "1.3.4.29",
    "1.2.3-latest": "1.4.1.64",
    "1.2.4-latest": "2.0.0.68",
    "1.2.5-latest": "3.4.9.171",
    "1.3.2-latest": "4.3.5.318",
    "1.4.0-latest": "5.0.0.326",
    "1.4.1-latest": "6.0.0.329",
    "1.4.2-latest": "6.0.1.355",
    "1.4.3-latest": "6.2.1.358",
    "1.4.4-latest": "6.3.0.378",
    "1.4.5-latest": "6.4.2.448",
    "1.4.6-latest": "6.5.0.489",
    "1.4.7-latest": "6.6.2.534",
    "1.5-latest": "7.7.0.598",
    "1.5.1-latest": "7.7.2.682",
    "1.5.2-latest": "7.8.1.738",
    "1.5.2-recommended": "7.8.1.738",
    "1.6.1-latest": "8.9.0.775",
    "1.6.2-latest": "9.10.1.871",
    "1.6.2-recommended": "9.10.1.871",
    "1.6.3-latest": "9.11.0.878",
    "1.6.4-latest": "9.11.1.1345",
    "1.6.4-recommended": "9.11.1.1345",
    "1.7.2-latest": "10.12.2.1161",
    "1.7.2-recommended": "10.12.2.1161",
    "1.7.10-latest": "10.13.4.1614",
    "1.7.10-recommended": "10.13.4.1614",
    "1.8-latest": "11.14.4.1577",
    "1.8-recommended": "11.14.4.1563",
    "1.8.8-latest": "11.15.0.1655",
    "1.8.9-latest": "11.15.1.2318",
    "1.8.9-recommended": "11.15.1.2318",
    "1.9-latest": "12.16.1.1938",
    "1.9-recommended": "12.16.1.1887",
    "1.9.4-latest": "12.17.0.2317",
    "1.9.4-recommended": "12.17.0.2317",
    "1.10-latest": "12.18.0.2000",
    "1.10.2-latest": "12.18.3.2511",
    "1.10.2-recommended": "12.18.3.2511",
    "1.11-latest": "13.19.1.2199",
    "1.11-recommended": "13.19.1.2189",
    "1.11.2-latest": "13.20.1.2588",
    "1.11.2-recommended": "13.20.1.2588",
    "1.12-latest": "14.21.1.2443",
    "1.12-recommended": "14.21.1.2387",
    "1.12.1-latest": "14.22.1.2485",
    "1.12.1-recommended": "14.22.1.2478",
    "1.12.2-latest": "14.23.5.2864",
    "1.12.2-recommended": "14.23.5.2859",
    "1.13.2-latest": "25.0.223",
    "1.14.2-latest": "26.0.63",
    "1.14.3-latest": "27.0.60",
    "1.14.4-latest": "28.2.30",
    "1.14.4-recommended": "28.2.26",
    "1.15-latest": "29.0.4",
    "1.15.1-latest": "30.0.51",
    "1.15.2-latest": "31.2.62",
    "1.15.2-recommended": "31.2.57",
    "1.16.1-latest": "32.0.108",
    "1.16.2-latest": "33.0.61",
    "1.16.3-latest": "34.1.42",
    "1.16.3-recommended": "34.1.0",
    "1.16.4-latest": "35.1.37",
    "1.16.4-recommended": "35.1.4",
    "1.16.5-latest": "36.2.42",
    "1.16.5-recommended": "36.2.34",
    "1.17.1-latest": "37.1.1",
    "1.17.1-recommended": "37.1.1",
    "1.18-latest": "38.0.17",
    "1.18.1-latest": "39.1.2",
    "1.18.1-recommended": "39.1.0",
    "1.18.2-recommended": "40.3.0",
    "1.18.2-latest": "40.3.12",
    "1.19-latest": "41.1.0",
    "1.19-recommended": "41.1.0",
    "1.19.1-latest": "42.0.9",
    "1.19.2-recommended": "43.5.0",
    "1.19.2-latest": "43.5.2",
    "1.19.3-latest": "44.1.23",
    "1.19.3-recommended": "44.1.0",
    "1.19.4-recommended": "45.4.0",
    "1.19.4-latest": "45.4.3",
    "1.20-latest": "46.0.14",
    "1.20.1-recommended": "47.4.10",
    "1.20.1-latest": "47.4.22",
    "1.20.2-latest": "48.1.0",
    "1.20.2-recommended": "48.1.0",
    "1.20.3-latest": "49.0.2",
    "1.20.4-latest": "49.2.8",
    "1.20.4-recommended": "49.2.0",
    "1.20.6-latest": "50.2.10",
    "1.20.6-recommended": "50.2.0",
    "1.21-latest": "51.0.33",
    "1.21.1-latest": "52.1.16",
    "1.21.1-recommended": "52.1.0",
    "1.21.3-latest": "53.1.12",
    "1.21.3-recommended": "53.1.0",
    "1.21.4-latest": "54.1.18",
    "1.21.4-recommended": "54.1.14",
    "1.21.5-latest": "55.1.12",
    "1.21.5-recommended": "55.1.0",
    "1.21.6-latest": "56.0.9",
    "1.21.7-latest": "57.0.3",
    "1.21.8-latest": "58.1.21",
    "1.21.8-recommended": "58.1.0",
    "1.21.9-latest": "59.0.5",
    "1.21.10-latest": "60.1.13",
    "1.21.10-recommended": "60.1.0",
    "1.21.11-latest": "61.2.0",
    "1.21.11-recommended": "61.2.0",
    "26.1-latest": "62.0.9",
    "26.1.1-latest": "63.0.2",
    "26.1.2-latest": "64.1.0",
    "26.1.2-recommended": "64.1.0",
    "26.2-latest": "65.1.0",
    "26.2-recommended": "65.1.0"
  }
}
[088月2026 14:53:54.135] [Forge Version Check/INFO] [net.minecraftforge.fml.VersionChecker/]: [forge] Found status: OUTDATED Current: 47.2.0 Target: 47.4.10
[088月2026 14:53:57.104] [main/DEBUG] [net.minecraftforge.registries.GameData/REGISTRIES]: All registries frozen
[088月2026 14:53:57.185] [main/INFO] [com.mojang.authlib.yggdrasil.YggdrasilAuthenticationService/]: Environment: authHost='https://authserver.mojang.com', accountsHost='https://api.mojang.com', sessionHost='https://sessionserver.mojang.com', servicesHost='https://api.minecraftservices.com', name='PROD'
[088月2026 14:53:57.320] [main/WARN] [net.minecraftforge.common.ForgeHooks/WP]: The following mods have version differences that were not resolved:
epca (version 0.3.1 -> 0.4.0)
Things may not work well.
[088月2026 14:53:57.334] [main/INFO] [net.minecraftforge.registries.GameData/REGISTRIES]: Injecting existing registry data into this CLIENT instance
[088月2026 14:53:57.348] [main/DEBUG] [net.minecraftforge.registries.ForgeRegistry/REGISTRIES]: Registry minecraft:block: Fixed minecraft:block id mismatch epca:acid_solution: 1219 (init) -> 1024 (map).
[088月2026 14:53:57.349] [main/INFO] [net.minecraftforge.registries.ForgeRegistry/REGISTRIES]: Registry minecraft:block: Found a missing id from the world epca:assimilated_remains_large
[088月2026 14:53:57.350] [main/INFO] [net.minecraftforge.registries.ForgeRegistry/REGISTRIES]: Registry minecraft:block: Found a missing id from the world epca:assimilated_remains_medium
[088月2026 14:53:57.350] [main/INFO] [net.minecraftforge.registries.ForgeRegistry/REGISTRIES]: Registry minecraft:block: Found a missing id from the world epca:assimilated_remains_small
[088月2026 14:53:57.350] [main/DEBUG] [net.minecraftforge.registries.ForgeRegistry/REGISTRIES]: Registry minecraft:block: Fixed minecraft:block id mismatch epca:infested_chiseled_red_sandstone: 1192 (init) -> 1048 (map).
[088月2026 14:53:57.350] [main/DEBUG] [net.minecraftforge.registries.ForgeRegistry/REGISTRIES]: Registry minecraft:block: Fixed minecraft:block id mismatch epca:infested_chiseled_sandstone: 1193 (init) -> 1049 (map).
[088月2026 14:53:57.350] [main/DEBUG] [net.minecraftforge.registries.ForgeRegistry/REGISTRIES]: Registry minecraft:block: Fixed minecraft:block id mismatch epca:infested_chiseled_stone_bricks: 1184 (init) -> 1040 (map).
[088月2026 14:53:57.350] [main/DEBUG] [net.minecraftforge.registries.ForgeRegistry/REGISTRIES]: Registry minecraft:block: Fixed minecraft:block id mismatch epca:infested_coal_ore: 1199 (init) -> 1050 (map).
[088月2026 14:53:57.350] [main/DEBUG] [net.minecraftforge.registries.ForgeRegistry/REGISTRIES]: Registry minecraft:block: Fixed minecraft:block id mismatch epca:infested_cobblestone: 1175 (init) -> 1031 (map).
[088月2026 14:53:57.350] [main/DEBUG] [net.minecraftforge.registries.ForgeRegistry/REGISTRIES]: Registry minecraft:block: Fixed minecraft:block id mismatch epca:infested_cobblestone_slab: 1176 (init) -> 1032 (map).
[088月2026 14:53:57.350] [main/DEBUG] [net.minecraftforge.registries.ForgeRegistry/REGISTRIES]: Registry minecraft:block: Fixed minecraft:block id mismatch epca:infested_cobblestone_stairs: 1177 (init) -> 1033 (map).
[088月2026 14:53:57.350] [main/DEBUG] [net.minecraftforge.registries.ForgeRegistry/REGISTRIES]: Registry minecraft:block: Fixed minecraft:block id mismatch epca:infested_cobblestone_wall: 1178 (init) -> 1034 (map).
[088月2026 14:53:57.351] [main/DEBUG] [net.minecraftforge.registries.ForgeRegistry/REGISTRIES]: Registry minecraft:block: Fixed minecraft:block id mismatch epca:infested_copper_ore: 1200 (init) -> 1051 (map).
[088月2026 14:53:57.351] [main/DEBUG] [net.minecraftforge.registries.ForgeRegistry/REGISTRIES]: Registry minecraft:block: Fixed minecraft:block id mismatch epca:infested_cracked_stone_bricks: 1183 (init) -> 1039 (map).
[088月2026 14:53:57.351] [main/DEBUG] [net.minecraftforge.registries.ForgeRegistry/REGISTRIES]: Registry minecraft:block: Fixed minecraft:block id mismatch epca:infested_diamond_ore: 1206 (init) -> 1057 (map).
[088月2026 14:53:57.351] [main/DEBUG] [net.minecraftforge.registries.ForgeRegistry/REGISTRIES]: Registry minecraft:block: Fixed minecraft:block id mismatch epca:infested_dirt0: 1159 (init) -> 1003 (map).
[088月2026 14:53:57.351] [main/DEBUG] [net.minecraftforge.registries.ForgeRegistry/REGISTRIES]: Registry minecraft:block: Fixed minecraft:block id mismatch epca:infested_dirt1: 1160 (init) -> 1004 (map).
[088月2026 14:53:57.351] [main/DEBUG] [net.minecraftforge.registries.ForgeRegistry/REGISTRIES]: Registry minecraft:block: Fixed minecraft:block id mismatch epca:infested_dirt2: 1161 (init) -> 1005 (map).
[088月2026 14:53:57.351] [main/INFO] [net.minecraftforge.registries.ForgeRegistry/REGISTRIES]: Registry minecraft:block: Found a missing id from the world epca:infested_dirt3
[088月2026 14:53:57.351] [main/DEBUG] [net.minecraftforge.registries.ForgeRegistry/REGISTRIES]: Registry minecraft:block: Fixed minecraft:block id mismatch epca:infested_emerald_ore: 1205 (init) -> 1056 (map).
[088月2026 14:53:57.351] [main/DEBUG] [net.minecraftforge.registries.ForgeRegistry/REGISTRIES]: Registry minecraft:block: Fixed minecraft:block id mismatch epca:infested_flowering_leaves: 1218 (init) -> 1061 (map).
[088月2026 14:53:57.352] [main/DEBUG] [net.minecraftforge.registries.ForgeRegistry/REGISTRIES]: Registry minecraft:block: Fixed minecraft:block id mismatch epca:infested_gold_ore: 1202 (init) -> 1053 (map).
[088月2026 14:53:57.352] [main/DEBUG] [net.minecraftforge.registries.ForgeRegistry/REGISTRIES]: Registry minecraft:block: Fixed minecraft:block id mismatch epca:infested_iron_ore: 1201 (init) -> 1052 (map).
[088月2026 14:53:57.352] [main/DEBUG] [net.minecraftforge.registries.ForgeRegistry/REGISTRIES]: Registry minecraft:block: Fixed minecraft:block id mismatch epca:infested_lapis_ore: 1203 (init) -> 1054 (map).
[088月2026 14:53:57.352] [main/DEBUG] [net.minecraftforge.registries.ForgeRegistry/REGISTRIES]: Registry minecraft:block: Fixed minecraft:block id mismatch epca:infested_leaves: 1217 (init) -> 1022 (map).
[088月2026 14:53:57.352] [main/DEBUG] [net.minecraftforge.registries.ForgeRegistry/REGISTRIES]: Registry minecraft:block: Fixed minecraft:block id mismatch epca:infested_log: 1163 (init) -> 1008 (map).
[088月2026 14:53:57.352] [main/DEBUG] [net.minecraftforge.registries.ForgeRegistry/REGISTRIES]: Registry minecraft:block: Fixed minecraft:block id mismatch epca:infested_planks: 1167 (init) -> 1010 (map).
[088月2026 14:53:57.352] [main/DEBUG] [net.minecraftforge.registries.ForgeRegistry/REGISTRIES]: Registry minecraft:block: Fixed minecraft:block id mismatch epca:infested_planks_slab: 1168 (init) -> 1011 (map).
[088月2026 14:53:57.352] [main/DEBUG] [net.minecraftforge.registries.ForgeRegistry/REGISTRIES]: Registry minecraft:block: Fixed minecraft:block id mismatch epca:infested_planks_stairs: 1170 (init) -> 1012 (map).
[088月2026 14:53:57.352] [main/DEBUG] [net.minecraftforge.registries.ForgeRegistry/REGISTRIES]: Registry minecraft:block: Fixed minecraft:block id mismatch epca:infested_polished_stone: 1185 (init) -> 1041 (map).
[088月2026 14:53:57.352] [main/DEBUG] [net.minecraftforge.registries.ForgeRegistry/REGISTRIES]: Registry minecraft:block: Fixed minecraft:block id mismatch epca:infested_polished_stone_slab: 1186 (init) -> 1042 (map).
[088月2026 14:53:57.352] [main/DEBUG] [net.minecraftforge.registries.ForgeRegistry/REGISTRIES]: Registry minecraft:block: Fixed minecraft:block id mismatch epca:infested_polished_stone_stairs: 1187 (init) -> 1043 (map).
[088月2026 14:53:57.352] [main/DEBUG] [net.minecraftforge.registries.ForgeRegistry/REGISTRIES]: Registry minecraft:block: Fixed minecraft:block id mismatch epca:infested_redstone_ore: 1204 (init) -> 1055 (map).
[088月2026 14:53:57.353] [main/DEBUG] [net.minecraftforge.registries.ForgeRegistry/REGISTRIES]: Registry minecraft:block: Fixed minecraft:block id mismatch epca:infested_residue: 1214 (init) -> 1018 (map).
[088月2026 14:53:57.353] [main/DEBUG] [net.minecraftforge.registries.ForgeRegistry/REGISTRIES]: Registry minecraft:block: Fixed minecraft:block id mismatch epca:infested_sand: 1162 (init) -> 1007 (map).
[088月2026 14:53:57.353] [main/DEBUG] [net.minecraftforge.registries.ForgeRegistry/REGISTRIES]: Registry minecraft:block: Fixed minecraft:block id mismatch epca:infested_sandstone: 1188 (init) -> 1044 (map).
[088月2026 14:53:57.353] [main/DEBUG] [net.minecraftforge.registries.ForgeRegistry/REGISTRIES]: Registry minecraft:block: Fixed minecraft:block id mismatch epca:infested_sandstone_slab: 1189 (init) -> 1045 (map).
[088月2026 14:53:57.353] [main/DEBUG] [net.minecraftforge.registries.ForgeRegistry/REGISTRIES]: Registry minecraft:block: Fixed minecraft:block id mismatch epca:infested_sandstone_stairs: 1190 (init) -> 1046 (map).
[088月2026 14:53:57.353] [main/DEBUG] [net.minecraftforge.registries.ForgeRegistry/REGISTRIES]: Registry minecraft:block: Fixed minecraft:block id mismatch epca:infested_sandstone_wall: 1191 (init) -> 1047 (map).
[088月2026 14:53:57.353] [main/DEBUG] [net.minecraftforge.registries.ForgeRegistry/REGISTRIES]: Registry minecraft:block: Fixed minecraft:block id mismatch epca:infested_snow: 1207 (init) -> 1058 (map).
[088月2026 14:53:57.353] [main/DEBUG] [net.minecraftforge.registries.ForgeRegistry/REGISTRIES]: Registry minecraft:block: Fixed minecraft:block id mismatch epca:infested_snow_block: 1208 (init) -> 1059 (map).
[088月2026 14:53:57.353] [main/DEBUG] [net.minecraftforge.registries.ForgeRegistry/REGISTRIES]: Registry minecraft:block: Fixed minecraft:block id mismatch epca:infested_stone: 1171 (init) -> 1027 (map).
[088月2026 14:53:57.353] [main/DEBUG] [net.minecraftforge.registries.ForgeRegistry/REGISTRIES]: Registry minecraft:block: Fixed minecraft:block id mismatch epca:infested_stone_bricks: 1179 (init) -> 1035 (map).
[088月2026 14:53:57.353] [main/DEBUG] [net.minecraftforge.registries.ForgeRegistry/REGISTRIES]: Registry minecraft:block: Fixed minecraft:block id mismatch epca:infested_stone_bricks_slab: 1180 (init) -> 1036 (map).
[088月2026 14:53:57.354] [main/DEBUG] [net.minecraftforge.registries.ForgeRegistry/REGISTRIES]: Registry minecraft:block: Fixed minecraft:block id mismatch epca:infested_stone_bricks_stairs: 1181 (init) -> 1037 (map).
[088月2026 14:53:57.354] [main/DEBUG] [net.minecraftforge.registries.ForgeRegistry/REGISTRIES]: Registry minecraft:block: Fixed minecraft:block id mismatch epca:infested_stone_bricks_wall: 1182 (init) -> 1038 (map).
[088月2026 14:53:57.354] [main/DEBUG] [net.minecraftforge.registries.ForgeRegistry/REGISTRIES]: Registry minecraft:block: Fixed minecraft:block id mismatch epca:infested_stone_slab: 1172 (init) -> 1028 (map).
[088月2026 14:53:57.354] [main/DEBUG] [net.minecraftforge.registries.ForgeRegistry/REGISTRIES]: Registry minecraft:block: Fixed minecraft:block id mismatch epca:infested_stone_stairs: 1173 (init) -> 1029 (map).
[088月2026 14:53:57.354] [main/DEBUG] [net.minecraftforge.registries.ForgeRegistry/REGISTRIES]: Registry minecraft:block: Fixed minecraft:block id mismatch epca:infested_stone_wall: 1174 (init) -> 1030 (map).
[088月2026 14:53:57.354] [main/DEBUG] [net.minecraftforge.registries.ForgeRegistry/REGISTRIES]: Registry minecraft:block: Fixed minecraft:block id mismatch epca:infested_stripped_log: 1165 (init) -> 1009 (map).
[088月2026 14:53:57.354] [main/DEBUG] [net.minecraftforge.registries.ForgeRegistry/REGISTRIES]: Registry minecraft:block: Fixed minecraft:block id mismatch epca:infested_stripped_wood: 1166 (init) -> 1026 (map).
[088月2026 14:53:57.354] [main/INFO] [net.minecraftforge.registries.ForgeRegistry/REGISTRIES]: Registry minecraft:block: Found a missing id from the world epca:infested_vein_bush
[088月2026 14:53:57.354] [main/INFO] [net.minecraftforge.registries.ForgeRegistry/REGISTRIES]: Registry minecraft:block: Found a missing id from the world epca:infested_vein_fern
[088月2026 14:53:57.354] [main/INFO] [net.minecraftforge.registries.ForgeRegistry/REGISTRIES]: Registry minecraft:block: Found a missing id from the world epca:infested_vein_grass
[088月2026 14:53:57.355] [main/DEBUG] [net.minecraftforge.registries.ForgeRegistry/REGISTRIES]: Registry minecraft:block: Fixed minecraft:block id mismatch epca:infested_vine: 1215 (init) -> 1021 (map).
[088月2026 14:53:57.355] [main/DEBUG] [net.minecraftforge.registries.ForgeRegistry/REGISTRIES]: Registry minecraft:block: Fixed minecraft:block id mismatch epca:infested_wood: 1164 (init) -> 1025 (map).
[088月2026 14:53:57.355] [main/INFO] [net.minecraftforge.registries.ForgeRegistry/REGISTRIES]: Registry minecraft:block: Found a missing id from the world epca:liquid_biomass
[088月2026 14:53:57.355] [main/DEBUG] [net.minecraftforge.registries.ForgeRegistry/REGISTRIES]: Registry minecraft:block: Fixed minecraft:block id mismatch epca:packed_mud_pedestal: 1228 (init) -> 1060 (map).
[088月2026 14:53:57.366] [main/DEBUG] [net.minecraftforge.registries.ForgeRegistry/REGISTRIES]: Registry minecraft:entity_type: Fixed minecraft:entity_type id mismatch epca:acid_bullet: 350 (init) -> 168 (map).
[088月2026 14:53:57.367] [main/INFO] [net.minecraftforge.registries.ForgeRegistry/REGISTRIES]: Registry minecraft:entity_type: Found a missing id from the world epca:assimilated_chicken
[088月2026 14:53:57.367] [main/INFO] [net.minecraftforge.registries.ForgeRegistry/REGISTRIES]: Registry minecraft:entity_type: Found a missing id from the world epca:assimilated_cow
[088月2026 14:53:57.367] [main/INFO] [net.minecraftforge.registries.ForgeRegistry/REGISTRIES]: Registry minecraft:entity_type: Found a missing id from the world epca:assimilated_drowned
[088月2026 14:53:57.367] [main/INFO] [net.minecraftforge.registries.ForgeRegistry/REGISTRIES]: Registry minecraft:entity_type: Found a missing id from the world epca:assimilated_enderman
[088月2026 14:53:57.367] [main/INFO] [net.minecraftforge.registries.ForgeRegistry/REGISTRIES]: Registry minecraft:entity_type: Found a missing id from the world epca:assimilated_endermite
[088月2026 14:53:57.367] [main/INFO] [net.minecraftforge.registries.ForgeRegistry/REGISTRIES]: Registry minecraft:entity_type: Found a missing id from the world epca:assimilated_husk
[088月2026 14:53:57.367] [main/INFO] [net.minecraftforge.registries.ForgeRegistry/REGISTRIES]: Registry minecraft:entity_type: Found a missing id from the world epca:assimilated_pig
[088月2026 14:53:57.367] [main/INFO] [net.minecraftforge.registries.ForgeRegistry/REGISTRIES]: Registry minecraft:entity_type: Found a missing id from the world epca:assimilated_pillager
[088月2026 14:53:57.367] [main/INFO] [net.minecraftforge.registries.ForgeRegistry/REGISTRIES]: Registry minecraft:entity_type: Found a missing id from the world epca:assimilated_sheep
[088月2026 14:53:57.367] [main/INFO] [net.minecraftforge.registries.ForgeRegistry/REGISTRIES]: Registry minecraft:entity_type: Found a missing id from the world epca:assimilated_silverfish
[088月2026 14:53:57.367] [main/INFO] [net.minecraftforge.registries.ForgeRegistry/REGISTRIES]: Registry minecraft:entity_type: Found a missing id from the world epca:assimilated_slime_size0
[088月2026 14:53:57.368] [main/INFO] [net.minecraftforge.registries.ForgeRegistry/REGISTRIES]: Registry minecraft:entity_type: Found a missing id from the world epca:assimilated_slime_size1
[088月2026 14:53:57.368] [main/INFO] [net.minecraftforge.registries.ForgeRegistry/REGISTRIES]: Registry minecraft:entity_type: Found a missing id from the world epca:assimilated_slime_size3
[088月2026 14:53:57.368] [main/INFO] [net.minecraftforge.registries.ForgeRegistry/REGISTRIES]: Registry minecraft:entity_type: Found a missing id from the world epca:assimilated_villager
[088月2026 14:53:57.368] [main/INFO] [net.minecraftforge.registries.ForgeRegistry/REGISTRIES]: Registry minecraft:entity_type: Found a missing id from the world epca:assimilated_vindicator
[088月2026 14:53:57.368] [main/INFO] [net.minecraftforge.registries.ForgeRegistry/REGISTRIES]: Registry minecraft:entity_type: Found a missing id from the world epca:assimilated_wolf
[088月2026 14:53:57.368] [main/INFO] [net.minecraftforge.registries.ForgeRegistry/REGISTRIES]: Registry minecraft:entity_type: Found a missing id from the world epca:assimilated_zombie
[088月2026 14:53:57.368] [main/INFO] [net.minecraftforge.registries.ForgeRegistry/REGISTRIES]: Registry minecraft:entity_type: Found a missing id from the world epca:assimilated_zombie_villager
[088月2026 14:53:57.368] [main/DEBUG] [net.minecraftforge.registries.ForgeRegistry/REGISTRIES]: Registry minecraft:entity_type: Fixed minecraft:entity_type id mismatch epca:biomass_egg: 351 (init) -> 173 (map).
[088月2026 14:53:57.368] [main/DEBUG] [net.minecraftforge.registries.ForgeRegistry/REGISTRIES]: Registry minecraft:entity_type: Fixed minecraft:entity_type id mismatch epca:biomass_medium: 298 (init) -> 174 (map).
[088月2026 14:53:57.368] [main/DEBUG] [net.minecraftforge.registries.ForgeRegistry/REGISTRIES]: Registry minecraft:entity_type: Fixed minecraft:entity_type id mismatch epca:biomass_small: 297 (init) -> 135 (map).
[088月2026 14:53:57.368] [main/INFO] [net.minecraftforge.registries.ForgeRegistry/REGISTRIES]: Registry minecraft:entity_type: Found a missing id from the world epca:buglin
[088月2026 14:53:57.369] [main/DEBUG] [net.minecraftforge.registries.ForgeRegistry/REGISTRIES]: Registry minecraft:entity_type: Fixed minecraft:entity_type id mismatch epca:contaminated_water: 346 (init) -> 127 (map).
[088月2026 14:53:57.369] [main/INFO] [net.minecraftforge.registries.ForgeRegistry/REGISTRIES]: Registry minecraft:entity_type: Found a missing id from the world epca:corrosive_bullet
[088月2026 14:53:57.369] [main/DEBUG] [net.minecraftforge.registries.ForgeRegistry/REGISTRIES]: Registry minecraft:entity_type: Fixed minecraft:entity_type id mismatch epca:fins: 290 (init) -> 146 (map).
[088月2026 14:53:57.369] [main/DEBUG] [net.minecraftforge.registries.ForgeRegistry/REGISTRIES]: Registry minecraft:entity_type: Fixed minecraft:entity_type id mismatch epca:flying_carrier: 292 (init) -> 179 (map).
[088月2026 14:53:57.369] [main/INFO] [net.minecraftforge.registries.ForgeRegistry/REGISTRIES]: Registry minecraft:entity_type: Found a missing id from the world epca:flying_dagger
[088月2026 14:53:57.369] [main/INFO] [net.minecraftforge.registries.ForgeRegistry/REGISTRIES]: Registry minecraft:entity_type: Found a missing id from the world epca:gnat
[088月2026 14:53:57.369] [main/DEBUG] [net.minecraftforge.registries.ForgeRegistry/REGISTRIES]: Registry minecraft:entity_type: Fixed minecraft:entity_type id mismatch epca:large_incomplete_form: 296 (init) -> 152 (map).
[088月2026 14:53:57.369] [main/DEBUG] [net.minecraftforge.registries.ForgeRegistry/REGISTRIES]: Registry minecraft:entity_type: Fixed minecraft:entity_type id mismatch epca:living_flesh_size0: 299 (init) -> 162 (map).
[088月2026 14:53:57.369] [main/DEBUG] [net.minecraftforge.registries.ForgeRegistry/REGISTRIES]: Registry minecraft:entity_type: Fixed minecraft:entity_type id mismatch epca:living_flesh_size1: 300 (init) -> 163 (map).
[088月2026 14:53:57.369] [main/DEBUG] [net.minecraftforge.registries.ForgeRegistry/REGISTRIES]: Registry minecraft:entity_type: Fixed minecraft:entity_type id mismatch epca:living_flesh_size2: 301 (init) -> 164 (map).
[088月2026 14:53:57.369] [main/DEBUG] [net.minecraftforge.registries.ForgeRegistry/REGISTRIES]: Registry minecraft:entity_type: Fixed minecraft:entity_type id mismatch epca:living_flesh_size3: 302 (init) -> 165 (map).
[088月2026 14:53:57.369] [main/DEBUG] [net.minecraftforge.registries.ForgeRegistry/REGISTRIES]: Registry minecraft:entity_type: Fixed minecraft:entity_type id mismatch epca:living_flesh_size4: 303 (init) -> 166 (map).
[088月2026 14:53:57.369] [main/DEBUG] [net.minecraftforge.registries.ForgeRegistry/REGISTRIES]: Registry minecraft:entity_type: Fixed minecraft:entity_type id mismatch epca:medium_incomplete_form: 295 (init) -> 134 (map).
[088月2026 14:53:57.370] [main/DEBUG] [net.minecraftforge.registries.ForgeRegistry/REGISTRIES]: Registry minecraft:entity_type: Fixed minecraft:entity_type id mismatch epca:nullthing: 343 (init) -> 155 (map).
[088月2026 14:53:57.370] [main/INFO] [net.minecraftforge.registries.ForgeRegistry/REGISTRIES]: Registry minecraft:entity_type: Found a missing id from the world epca:primitive_longarms
[088月2026 14:53:57.370] [main/INFO] [net.minecraftforge.registries.ForgeRegistry/REGISTRIES]: Registry minecraft:entity_type: Found a missing id from the world epca:rupter
[088月2026 14:53:57.370] [main/DEBUG] [net.minecraftforge.registries.ForgeRegistry/REGISTRIES]: Registry minecraft:entity_type: Fixed minecraft:entity_type id mismatch epca:slime_projectile: 349 (init) -> 161 (map).
[088月2026 14:53:57.370] [main/DEBUG] [net.minecraftforge.registries.ForgeRegistry/REGISTRIES]: Registry minecraft:entity_type: Fixed minecraft:entity_type id mismatch epca:small_incomplete_form: 294 (init) -> 126 (map).
[088月2026 14:53:57.370] [main/DEBUG] [net.minecraftforge.registries.ForgeRegistry/REGISTRIES]: Registry minecraft:entity_type: Fixed minecraft:entity_type id mismatch epca:stage_i_beckon: 304 (init) -> 136 (map).
[088月2026 14:53:57.370] [main/DEBUG] [net.minecraftforge.registries.ForgeRegistry/REGISTRIES]: Registry minecraft:entity_type: Fixed minecraft:entity_type id mismatch epca:stage_ii_beckon: 305 (init) -> 176 (map).
[088月2026 14:53:57.370] [main/DEBUG] [net.minecraftforge.registries.ForgeRegistry/REGISTRIES]: Registry minecraft:entity_type: Fixed minecraft:entity_type id mismatch epca:viral_bomb: 347 (init) -> 137 (map).
[088月2026 14:53:57.370] [main/DEBUG] [net.minecraftforge.registries.ForgeRegistry/REGISTRIES]: Registry minecraft:entity_type: Fixed minecraft:entity_type id mismatch epca:viral_bomb_ii: 348 (init) -> 175 (map).
[088月2026 14:53:57.370] [main/DEBUG] [net.minecraftforge.registries.ForgeRegistry/REGISTRIES]: Registry minecraft:entity_type: Fixed minecraft:entity_type id mismatch epca:walking_chicken_head: 327 (init) -> 177 (map).
[088月2026 14:53:57.370] [main/DEBUG] [net.minecraftforge.registries.ForgeRegistry/REGISTRIES]: Registry minecraft:entity_type: Fixed minecraft:entity_type id mismatch epca:walking_cow_head: 325 (init) -> 154 (map).
[088月2026 14:53:57.370] [main/DEBUG] [net.minecraftforge.registries.ForgeRegistry/REGISTRIES]: Registry minecraft:entity_type: Fixed minecraft:entity_type id mismatch epca:walking_drowned_head: 313 (init) -> 133 (map).
[088月2026 14:53:57.371] [main/DEBUG] [net.minecraftforge.registries.ForgeRegistry/REGISTRIES]: Registry minecraft:entity_type: Fixed minecraft:entity_type id mismatch epca:walking_enderman_head: 342 (init) -> 181 (map).
[088月2026 14:53:57.371] [main/DEBUG] [net.minecraftforge.registries.ForgeRegistry/REGISTRIES]: Registry minecraft:entity_type: Fixed minecraft:entity_type id mismatch epca:walking_husk_head: 311 (init) -> 131 (map).
[088月2026 14:53:57.371] [main/DEBUG] [net.minecraftforge.registries.ForgeRegistry/REGISTRIES]: Registry minecraft:entity_type: Fixed minecraft:entity_type id mismatch epca:walking_pig_head: 321 (init) -> 148 (map).
[088月2026 14:53:57.371] [main/DEBUG] [net.minecraftforge.registries.ForgeRegistry/REGISTRIES]: Registry minecraft:entity_type: Fixed minecraft:entity_type id mismatch epca:walking_pillager_head: 315 (init) -> 139 (map).
[088月2026 14:53:57.371] [main/DEBUG] [net.minecraftforge.registries.ForgeRegistry/REGISTRIES]: Registry minecraft:entity_type: Fixed minecraft:entity_type id mismatch epca:walking_sheep_head: 323 (init) -> 150 (map).
[088月2026 14:53:57.371] [main/DEBUG] [net.minecraftforge.registries.ForgeRegistry/REGISTRIES]: Registry minecraft:entity_type: Fixed minecraft:entity_type id mismatch epca:walking_villager_head: 318 (init) -> 143 (map).
[088月2026 14:53:57.371] [main/DEBUG] [net.minecraftforge.registries.ForgeRegistry/REGISTRIES]: Registry minecraft:entity_type: Fixed minecraft:entity_type id mismatch epca:walking_vindicator_head: 317 (init) -> 141 (map).
[088月2026 14:53:57.371] [main/DEBUG] [net.minecraftforge.registries.ForgeRegistry/REGISTRIES]: Registry minecraft:entity_type: Fixed minecraft:entity_type id mismatch epca:walking_wolf_head: 328 (init) -> 170 (map).
[088月2026 14:53:57.371] [main/DEBUG] [net.minecraftforge.registries.ForgeRegistry/REGISTRIES]: Registry minecraft:entity_type: Fixed minecraft:entity_type id mismatch epca:walking_zombie_head: 309 (init) -> 129 (map).
[088月2026 14:53:57.371] [main/DEBUG] [net.minecraftforge.registries.ForgeRegistry/REGISTRIES]: Registry minecraft:entity_type: Fixed minecraft:entity_type id mismatch epca:walking_zombie_villager_head: 319 (init) -> 145 (map).
[088月2026 14:53:57.372] [main/INFO] [net.minecraftforge.registries.ForgeRegistry/REGISTRIES]: Registry minecraft:entity_type: Found a missing id from the world epca:wave
[088月2026 14:53:57.372] [main/DEBUG] [net.minecraftforge.registries.ForgeRegistry/REGISTRIES]: Registry minecraft:entity_type: Fixed minecraft:entity_type id mismatch epca:yawning_nya: 344 (init) -> 157 (map).
[088月2026 14:53:57.374] [main/DEBUG] [net.minecraftforge.registries.ForgeRegistry/REGISTRIES]: Registry minecraft:fluid: Fixed minecraft:fluid id mismatch epca:acid_solution: 5 (init) -> 7 (map).
[088月2026 14:53:57.375] [main/DEBUG] [net.minecraftforge.registries.ForgeRegistry/REGISTRIES]: Registry minecraft:fluid: Fixed minecraft:fluid id mismatch epca:flowing_acid_solution: 6 (init) -> 8 (map).
[088月2026 14:53:57.375] [main/INFO] [net.minecraftforge.registries.ForgeRegistry/REGISTRIES]: Registry minecraft:fluid: Found a missing id from the world epca:flowing_liquid_biomass
[088月2026 14:53:57.375] [main/INFO] [net.minecraftforge.registries.ForgeRegistry/REGISTRIES]: Registry minecraft:fluid: Found a missing id from the world epca:liquid_biomass
[088月2026 14:53:57.375] [main/INFO] [net.minecraftforge.registries.ForgeRegistry/REGISTRIES]: Registry minecraft:item: Found a missing id from the world epca:acid_solution_bucket
[088月2026 14:53:57.375] [main/INFO] [net.minecraftforge.registries.ForgeRegistry/REGISTRIES]: Registry minecraft:item: Found a missing id from the world epca:assimilated_chicken_spawn_egg
[088月2026 14:53:57.375] [main/INFO] [net.minecraftforge.registries.ForgeRegistry/REGISTRIES]: Registry minecraft:item: Found a missing id from the world epca:assimilated_cow_spawn_egg
[088月2026 14:53:57.375] [main/INFO] [net.minecraftforge.registries.ForgeRegistry/REGISTRIES]: Registry minecraft:item: Found a missing id from the world epca:assimilated_drowned_spawn_egg
[088月2026 14:53:57.375] [main/INFO] [net.minecraftforge.registries.ForgeRegistry/REGISTRIES]: Registry minecraft:item: Found a missing id from the world epca:assimilated_enderman_spawn_egg
[088月2026 14:53:57.376] [main/INFO] [net.minecraftforge.registries.ForgeRegistry/REGISTRIES]: Registry minecraft:item: Found a missing id from the world epca:assimilated_endermite_spawn_egg
[088月2026 14:53:57.376] [main/INFO] [net.minecraftforge.registries.ForgeRegistry/REGISTRIES]: Registry minecraft:item: Found a missing id from the world epca:assimilated_husk_spawn_egg
[088月2026 14:53:57.376] [main/INFO] [net.minecraftforge.registries.ForgeRegistry/REGISTRIES]: Registry minecraft:item: Found a missing id from the world epca:assimilated_pig_spawn_egg
[088月2026 14:53:57.376] [main/INFO] [net.minecraftforge.registries.ForgeRegistry/REGISTRIES]: Registry minecraft:item: Found a missing id from the world epca:assimilated_pillager_spawn_egg
[088月2026 14:53:57.376] [main/INFO] [net.minecraftforge.registries.ForgeRegistry/REGISTRIES]: Registry minecraft:item: Found a missing id from the world epca:assimilated_remains_large
[088月2026 14:53:57.376] [main/INFO] [net.minecraftforge.registries.ForgeRegistry/REGISTRIES]: Registry minecraft:item: Found a missing id from the world epca:assimilated_remains_medium
[088月2026 14:53:57.377] [main/INFO] [net.minecraftforge.registries.ForgeRegistry/REGISTRIES]: Registry minecraft:item: Found a missing id from the world epca:assimilated_remains_small
[088月2026 14:53:57.377] [main/INFO] [net.minecraftforge.registries.ForgeRegistry/REGISTRIES]: Registry minecraft:item: Found a missing id from the world epca:assimilated_sheep_spawn_egg
[088月2026 14:53:57.377] [main/INFO] [net.minecraftforge.registries.ForgeRegistry/REGISTRIES]: Registry minecraft:item: Found a missing id from the world epca:assimilated_silverfish_spawn_egg
[088月2026 14:53:57.377] [main/INFO] [net.minecraftforge.registries.ForgeRegistry/REGISTRIES]: Registry minecraft:item: Found a missing id from the world epca:assimilated_slime_size0_spawn_egg
[088月2026 14:53:57.377] [main/INFO] [net.minecraftforge.registries.ForgeRegistry/REGISTRIES]: Registry minecraft:item: Found a missing id from the world epca:assimilated_slime_size1_spawn_egg
[088月2026 14:53:57.378] [main/INFO] [net.minecraftforge.registries.ForgeRegistry/REGISTRIES]: Registry minecraft:item: Found a missing id from the world epca:assimilated_slime_size3_spawn_egg
[088月2026 14:53:57.378] [main/INFO] [net.minecraftforge.registries.ForgeRegistry/REGISTRIES]: Registry minecraft:item: Found a missing id from the world epca:assimilated_slime_spawn
[088月2026 14:53:57.379] [main/INFO] [net.minecraftforge.registries.ForgeRegistry/REGISTRIES]: Registry minecraft:item: Found a missing id from the world epca:assimilated_villager_spawn_egg
[088月2026 14:53:57.379] [main/INFO] [net.minecraftforge.registries.ForgeRegistry/REGISTRIES]: Registry minecraft:item: Found a missing id from the world epca:assimilated_vindicator_spawn_egg
[088月2026 14:53:57.379] [main/INFO] [net.minecraftforge.registries.ForgeRegistry/REGISTRIES]: Registry minecraft:item: Found a missing id from the world epca:assimilated_wolf_spawn_egg
[088月2026 14:53:57.379] [main/INFO] [net.minecraftforge.registries.ForgeRegistry/REGISTRIES]: Registry minecraft:item: Found a missing id from the world epca:assimilated_zombie_spawn_egg
[088月2026 14:53:57.379] [main/INFO] [net.minecraftforge.registries.ForgeRegistry/REGISTRIES]: Registry minecraft:item: Found a missing id from the world epca:assimilated_zombie_villager_spawn_egg
[088月2026 14:53:57.379] [main/DEBUG] [net.minecraftforge.registries.ForgeRegistry/REGISTRIES]: Registry minecraft:item: Fixed minecraft:item id mismatch epca:beckon_membrane: 1945 (init) -> 1339 (map).
[088月2026 14:53:57.380] [main/DEBUG] [net.minecraftforge.registries.ForgeRegistry/REGISTRIES]: Registry minecraft:item: Fixed minecraft:item id mismatch epca:biomass_medium_spawn_egg: 2025 (init) -> 1384 (map).
[088月2026 14:53:57.380] [main/DEBUG] [net.minecraftforge.registries.ForgeRegistry/REGISTRIES]: Registry minecraft:item: Fixed minecraft:item id mismatch epca:biomass_small_spawn_egg: 1998 (init) -> 1267 (map).
[088月2026 14:53:57.380] [main/INFO] [net.minecraftforge.registries.ForgeRegistry/REGISTRIES]: Registry minecraft:item: Found a missing id from the world epca:bloody_clock
[088月2026 14:53:57.380] [main/INFO] [net.minecraftforge.registries.ForgeRegistry/REGISTRIES]: Registry minecraft:item: Found a missing id from the world epca:buglin_spawn_egg
[088月2026 14:53:57.381] [main/DEBUG] [net.minecraftforge.registries.ForgeRegistry/REGISTRIES]: Registry minecraft:item: Fixed minecraft:item id mismatch epca:cluster: 1932 (init) -> 1255 (map).
[088月2026 14:53:57.381] [main/DEBUG] [net.minecraftforge.registries.ForgeRegistry/REGISTRIES]: Registry minecraft:item: Fixed minecraft:item id mismatch epca:diseased_heart: 1946 (init) -> 1340 (map).
[088月2026 14:53:57.381] [main/DEBUG] [net.minecraftforge.registries.ForgeRegistry/REGISTRIES]: Registry minecraft:item: Fixed minecraft:item id mismatch epca:endless_wand: 1963 (init) -> 1349 (map).
[088月2026 14:53:57.381] [main/DEBUG] [net.minecraftforge.registries.ForgeRegistry/REGISTRIES]: Registry minecraft:item: Fixed minecraft:item id mismatch epca:epca_icon: 1958 (init) -> 1402 (map).
[088月2026 14:53:57.381] [main/DEBUG] [net.minecraftforge.registries.ForgeRegistry/REGISTRIES]: Registry minecraft:item: Fixed minecraft:item id mismatch epca:feeding_module_i: 1965 (init) -> 1374 (map).
[088月2026 14:53:57.381] [main/DEBUG] [net.minecraftforge.registries.ForgeRegistry/REGISTRIES]: Registry minecraft:item: Fixed minecraft:item id mismatch epca:fins_fin: 1936 (init) -> 1332 (map).
[088月2026 14:53:57.381] [main/DEBUG] [net.minecraftforge.registries.ForgeRegistry/REGISTRIES]: Registry minecraft:item: Fixed minecraft:item id mismatch epca:fins_spawn_egg: 2008 (init) -> 1277 (map).
[088月2026 14:53:57.381] [main/DEBUG] [net.minecraftforge.registries.ForgeRegistry/REGISTRIES]: Registry minecraft:item: Fixed minecraft:item id mismatch epca:flesh_armor_module_i: 1967 (init) -> 1376 (map).
[088月2026 14:53:57.381] [main/DEBUG] [net.minecraftforge.registries.ForgeRegistry/REGISTRIES]: Registry minecraft:item: Fixed minecraft:item id mismatch epca:flight_module_i: 1969 (init) -> 1439 (map).
[088月2026 14:53:57.382] [main/DEBUG] [net.minecraftforge.registries.ForgeRegistry/REGISTRIES]: Registry minecraft:item: Fixed minecraft:item id mismatch epca:flying_carrier_spawn_egg: 2029 (init) -> 1388 (map).
[088月2026 14:53:57.382] [main/INFO] [net.minecraftforge.registries.ForgeRegistry/REGISTRIES]: Registry minecraft:item: Found a missing id from the world epca:gnat_spawn_egg
[088月2026 14:53:57.382] [main/DEBUG] [net.minecraftforge.registries.ForgeRegistry/REGISTRIES]: Registry minecraft:item: Fixed minecraft:item id mismatch epca:infested_bone: 1937 (init) -> 1333 (map).
[088月2026 14:53:57.382] [main/DEBUG] [net.minecraftforge.registries.ForgeRegistry/REGISTRIES]: Registry minecraft:item: Fixed minecraft:item id mismatch epca:infested_chiseled_red_sandstone: 2077 (init) -> 1427 (map).
[088月2026 14:53:57.382] [main/DEBUG] [net.minecraftforge.registries.ForgeRegistry/REGISTRIES]: Registry minecraft:item: Fixed minecraft:item id mismatch epca:infested_chiseled_sandstone: 2078 (init) -> 1428 (map).
[088月2026 14:53:57.382] [main/DEBUG] [net.minecraftforge.registries.ForgeRegistry/REGISTRIES]: Registry minecraft:item: Fixed minecraft:item id mismatch epca:infested_chiseled_stone_bricks: 2069 (init) -> 1419 (map).
[088月2026 14:53:57.382] [main/DEBUG] [net.minecraftforge.registries.ForgeRegistry/REGISTRIES]: Registry minecraft:item: Fixed minecraft:item id mismatch epca:infested_coal: 1947 (init) -> 1394 (map).
[088月2026 14:53:57.382] [main/DEBUG] [net.minecraftforge.registries.ForgeRegistry/REGISTRIES]: Registry minecraft:item: Fixed minecraft:item id mismatch epca:infested_coal_ore: 2084 (init) -> 1429 (map).
[088月2026 14:53:57.382] [main/DEBUG] [net.minecraftforge.registries.ForgeRegistry/REGISTRIES]: Registry minecraft:item: Fixed minecraft:item id mismatch epca:infested_cobblestone: 2060 (init) -> 1410 (map).
[088月2026 14:53:57.383] [main/DEBUG] [net.minecraftforge.registries.ForgeRegistry/REGISTRIES]: Registry minecraft:item: Fixed minecraft:item id mismatch epca:infested_cobblestone_slab: 2061 (init) -> 1411 (map).
[088月2026 14:53:57.383] [main/DEBUG] [net.minecraftforge.registries.ForgeRegistry/REGISTRIES]: Registry minecraft:item: Fixed minecraft:item id mismatch epca:infested_cobblestone_stairs: 2062 (init) -> 1412 (map).
[088月2026 14:53:57.383] [main/DEBUG] [net.minecraftforge.registries.ForgeRegistry/REGISTRIES]: Registry minecraft:item: Fixed minecraft:item id mismatch epca:infested_cobblestone_wall: 2063 (init) -> 1413 (map).
[088月2026 14:53:57.383] [main/DEBUG] [net.minecraftforge.registries.ForgeRegistry/REGISTRIES]: Registry minecraft:item: Fixed minecraft:item id mismatch epca:infested_copper_ore: 2085 (init) -> 1430 (map).
[088月2026 14:53:57.383] [main/DEBUG] [net.minecraftforge.registries.ForgeRegistry/REGISTRIES]: Registry minecraft:item: Fixed minecraft:item id mismatch epca:infested_cracked_stone_bricks: 2068 (init) -> 1418 (map).
[088月2026 14:53:57.383] [main/DEBUG] [net.minecraftforge.registries.ForgeRegistry/REGISTRIES]: Registry minecraft:item: Fixed minecraft:item id mismatch epca:infested_diamond: 1954 (init) -> 1401 (map).
[088月2026 14:53:57.383] [main/DEBUG] [net.minecraftforge.registries.ForgeRegistry/REGISTRIES]: Registry minecraft:item: Fixed minecraft:item id mismatch epca:infested_diamond_ore: 2091 (init) -> 1436 (map).
[088月2026 14:53:57.383] [main/DEBUG] [net.minecraftforge.registries.ForgeRegistry/REGISTRIES]: Registry minecraft:item: Fixed minecraft:item id mismatch epca:infested_dirt0: 2046 (init) -> 1352 (map).
[088月2026 14:53:57.383] [main/DEBUG] [net.minecraftforge.registries.ForgeRegistry/REGISTRIES]: Registry minecraft:item: Fixed minecraft:item id mismatch epca:infested_dirt1: 2047 (init) -> 1353 (map).
[088月2026 14:53:57.383] [main/DEBUG] [net.minecraftforge.registries.ForgeRegistry/REGISTRIES]: Registry minecraft:item: Fixed minecraft:item id mismatch epca:infested_dirt2: 2048 (init) -> 1354 (map).
[088月2026 14:53:57.383] [main/INFO] [net.minecraftforge.registries.ForgeRegistry/REGISTRIES]: Registry minecraft:item: Found a missing id from the world epca:infested_dirt3
[088月2026 14:53:57.384] [main/DEBUG] [net.minecraftforge.registries.ForgeRegistry/REGISTRIES]: Registry minecraft:item: Fixed minecraft:item id mismatch epca:infested_emerald: 1952 (init) -> 1399 (map).
[088月2026 14:53:57.384] [main/DEBUG] [net.minecraftforge.registries.ForgeRegistry/REGISTRIES]: Registry minecraft:item: Fixed minecraft:item id mismatch epca:infested_emerald_ore: 2090 (init) -> 1435 (map).
[088月2026 14:53:57.385] [main/DEBUG] [net.minecraftforge.registries.ForgeRegistry/REGISTRIES]: Registry minecraft:item: Fixed minecraft:item id mismatch epca:infested_flesh: 1939 (init) -> 1335 (map).
[088月2026 14:53:57.385] [main/DEBUG] [net.minecraftforge.registries.ForgeRegistry/REGISTRIES]: Registry minecraft:item: Fixed minecraft:item id mismatch epca:infested_flowering_leaves: 2054 (init) -> 1403 (map).
[088月2026 14:53:57.385] [main/DEBUG] [net.minecraftforge.registries.ForgeRegistry/REGISTRIES]: Registry minecraft:item: Fixed minecraft:item id mismatch epca:infested_gold_ore: 2087 (init) -> 1432 (map).
[088月2026 14:53:57.385] [main/DEBUG] [net.minecraftforge.registries.ForgeRegistry/REGISTRIES]: Registry minecraft:item: Fixed minecraft:item id mismatch epca:infested_iron_ore: 2086 (init) -> 1431 (map).
[088月2026 14:53:57.385] [main/DEBUG] [net.minecraftforge.registries.ForgeRegistry/REGISTRIES]: Registry minecraft:item: Fixed minecraft:item id mismatch epca:infested_lapis_lazuli: 1951 (init) -> 1398 (map).
[088月2026 14:53:57.387] [main/DEBUG] [net.minecraftforge.registries.ForgeRegistry/REGISTRIES]: Registry minecraft:item: Fixed minecraft:item id mismatch epca:infested_lapis_ore: 2088 (init) -> 1433 (map).
[088月2026 14:53:57.387] [main/DEBUG] [net.minecraftforge.registries.ForgeRegistry/REGISTRIES]: Registry minecraft:item: Fixed minecraft:item id mismatch epca:infested_leaves: 2053 (init) -> 1361 (map).
[088月2026 14:53:57.387] [main/DEBUG] [net.minecraftforge.registries.ForgeRegistry/REGISTRIES]: Registry minecraft:item: Fixed minecraft:item id mismatch epca:infested_log: 2126 (init) -> 1351 (map).
[088月2026 14:53:57.387] [main/DEBUG] [net.minecraftforge.registries.ForgeRegistry/REGISTRIES]: Registry minecraft:item: Fixed minecraft:item id mismatch epca:infested_planks: 2130 (init) -> 1367 (map).
[088月2026 14:53:57.387] [main/DEBUG] [net.minecraftforge.registries.ForgeRegistry/REGISTRIES]: Registry minecraft:item: Fixed minecraft:item id mismatch epca:infested_planks_slab: 2131 (init) -> 1368 (map).
[088月2026 14:53:57.387] [main/DEBUG] [net.minecraftforge.registries.ForgeRegistry/REGISTRIES]: Registry minecraft:item: Fixed minecraft:item id mismatch epca:infested_planks_stairs: 2132 (init) -> 1369 (map).
[088月2026 14:53:57.388] [main/DEBUG] [net.minecraftforge.registries.ForgeRegistry/REGISTRIES]: Registry minecraft:item: Fixed minecraft:item id mismatch epca:infested_polished_stone: 2070 (init) -> 1420 (map).
[088月2026 14:53:57.388] [main/DEBUG] [net.minecraftforge.registries.ForgeRegistry/REGISTRIES]: Registry minecraft:item: Fixed minecraft:item id mismatch epca:infested_polished_stone_slab: 2071 (init) -> 1421 (map).
[088月2026 14:53:57.388] [main/DEBUG] [net.minecraftforge.registries.ForgeRegistry/REGISTRIES]: Registry minecraft:item: Fixed minecraft:item id mismatch epca:infested_polished_stone_stairs: 2072 (init) -> 1422 (map).
[088月2026 14:53:57.388] [main/DEBUG] [net.minecraftforge.registries.ForgeRegistry/REGISTRIES]: Registry minecraft:item: Fixed minecraft:item id mismatch epca:infested_raw_copper: 1948 (init) -> 1395 (map).
[088月2026 14:53:57.388] [main/DEBUG] [net.minecraftforge.registries.ForgeRegistry/REGISTRIES]: Registry minecraft:item: Fixed minecraft:item id mismatch epca:infested_raw_gold: 1950 (init) -> 1397 (map).
[088月2026 14:53:57.388] [main/DEBUG] [net.minecraftforge.registries.ForgeRegistry/REGISTRIES]: Registry minecraft:item: Fixed minecraft:item id mismatch epca:infested_raw_iron: 1949 (init) -> 1396 (map).
[088月2026 14:53:57.388] [main/DEBUG] [net.minecraftforge.registries.ForgeRegistry/REGISTRIES]: Registry minecraft:item: Fixed minecraft:item id mismatch epca:infested_redstone: 1953 (init) -> 1400 (map).
[088月2026 14:53:57.388] [main/DEBUG] [net.minecraftforge.registries.ForgeRegistry/REGISTRIES]: Registry minecraft:item: Fixed minecraft:item id mismatch epca:infested_redstone_ore: 2089 (init) -> 1434 (map).
[088月2026 14:53:57.388] [main/DEBUG] [net.minecraftforge.registries.ForgeRegistry/REGISTRIES]: Registry minecraft:item: Fixed minecraft:item id mismatch epca:infested_residue: 2052 (init) -> 1359 (map).
[088月2026 14:53:57.388] [main/DEBUG] [net.minecraftforge.registries.ForgeRegistry/REGISTRIES]: Registry minecraft:item: Fixed minecraft:item id mismatch epca:infested_rubbish: 1955 (init) -> 1363 (map).
[088月2026 14:53:57.388] [main/DEBUG] [net.minecraftforge.registries.ForgeRegistry/REGISTRIES]: Registry minecraft:item: Fixed minecraft:item id mismatch epca:infested_sand: 2049 (init) -> 1356 (map).
[088月2026 14:53:57.388] [main/DEBUG] [net.minecraftforge.registries.ForgeRegistry/REGISTRIES]: Registry minecraft:item: Fixed minecraft:item id mismatch epca:infested_sandstone: 2073 (init) -> 1423 (map).
[088月2026 14:53:57.389] [main/DEBUG] [net.minecraftforge.registries.ForgeRegistry/REGISTRIES]: Registry minecraft:item: Fixed minecraft:item id mismatch epca:infested_sandstone_slab: 2074 (init) -> 1424 (map).
[088月2026 14:53:57.389] [main/DEBUG] [net.minecraftforge.registries.ForgeRegistry/REGISTRIES]: Registry minecraft:item: Fixed minecraft:item id mismatch epca:infested_sandstone_stairs: 2075 (init) -> 1425 (map).
[088月2026 14:53:57.389] [main/DEBUG] [net.minecraftforge.registries.ForgeRegistry/REGISTRIES]: Registry minecraft:item: Fixed minecraft:item id mismatch epca:infested_sandstone_wall: 2076 (init) -> 1426 (map).
[088月2026 14:53:57.389] [main/DEBUG] [net.minecraftforge.registries.ForgeRegistry/REGISTRIES]: Registry minecraft:item: Fixed minecraft:item id mismatch epca:infested_slime_ball: 1957 (init) -> 1365 (map).
[088月2026 14:53:57.389] [main/DEBUG] [net.minecraftforge.registries.ForgeRegistry/REGISTRIES]: Registry minecraft:item: Fixed minecraft:item id mismatch epca:infested_snow: 2092 (init) -> 1437 (map).
[088月2026 14:53:57.389] [main/DEBUG] [net.minecraftforge.registries.ForgeRegistry/REGISTRIES]: Registry minecraft:item: Fixed minecraft:item id mismatch epca:infested_snow_block: 2093 (init) -> 1438 (map).
[088月2026 14:53:57.389] [main/DEBUG] [net.minecraftforge.registries.ForgeRegistry/REGISTRIES]: Registry minecraft:item: Fixed minecraft:item id mismatch epca:infested_stick: 1956 (init) -> 1364 (map).
[088月2026 14:53:57.389] [main/DEBUG] [net.minecraftforge.registries.ForgeRegistry/REGISTRIES]: Registry minecraft:item: Fixed minecraft:item id mismatch epca:infested_stone: 2056 (init) -> 1406 (map).
[088月2026 14:53:57.390] [main/DEBUG] [net.minecraftforge.registries.ForgeRegistry/REGISTRIES]: Registry minecraft:item: Fixed minecraft:item id mismatch epca:infested_stone_bricks: 2064 (init) -> 1414 (map).
[088月2026 14:53:57.391] [main/DEBUG] [net.minecraftforge.registries.ForgeRegistry/REGISTRIES]: Registry minecraft:item: Fixed minecraft:item id mismatch epca:infested_stone_bricks_slab: 2065 (init) -> 1415 (map).
[088月2026 14:53:57.391] [main/DEBUG] [net.minecraftforge.registries.ForgeRegistry/REGISTRIES]: Registry minecraft:item: Fixed minecraft:item id mismatch epca:infested_stone_bricks_stairs: 2066 (init) -> 1416 (map).
[088月2026 14:53:57.391] [main/DEBUG] [net.minecraftforge.registries.ForgeRegistry/REGISTRIES]: Registry minecraft:item: Fixed minecraft:item id mismatch epca:infested_stone_bricks_wall: 2067 (init) -> 1417 (map).
[088月2026 14:53:57.391] [main/DEBUG] [net.minecraftforge.registries.ForgeRegistry/REGISTRIES]: Registry minecraft:item: Fixed minecraft:item id mismatch epca:infested_stone_slab: 2057 (init) -> 1407 (map).
[088月2026 14:53:57.391] [main/DEBUG] [net.minecraftforge.registries.ForgeRegistry/REGISTRIES]: Registry minecraft:item: Fixed minecraft:item id mismatch epca:infested_stone_stairs: 2058 (init) -> 1408 (map).
[088月2026 14:53:57.391] [main/DEBUG] [net.minecraftforge.registries.ForgeRegistry/REGISTRIES]: Registry minecraft:item: Fixed minecraft:item id mismatch epca:infested_stone_wall: 2059 (init) -> 1409 (map).
[088月2026 14:53:57.392] [main/DEBUG] [net.minecraftforge.registries.ForgeRegistry/REGISTRIES]: Registry minecraft:item: Fixed minecraft:item id mismatch epca:infested_stripped_log: 2128 (init) -> 1366 (map).
[088月2026 14:53:57.392] [main/DEBUG] [net.minecraftforge.registries.ForgeRegistry/REGISTRIES]: Registry minecraft:item: Fixed minecraft:item id mismatch epca:infested_stripped_wood: 2129 (init) -> 1405 (map).
[088月2026 14:53:57.392] [main/INFO] [net.minecraftforge.registries.ForgeRegistry/REGISTRIES]: Registry minecraft:item: Found a missing id from the world epca:infested_vein_bush
[088月2026 14:53:57.392] [main/INFO] [net.minecraftforge.registries.ForgeRegistry/REGISTRIES]: Registry minecraft:item: Found a missing id from the world epca:infested_vein_fern
[088月2026 14:53:57.392] [main/INFO] [net.minecraftforge.registries.ForgeRegistry/REGISTRIES]: Registry minecraft:item: Found a missing id from the world epca:infested_vein_grass
[088月2026 14:53:57.392] [main/DEBUG] [net.minecraftforge.registries.ForgeRegistry/REGISTRIES]: Registry minecraft:item: Fixed minecraft:item id mismatch epca:infested_vine: 2055 (init) -> 1362 (map).
[088月2026 14:53:57.392] [main/DEBUG] [net.minecraftforge.registries.ForgeRegistry/REGISTRIES]: Registry minecraft:item: Fixed minecraft:item id mismatch epca:infested_wood: 2127 (init) -> 1404 (map).
[088月2026 14:53:57.392] [main/DEBUG] [net.minecraftforge.registries.ForgeRegistry/REGISTRIES]: Registry minecraft:item: Fixed minecraft:item id mismatch epca:instinct_module_i: 1966 (init) -> 1375 (map).
[088月2026 14:53:57.392] [main/DEBUG] [net.minecraftforge.registries.ForgeRegistry/REGISTRIES]: Registry minecraft:item: Fixed minecraft:item id mismatch epca:large_incomplete_form_spawn_egg: 2013 (init) -> 1282 (map).
[088月2026 14:53:57.392] [main/INFO] [net.minecraftforge.registries.ForgeRegistry/REGISTRIES]: Registry minecraft:item: Found a missing id from the world epca:liquid_biomass_bucket
[088月2026 14:53:57.393] [main/DEBUG] [net.minecraftforge.registries.ForgeRegistry/REGISTRIES]: Registry minecraft:item: Fixed minecraft:item id mismatch epca:living_armor_box: 1970 (init) -> 1382 (map).
[088月2026 14:53:57.393] [main/INFO] [net.minecraftforge.registries.ForgeRegistry/REGISTRIES]: Registry minecraft:item: Found a missing id from the world epca:living_axe
[088月2026 14:53:57.393] [main/DEBUG] [net.minecraftforge.registries.ForgeRegistry/REGISTRIES]: Registry minecraft:item: Fixed minecraft:item id mismatch epca:living_boots: 1985 (init) -> 1373 (map).
[088月2026 14:53:57.393] [main/DEBUG] [net.minecraftforge.registries.ForgeRegistry/REGISTRIES]: Registry minecraft:item: Fixed minecraft:item id mismatch epca:living_chestplate: 1983 (init) -> 1371 (map).
[088月2026 14:53:57.393] [main/DEBUG] [net.minecraftforge.registries.ForgeRegistry/REGISTRIES]: Registry minecraft:item: Fixed minecraft:item id mismatch epca:living_flesh_size0_spawn_egg: 2018 (init) -> 1290 (map).
[088月2026 14:53:57.393] [main/DEBUG] [net.minecraftforge.registries.ForgeRegistry/REGISTRIES]: Registry minecraft:item: Fixed minecraft:item id mismatch epca:living_flesh_size1_spawn_egg: 2019 (init) -> 1291 (map).
[088月2026 14:53:57.393] [main/DEBUG] [net.minecraftforge.registries.ForgeRegistry/REGISTRIES]: Registry minecraft:item: Fixed minecraft:item id mismatch epca:living_flesh_size2_spawn_egg: 2020 (init) -> 1292 (map).
[088月2026 14:53:57.393] [main/DEBUG] [net.minecraftforge.registries.ForgeRegistry/REGISTRIES]: Registry minecraft:item: Fixed minecraft:item id mismatch epca:living_flesh_size3_spawn_egg: 2042 (init) -> 1293 (map).
[088月2026 14:53:57.393] [main/DEBUG] [net.minecraftforge.registries.ForgeRegistry/REGISTRIES]: Registry minecraft:item: Fixed minecraft:item id mismatch epca:living_flesh_size4_spawn_egg: 2021 (init) -> 1294 (map).
[088月2026 14:53:57.393] [main/INFO] [net.minecraftforge.registries.ForgeRegistry/REGISTRIES]: Registry minecraft:item: Found a missing id from the world epca:living_flying_dagger
[088月2026 14:53:57.393] [main/DEBUG] [net.minecraftforge.registries.ForgeRegistry/REGISTRIES]: Registry minecraft:item: Fixed minecraft:item id mismatch epca:living_helmet: 1982 (init) -> 1370 (map).
[088月2026 14:53:57.393] [main/DEBUG] [net.minecraftforge.registries.ForgeRegistry/REGISTRIES]: Registry minecraft:item: Fixed minecraft:item id mismatch epca:living_leggings: 1984 (init) -> 1372 (map).
[088月2026 14:53:57.393] [main/INFO] [net.minecraftforge.registries.ForgeRegistry/REGISTRIES]: Registry minecraft:item: Found a missing id from the world epca:living_shield
[088月2026 14:53:57.394] [main/DEBUG] [net.minecraftforge.registries.ForgeRegistry/REGISTRIES]: Registry minecraft:item: Fixed minecraft:item id mismatch epca:medium_incomplete_form_spawn_egg: 1991 (init) -> 1260 (map).
[088月2026 14:53:57.394] [main/DEBUG] [net.minecraftforge.registries.ForgeRegistry/REGISTRIES]: Registry minecraft:item: Fixed minecraft:item id mismatch epca:netherite_module_i: 1968 (init) -> 1377 (map).
[088月2026 14:53:57.394] [main/DEBUG] [net.minecraftforge.registries.ForgeRegistry/REGISTRIES]: Registry minecraft:item: Fixed minecraft:item id mismatch epca:nullthing_spawn_egg: 2016 (init) -> 1285 (map).
[088月2026 14:53:57.394] [main/DEBUG] [net.minecraftforge.registries.ForgeRegistry/REGISTRIES]: Registry minecraft:item: Fixed minecraft:item id mismatch epca:packed_mud_pedestal: 2102 (init) -> 1440 (map).
[088月2026 14:53:57.394] [main/DEBUG] [net.minecraftforge.registries.ForgeRegistry/REGISTRIES]: Registry minecraft:item: Fixed minecraft:item id mismatch epca:parasite_viscera: 1933 (init) -> 1299 (map).
[088月2026 14:53:57.395] [main/INFO] [net.minecraftforge.registries.ForgeRegistry/REGISTRIES]: Registry minecraft:item: Found a missing id from the world epca:primitive_flesh
[088月2026 14:53:57.395] [main/INFO] [net.minecraftforge.registries.ForgeRegistry/REGISTRIES]: Registry minecraft:item: Found a missing id from the world epca:primitive_longarms_spawn_egg
[088月2026 14:53:57.395] [main/INFO] [net.minecraftforge.registries.ForgeRegistry/REGISTRIES]: Registry minecraft:item: Found a missing id from the world epca:primitive_shell
[088月2026 14:53:57.395] [main/INFO] [net.minecraftforge.registries.ForgeRegistry/REGISTRIES]: Registry minecraft:item: Found a missing id from the world epca:rupter_spawn_egg
[088月2026 14:53:57.395] [main/INFO] [net.minecraftforge.registries.ForgeRegistry/REGISTRIES]: Registry minecraft:item: Found a missing id from the world epca:sentient_flying_dagger
[088月2026 14:53:57.395] [main/INFO] [net.minecraftforge.registries.ForgeRegistry/REGISTRIES]: Registry minecraft:item: Found a missing id from the world epca:sentient_shield
[088月2026 14:53:57.395] [main/DEBUG] [net.minecraftforge.registries.ForgeRegistry/REGISTRIES]: Registry minecraft:item: Fixed minecraft:item id mismatch epca:small_incomplete_form_spawn_egg: 1990 (init) -> 1259 (map).
[088月2026 14:53:57.396] [main/DEBUG] [net.minecraftforge.registries.ForgeRegistry/REGISTRIES]: Registry minecraft:item: Fixed minecraft:item id mismatch epca:stage_i_beckon_spawn: 1934 (init) -> 1310 (map).
[088月2026 14:53:57.396] [main/DEBUG] [net.minecraftforge.registries.ForgeRegistry/REGISTRIES]: Registry minecraft:item: Fixed minecraft:item id mismatch epca:stage_i_beckon_spawn_egg: 1999 (init) -> 1268 (map).
[088月2026 14:53:57.396] [main/DEBUG] [net.minecraftforge.registries.ForgeRegistry/REGISTRIES]: Registry minecraft:item: Fixed minecraft:item id mismatch epca:stage_ii_beckon_spawn: 1935 (init) -> 1393 (map).
[088月2026 14:53:57.397] [main/DEBUG] [net.minecraftforge.registries.ForgeRegistry/REGISTRIES]: Registry minecraft:item: Fixed minecraft:item id mismatch epca:stage_ii_beckon_spawn_egg: 2026 (init) -> 1385 (map).
[088月2026 14:53:57.397] [main/DEBUG] [net.minecraftforge.registries.ForgeRegistry/REGISTRIES]: Registry minecraft:item: Fixed minecraft:item id mismatch epca:twisted_bone: 1942 (init) -> 1338 (map).
[088月2026 14:53:57.397] [main/DEBUG] [net.minecraftforge.registries.ForgeRegistry/REGISTRIES]: Registry minecraft:item: Fixed minecraft:item id mismatch epca:walking_chicken_head_spawn_egg: 2027 (init) -> 1386 (map).
[088月2026 14:53:57.397] [main/DEBUG] [net.minecraftforge.registries.ForgeRegistry/REGISTRIES]: Registry minecraft:item: Fixed minecraft:item id mismatch epca:walking_cow_head_spawn_egg: 2015 (init) -> 1284 (map).
[088月2026 14:53:57.397] [main/DEBUG] [net.minecraftforge.registries.ForgeRegistry/REGISTRIES]: Registry minecraft:item: Fixed minecraft:item id mismatch epca:walking_drowned_head_spawn_egg: 1997 (init) -> 1266 (map).
[088月2026 14:53:57.397] [main/DEBUG] [net.minecraftforge.registries.ForgeRegistry/REGISTRIES]: Registry minecraft:item: Fixed minecraft:item id mismatch epca:walking_enderman_head_spawn_egg: 2031 (init) -> 1390 (map).
[088月2026 14:53:57.397] [main/DEBUG] [net.minecraftforge.registries.ForgeRegistry/REGISTRIES]: Registry minecraft:item: Fixed minecraft:item id mismatch epca:walking_husk_head_spawn_egg: 1995 (init) -> 1264 (map).
[088月2026 14:53:57.397] [main/DEBUG] [net.minecraftforge.registries.ForgeRegistry/REGISTRIES]: Registry minecraft:item: Fixed minecraft:item id mismatch epca:walking_pig_head_spawn_egg: 2010 (init) -> 1279 (map).
[088月2026 14:53:57.397] [main/DEBUG] [net.minecraftforge.registries.ForgeRegistry/REGISTRIES]: Registry minecraft:item: Fixed minecraft:item id mismatch epca:walking_pillager_head_spawn_egg: 2001 (init) -> 1270 (map).
[088月2026 14:53:57.397] [main/DEBUG] [net.minecraftforge.registries.ForgeRegistry/REGISTRIES]: Registry minecraft:item: Fixed minecraft:item id mismatch epca:walking_sheep_head_spawn_egg: 2012 (init) -> 1281 (map).
[088月2026 14:53:57.397] [main/DEBUG] [net.minecraftforge.registries.ForgeRegistry/REGISTRIES]: Registry minecraft:item: Fixed minecraft:item id mismatch epca:walking_villager_head_spawn_egg: 2005 (init) -> 1274 (map).
[088月2026 14:53:57.397] [main/DEBUG] [net.minecraftforge.registries.ForgeRegistry/REGISTRIES]: Registry minecraft:item: Fixed minecraft:item id mismatch epca:walking_vindicator_head_spawn_egg: 2003 (init) -> 1272 (map).
[088月2026 14:53:57.397] [main/DEBUG] [net.minecraftforge.registries.ForgeRegistry/REGISTRIES]: Registry minecraft:item: Fixed minecraft:item id mismatch epca:walking_wolf_head_spawn_egg: 2023 (init) -> 1296 (map).
[088月2026 14:53:57.398] [main/DEBUG] [net.minecraftforge.registries.ForgeRegistry/REGISTRIES]: Registry minecraft:item: Fixed minecraft:item id mismatch epca:walking_zombie_head_spawn_egg: 1993 (init) -> 1262 (map).
[088月2026 14:53:57.398] [main/DEBUG] [net.minecraftforge.registries.ForgeRegistry/REGISTRIES]: Registry minecraft:item: Fixed minecraft:item id mismatch epca:walking_zombie_villager_head_spawn_egg: 2007 (init) -> 1276 (map).
[088月2026 14:53:57.398] [main/DEBUG] [net.minecraftforge.registries.ForgeRegistry/REGISTRIES]: Registry minecraft:item: Fixed minecraft:item id mismatch epca:weird_minced_flesh: 1938 (init) -> 1334 (map).
[088月2026 14:53:57.398] [main/DEBUG] [net.minecraftforge.registries.ForgeRegistry/REGISTRIES]: Registry minecraft:item: Fixed minecraft:item id mismatch epca:yawning_nya_spawn_egg: 1988 (init) -> 1257 (map).
[088月2026 14:53:57.424] [main/DEBUG] [net.minecraftforge.registries.ForgeRegistry/REGISTRIES]: Registry minecraft:mob_effect: Fixed minecraft:mob_effect id mismatch epca:bleeding: 119 (init) -> 0 (map).
[088月2026 14:53:57.424] [main/DEBUG] [net.minecraftforge.registries.ForgeRegistry/REGISTRIES]: Registry minecraft:mob_effect: Fixed minecraft:mob_effect id mismatch epca:corrosive: 124 (init) -> 37 (map).
[088月2026 14:53:57.424] [main/DEBUG] [net.minecraftforge.registries.ForgeRegistry/REGISTRIES]: Registry minecraft:mob_effect: Fixed minecraft:mob_effect id mismatch epca:coth: 122 (init) -> 36 (map).
[088月2026 14:53:57.424] [main/DEBUG] [net.minecraftforge.registries.ForgeRegistry/REGISTRIES]: Registry minecraft:mob_effect: Fixed minecraft:mob_effect id mismatch epca:deep_sneak: 127 (init) -> 40 (map).
[088月2026 14:53:57.424] [main/DEBUG] [net.minecraftforge.registries.ForgeRegistry/REGISTRIES]: Registry minecraft:mob_effect: Fixed minecraft:mob_effect id mismatch epca:ender_erosion: 129 (init) -> 44 (map).
[088月2026 14:53:57.424] [main/DEBUG] [net.minecraftforge.registries.ForgeRegistry/REGISTRIES]: Registry minecraft:mob_effect: Fixed minecraft:mob_effect id mismatch epca:fear: 121 (init) -> 35 (map).
[088月2026 14:53:57.424] [main/DEBUG] [net.minecraftforge.registries.ForgeRegistry/REGISTRIES]: Registry minecraft:mob_effect: Fixed minecraft:mob_effect id mismatch epca:needler: 126 (init) -> 39 (map).
[088月2026 14:53:57.425] [main/DEBUG] [net.minecraftforge.registries.ForgeRegistry/REGISTRIES]: Registry minecraft:mob_effect: Fixed minecraft:mob_effect id mismatch epca:rage: 125 (init) -> 38 (map).
[088月2026 14:53:57.425] [main/DEBUG] [net.minecraftforge.registries.ForgeRegistry/REGISTRIES]: Registry minecraft:mob_effect: Fixed minecraft:mob_effect id mismatch epca:solidify: 128 (init) -> 41 (map).
[088月2026 14:53:57.425] [main/DEBUG] [net.minecraftforge.registries.ForgeRegistry/REGISTRIES]: Registry minecraft:mob_effect: Fixed minecraft:mob_effect id mismatch epca:spirit: 130 (init) -> 43 (map).
[088月2026 14:53:57.425] [main/DEBUG] [net.minecraftforge.registries.ForgeRegistry/REGISTRIES]: Registry minecraft:mob_effect: Fixed minecraft:mob_effect id mismatch epca:viral: 120 (init) -> 34 (map).
[088月2026 14:53:57.428] [main/INFO] [net.minecraftforge.registries.ForgeRegistry/REGISTRIES]: Registry minecraft:sound_event: Found a missing id from the world epca:adaptation_f
[088月2026 14:53:57.428] [main/INFO] [net.minecraftforge.registries.ForgeRegistry/REGISTRIES]: Registry minecraft:sound_event: Found a missing id from the world epca:adaptation_p
[088月2026 14:53:57.428] [main/INFO] [net.minecraftforge.registries.ForgeRegistry/REGISTRIES]: Registry minecraft:sound_event: Found a missing id from the world epca:blockinfest_break
[088月2026 14:53:57.428] [main/INFO] [net.minecraftforge.registries.ForgeRegistry/REGISTRIES]: Registry minecraft:sound_event: Found a missing id from the world epca:blockinfest_hit
[088月2026 14:53:57.428] [main/INFO] [net.minecraftforge.registries.ForgeRegistry/REGISTRIES]: Registry minecraft:sound_event: Found a missing id from the world epca:blockinfest_place
[088月2026 14:53:57.428] [main/INFO] [net.minecraftforge.registries.ForgeRegistry/REGISTRIES]: Registry minecraft:sound_event: Found a missing id from the world epca:blockinfest_step
[088月2026 14:53:57.428] [main/INFO] [net.minecraftforge.registries.ForgeRegistry/REGISTRIES]: Registry minecraft:sound_event: Found a missing id from the world epca:evphase_1
[088月2026 14:53:57.428] [main/INFO] [net.minecraftforge.registries.ForgeRegistry/REGISTRIES]: Registry minecraft:sound_event: Found a missing id from the world epca:evphase_10
[088月2026 14:53:57.428] [main/INFO] [net.minecraftforge.registries.ForgeRegistry/REGISTRIES]: Registry minecraft:sound_event: Found a missing id from the world epca:evphase_2
[088月2026 14:53:57.429] [main/INFO] [net.minecraftforge.registries.ForgeRegistry/REGISTRIES]: Registry minecraft:sound_event: Found a missing id from the world epca:evphase_3
[088月2026 14:53:57.429] [main/INFO] [net.minecraftforge.registries.ForgeRegistry/REGISTRIES]: Registry minecraft:sound_event: Found a missing id from the world epca:evphase_4
[088月2026 14:53:57.429] [main/INFO] [net.minecraftforge.registries.ForgeRegistry/REGISTRIES]: Registry minecraft:sound_event: Found a missing id from the world epca:evphase_5
[088月2026 14:53:57.429] [main/INFO] [net.minecraftforge.registries.ForgeRegistry/REGISTRIES]: Registry minecraft:sound_event: Found a missing id from the world epca:evphase_6
[088月2026 14:53:57.429] [main/INFO] [net.minecraftforge.registries.ForgeRegistry/REGISTRIES]: Registry minecraft:sound_event: Found a missing id from the world epca:evphase_7
[088月2026 14:53:57.429] [main/INFO] [net.minecraftforge.registries.ForgeRegistry/REGISTRIES]: Registry minecraft:sound_event: Found a missing id from the world epca:evphase_8
[088月2026 14:53:57.429] [main/INFO] [net.minecraftforge.registries.ForgeRegistry/REGISTRIES]: Registry minecraft:sound_event: Found a missing id from the world epca:evphase_9
[088月2026 14:53:57.429] [main/INFO] [net.minecraftforge.registries.ForgeRegistry/REGISTRIES]: Registry minecraft:sound_event: Found a missing id from the world epca:flesh_hunt0
[088月2026 14:53:57.429] [main/INFO] [net.minecraftforge.registries.ForgeRegistry/REGISTRIES]: Registry minecraft:sound_event: Found a missing id from the world epca:flesh_hunt1
[088月2026 14:53:57.429] [main/INFO] [net.minecraftforge.registries.ForgeRegistry/REGISTRIES]: Registry minecraft:sound_event: Found a missing id from the world epca:mob_a
[088月2026 14:53:57.429] [main/INFO] [net.minecraftforge.registries.ForgeRegistry/REGISTRIES]: Registry minecraft:sound_event: Found a missing id from the world epca:mob_explotion
[088月2026 14:53:57.429] [main/DEBUG] [net.minecraftforge.registries.ForgeRegistry/REGISTRIES]: Registry minecraft:sound_event: Fixed minecraft:sound_event id mismatch epca:nullthing_attack0: 1682 (init) -> 1492 (map).
[088月2026 14:53:57.430] [main/DEBUG] [net.minecraftforge.registries.ForgeRegistry/REGISTRIES]: Registry minecraft:sound_event: Fixed minecraft:sound_event id mismatch epca:nullthing_run: 1683 (init) -> 1493 (map).
[088月2026 14:53:57.430] [main/DEBUG] [net.minecraftforge.registries.ForgeRegistry/REGISTRIES]: Registry minecraft:sound_event: Fixed minecraft:sound_event id mismatch epca:nullthing_stand1: 1684 (init) -> 1494 (map).
[088月2026 14:53:57.430] [main/DEBUG] [net.minecraftforge.registries.ForgeRegistry/REGISTRIES]: Registry minecraft:sound_event: Fixed minecraft:sound_event id mismatch epca:nullthing_stand2: 1685 (init) -> 1495 (map).
[088月2026 14:53:57.430] [main/INFO] [net.minecraftforge.registries.ForgeRegistry/REGISTRIES]: Registry minecraft:sound_event: Found a missing id from the world epca:vstagei
[088月2026 14:53:57.440] [main/DEBUG] [net.minecraftforge.registries.GameData/REGISTRIES]: There are 96 mappings missing - attempting a mod remap
[088月2026 14:53:57.446] [main/ERROR] [net.minecraftforge.registries.GameData/REGISTRIES]: Unidentified mapping from registry minecraft:block
	epca:assimilated_remains_large: 1017
	epca:assimilated_remains_medium: 1016
	epca:assimilated_remains_small: 1015
	epca:infested_dirt3: 1006
	epca:infested_vein_bush: 1019
	epca:infested_vein_fern: 1014
	epca:infested_vein_grass: 1013
	epca:liquid_biomass: 1023

[088月2026 14:53:57.447] [main/DEBUG] [net.minecraftforge.registries.ForgeRegistry/REGISTRIES]: Processing missing event for minecraft:block:
[088月2026 14:53:57.448] [main/ERROR] [net.minecraftforge.registries.GameData/REGISTRIES]: Unidentified mapping from registry minecraft:entity_type
	epca:assimilated_chicken: 178
	epca:assimilated_cow: 153
	epca:assimilated_drowned: 132
	epca:assimilated_enderman: 180
	epca:assimilated_endermite: 182
	epca:assimilated_husk: 130
	epca:assimilated_pig: 147
	epca:assimilated_pillager: 138
	epca:assimilated_sheep: 149
	epca:assimilated_silverfish: 183
	epca:assimilated_slime_size0: 158
	epca:assimilated_slime_size1: 159
	epca:assimilated_slime_size3: 160
	epca:assimilated_villager: 142
	epca:assimilated_vindicator: 140
	epca:assimilated_wolf: 169
	epca:assimilated_zombie: 128
	epca:assimilated_zombie_villager: 144
	epca:buglin: 124
	epca:corrosive_bullet: 167
	epca:flying_dagger: 151
	epca:gnat: 156
	epca:primitive_longarms: 172
	epca:rupter: 125
	epca:wave: 171

[088月2026 14:53:57.448] [main/DEBUG] [net.minecraftforge.registries.ForgeRegistry/REGISTRIES]: Processing missing event for minecraft:entity_type:
[088月2026 14:53:57.448] [main/ERROR] [net.minecraftforge.registries.GameData/REGISTRIES]: Unidentified mapping from registry minecraft:fluid
	epca:flowing_liquid_biomass: 6
	epca:liquid_biomass: 5

[088月2026 14:53:57.448] [main/DEBUG] [net.minecraftforge.registries.ForgeRegistry/REGISTRIES]: Processing missing event for minecraft:fluid:
[088月2026 14:53:57.449] [main/ERROR] [net.minecraftforge.registries.GameData/REGISTRIES]: Unidentified mapping from registry minecraft:item
	epca:acid_solution_bucket: 1381
	epca:assimilated_chicken_spawn_egg: 1387
	epca:assimilated_cow_spawn_egg: 1283
	epca:assimilated_drowned_spawn_egg: 1265
	epca:assimilated_enderman_spawn_egg: 1389
	epca:assimilated_endermite_spawn_egg: 1391
	epca:assimilated_husk_spawn_egg: 1263
	epca:assimilated_pig_spawn_egg: 1278
	epca:assimilated_pillager_spawn_egg: 1269
	epca:assimilated_remains_large: 1347
	epca:assimilated_remains_medium: 1346
	epca:assimilated_remains_small: 1345
	epca:assimilated_sheep_spawn_egg: 1280
	epca:assimilated_silverfish_spawn_egg: 1392
	epca:assimilated_slime_size0_spawn_egg: 1287
	epca:assimilated_slime_size1_spawn_egg: 1288
	epca:assimilated_slime_size3_spawn_egg: 1289
	epca:assimilated_slime_spawn: 1327
	epca:assimilated_villager_spawn_egg: 1273
	epca:assimilated_vindicator_spawn_egg: 1271
	epca:assimilated_wolf_spawn_egg: 1295
	epca:assimilated_zombie_spawn_egg: 1261
	epca:assimilated_zombie_villager_spawn_egg: 1275
	epca:bloody_clock: 1344
	epca:buglin_spawn_egg: 1256
	epca:gnat_spawn_egg: 1286
	epca:infested_dirt3: 1355
	epca:infested_vein_bush: 1360
	epca:infested_vein_fern: 1358
	epca:infested_vein_grass: 1357
	epca:liquid_biomass_bucket: 1380
	epca:living_axe: 1341
	epca:living_flying_dagger: 1342
	epca:living_shield: 1350
	epca:primitive_flesh: 1336
	epca:primitive_longarms_spawn_egg: 1297
	epca:primitive_shell: 1337
	epca:rupter_spawn_egg: 1258
	epca:sentient_flying_dagger: 1343
	epca:sentient_shield: 1378

[088月2026 14:53:57.450] [main/DEBUG] [net.minecraftforge.registries.ForgeRegistry/REGISTRIES]: Processing missing event for minecraft:item:
[088月2026 14:53:57.450] [main/ERROR] [net.minecraftforge.registries.GameData/REGISTRIES]: Unidentified mapping from registry minecraft:sound_event
	epca:adaptation_f: 1491
	epca:adaptation_p: 1490
	epca:blockinfest_break: 1485
	epca:blockinfest_hit: 1486
	epca:blockinfest_place: 1487
	epca:blockinfest_step: 1488
	epca:evphase_1: 1474
	epca:evphase_10: 1483
	epca:evphase_2: 1475
	epca:evphase_3: 1476
	epca:evphase_4: 1477
	epca:evphase_5: 1478
	epca:evphase_6: 1479
	epca:evphase_7: 1480
	epca:evphase_8: 1481
	epca:evphase_9: 1482
	epca:flesh_hunt0: 1497
	epca:flesh_hunt1: 1498
	epca:mob_a: 1496
	epca:mob_explotion: 1489
	epca:vstagei: 1484

[088月2026 14:53:57.452] [main/DEBUG] [net.minecraftforge.registries.ForgeRegistry/REGISTRIES]: Processing missing event for minecraft:sound_event:
[088月2026 14:53:57.455] [main/WARN] [net.minecraftforge.registries.GameData/REGISTRIES]: Forge Mod Loader detected missing registry entries.

There are 96 missing entries in this save.
If you continue the missing entries will get removed.
A world backup will be automatically created in your saves directory.


[088月2026 14:53:57.455] [main/WARN] [net.minecraftforge.registries.GameData/REGISTRIES]: Missing minecraft:sound_event:
    epca:adaptation_f
    epca:adaptation_p
    epca:blockinfest_break
    epca:blockinfest_hit
    epca:blockinfest_place
    epca:blockinfest_step
    epca:evphase_1
    epca:evphase_10
    epca:evphase_2
    epca:evphase_3
    epca:evphase_4
    epca:evphase_5
    epca:evphase_6
    epca:evphase_7
    epca:evphase_8
    epca:evphase_9
    epca:flesh_hunt0
    epca:flesh_hunt1
    epca:mob_a
    epca:mob_explotion
    epca:vstagei

Missing minecraft:item:
    epca:acid_solution_bucket
    epca:assimilated_chicken_spawn_egg
    epca:assimilated_cow_spawn_egg
    epca:assimilated_drowned_spawn_egg
    epca:assimilated_enderman_spawn_egg
    epca:assimilated_endermite_spawn_egg
    epca:assimilated_husk_spawn_egg
    epca:assimilated_pig_spawn_egg
    epca:assimilated_pillager_spawn_egg
    epca:assimilated_remains_large
    epca:assimilated_remains_medium
    epca:assimilated_remains_small
    epca:assimilated_sheep_spawn_egg
    epca:assimilated_silverfish_spawn_egg
    epca:assimilated_slime_size0_spawn_egg
    epca:assimilated_slime_size1_spawn_egg
    epca:assimilated_slime_size3_spawn_egg
    epca:assimilated_slime_spawn
    epca:assimilated_villager_spawn_egg
    epca:assimilated_vindicator_spawn_egg
    epca:assimilated_wolf_spawn_egg
    epca:assimilated_zombie_spawn_egg
    epca:assimilated_zombie_villager_spawn_egg
    epca:bloody_clock
    epca:buglin_spawn_egg
    epca:gnat_spawn_egg
    epca:infested_dirt3
    epca:infested_vein_bush
    epca:infested_vein_fern
    epca:infested_vein_grass
    epca:liquid_biomass_bucket
    epca:living_axe
    epca:living_flying_dagger
    epca:living_shield
    epca:primitive_flesh
    epca:primitive_longarms_spawn_egg
    epca:primitive_shell
    epca:rupter_spawn_egg
    epca:sentient_flying_dagger
    epca:sentient_shield

Missing minecraft:block:
    epca:assimilated_remains_large
    epca:assimilated_remains_medium
    epca:assimilated_remains_small
    epca:infested_dirt3
    epca:infested_vein_bush
    epca:infested_vein_fern
    epca:infested_vein_grass
    epca:liquid_biomass

Missing minecraft:fluid:
    epca:flowing_liquid_biomass
    epca:liquid_biomass

Missing minecraft:entity_type:
    epca:assimilated_chicken
    epca:assimilated_cow
    epca:assimilated_drowned
    epca:assimilated_enderman
    epca:assimilated_endermite
    epca:assimilated_husk
    epca:assimilated_pig
    epca:assimilated_pillager
    epca:assimilated_sheep
    epca:assimilated_silverfish
    epca:assimilated_slime_size0
    epca:assimilated_slime_size1
    epca:assimilated_slime_size3
    epca:assimilated_villager
    epca:assimilated_vindicator
    epca:assimilated_wolf
    epca:assimilated_zombie
    epca:assimilated_zombie_villager
    epca:buglin
    epca:corrosive_bullet
    epca:flying_dagger
    epca:gnat
    epca:primitive_longarms
    epca:rupter
    epca:wave


[088月2026 14:53:57.456] [main/ERROR] [net.minecraftforge.registries.GameData/REGISTRIES]: There are unidentified mappings in this world - we are going to attempt to process anyway
[088月2026 14:53:57.462] [main/WARN] [net.minecraftforge.registries.ForgeRegistry/REGISTRIES]: Registry minecraft:block: Object did not get ID it asked for. Name: caerula_arbor:emergency_light Expected: 1003 Got: 1020
[088月2026 14:53:57.462] [main/WARN] [net.minecraftforge.registries.ForgeRegistry/REGISTRIES]: Registry minecraft:block: Object did not get ID it asked for. Name: caerula_arbor:kings_armor Expected: 1004 Got: 1062
[088月2026 14:53:57.463] [main/WARN] [net.minecraftforge.registries.ForgeRegistry/REGISTRIES]: Registry minecraft:block: Object did not get ID it asked for. Name: caerula_arbor:block_crown Expected: 1005 Got: 1063
[088月2026 14:53:57.463] [main/WARN] [net.minecraftforge.registries.ForgeRegistry/REGISTRIES]: Registry minecraft:block: Object did not get ID it asked for. Name: caerula_arbor:block_spear Expected: 1006 Got: 1064
[088月2026 14:53:57.463] [main/WARN] [net.minecraftforge.registries.ForgeRegistry/REGISTRIES]: Registry minecraft:block: Object did not get ID it asked for. Name: caerula_arbor:block_extension Expected: 1007 Got: 1065
[088月2026 14:53:57.463] [main/WARN] [net.minecraftforge.registries.ForgeRegistry/REGISTRIES]: Registry minecraft:block: Object did not get ID it asked for. Name: caerula_arbor:block_crystal Expected: 1008 Got: 1066
[088月2026 14:53:57.463] [main/WARN] [net.minecraftforge.registries.ForgeRegistry/REGISTRIES]: Registry minecraft:block: Object did not get ID it asked for. Name: caerula_arbor:block_fate Expected: 1009 Got: 1067
[088月2026 14:53:57.463] [main/WARN] [net.minecraftforge.registries.ForgeRegistry/REGISTRIES]: Registry minecraft:block: Object did not get ID it asked for. Name: caerula_arbor:berry_can Expected: 1010 Got: 1068
[088月2026 14:53:57.463] [main/WARN] [net.minecraftforge.registries.ForgeRegistry/REGISTRIES]: Registry minecraft:block: Object did not get ID it asked for. Name: caerula_arbor:redstone_iris Expected: 1011 Got: 1069
[088月2026 14:53:57.463] [main/WARN] [net.minecraftforge.registries.ForgeRegistry/REGISTRIES]: Registry minecraft:block: Object did not get ID it asked for. Name: caerula_arbor:redstoneiris_seeding Expected: 1012 Got: 1070
[088月2026 14:53:57.463] [main/WARN] [net.minecraftforge.registries.ForgeRegistry/REGISTRIES]: Registry minecraft:block: Object did not get ID it asked for. Name: caerula_arbor:sea_trail_init Expected: 1013 Got: 1071
[088月2026 14:53:57.464] [main/WARN] [net.minecraftforge.registries.ForgeRegistry/REGISTRIES]: Registry minecraft:block: Object did not get ID it asked for. Name: caerula_arbor:sea_trail_growing Expected: 1014 Got: 1072
[088月2026 14:53:57.464] [main/WARN] [net.minecraftforge.registries.ForgeRegistry/REGISTRIES]: Registry minecraft:block: Object did not get ID it asked for. Name: caerula_arbor:sea_trail_grown Expected: 1015 Got: 1073
[088月2026 14:53:57.464] [main/WARN] [net.minecraftforge.registries.ForgeRegistry/REGISTRIES]: Registry minecraft:block: Object did not get ID it asked for. Name: caerula_arbor:bomb_trailer Expected: 1016 Got: 1074
[088月2026 14:53:57.464] [main/WARN] [net.minecraftforge.registries.ForgeRegistry/REGISTRIES]: Registry minecraft:block: Object did not get ID it asked for. Name: caerula_arbor:ocean_glass Expected: 1017 Got: 1075
[088月2026 14:53:57.464] [main/WARN] [net.minecraftforge.registries.ForgeRegistry/REGISTRIES]: Registry minecraft:block: Object did not get ID it asked for. Name: caerula_arbor:ocean_glasspane Expected: 1018 Got: 1076
[088月2026 14:53:57.465] [main/WARN] [net.minecraftforge.registries.ForgeRegistry/REGISTRIES]: Registry minecraft:block: Object did not get ID it asked for. Name: caerula_arbor:chitin_block Expected: 1019 Got: 1077
[088月2026 14:53:57.465] [main/WARN] [net.minecraftforge.registries.ForgeRegistry/REGISTRIES]: Registry minecraft:block: Object did not get ID it asked for. Name: caerula_arbor:block_kettle Expected: 1020 Got: 1078
[088月2026 14:53:57.465] [main/WARN] [net.minecraftforge.registries.ForgeRegistry/REGISTRIES]: Registry minecraft:block: Object did not get ID it asked for. Name: caerula_arbor:ocean_farmland Expected: 1021 Got: 1079
[088月2026 14:53:57.465] [main/WARN] [net.minecraftforge.registries.ForgeRegistry/REGISTRIES]: Registry minecraft:block: Object did not get ID it asked for. Name: caerula_arbor:allay_block Expected: 1022 Got: 1080
[088月2026 14:53:57.465] [main/WARN] [net.minecraftforge.registries.ForgeRegistry/REGISTRIES]: Registry minecraft:block: Object did not get ID it asked for. Name: caerula_arbor:block_batbed Expected: 1023 Got: 1081
[088月2026 14:53:57.465] [main/WARN] [net.minecraftforge.registries.ForgeRegistry/REGISTRIES]: Registry minecraft:block: Object did not get ID it asked for. Name: caerula_arbor:batbed_upper Expected: 1024 Got: 1082
[088月2026 14:53:57.465] [main/WARN] [net.minecraftforge.registries.ForgeRegistry/REGISTRIES]: Registry minecraft:block: Object did not get ID it asked for. Name: caerula_arbor:trail_cake Expected: 1025 Got: 1083
[088月2026 14:53:57.465] [main/WARN] [net.minecraftforge.registries.ForgeRegistry/REGISTRIES]: Registry minecraft:block: Object did not get ID it asked for. Name: caerula_arbor:caramel_cake Expected: 1026 Got: 1084
[088月2026 14:53:57.466] [main/WARN] [net.minecraftforge.registries.ForgeRegistry/REGISTRIES]: Registry minecraft:block: Object did not get ID it asked for. Name: caerula_arbor:ocean_crystal_block Expected: 1027 Got: 1085
[088月2026 14:53:57.466] [main/WARN] [net.minecraftforge.registries.ForgeRegistry/REGISTRIES]: Registry minecraft:block: Object did not get ID it asked for. Name: caerula_arbor:complex_chitin_block Expected: 1028 Got: 1086
[088月2026 14:53:57.466] [main/WARN] [net.minecraftforge.registries.ForgeRegistry/REGISTRIES]: Registry minecraft:block: Object did not get ID it asked for. Name: caerula_arbor:tide_observation Expected: 1029 Got: 1087
[088月2026 14:53:57.466] [main/WARN] [net.minecraftforge.registries.ForgeRegistry/REGISTRIES]: Registry minecraft:block: Object did not get ID it asked for. Name: caerula_arbor:anchor_lower Expected: 1030 Got: 1088
[088月2026 14:53:57.466] [main/WARN] [net.minecraftforge.registries.ForgeRegistry/REGISTRIES]: Registry minecraft:block: Object did not get ID it asked for. Name: caerula_arbor:anchor_medium Expected: 1031 Got: 1089
[088月2026 14:53:57.467] [main/WARN] [net.minecraftforge.registries.ForgeRegistry/REGISTRIES]: Registry minecraft:block: Object did not get ID it asked for. Name: caerula_arbor:anchor_upper Expected: 1032 Got: 1090
[088月2026 14:53:57.467] [main/WARN] [net.minecraftforge.registries.ForgeRegistry/REGISTRIES]: Registry minecraft:block: Object did not get ID it asked for. Name: caerula_arbor:block_recorder Expected: 1033 Got: 1091
[088月2026 14:53:57.467] [main/WARN] [net.minecraftforge.registries.ForgeRegistry/REGISTRIES]: Registry minecraft:block: Object did not get ID it asked for. Name: caerula_arbor:sea_trail_solid Expected: 1034 Got: 1092
[088月2026 14:53:57.468] [main/WARN] [net.minecraftforge.registries.ForgeRegistry/REGISTRIES]: Registry minecraft:block: Object did not get ID it asked for. Name: caerula_arbor:trail_brick Expected: 1035 Got: 1093
[088月2026 14:53:57.468] [main/WARN] [net.minecraftforge.registries.ForgeRegistry/REGISTRIES]: Registry minecraft:block: Object did not get ID it asked for. Name: caerula_arbor:trail_slab Expected: 1036 Got: 1094
[088月2026 14:53:57.468] [main/WARN] [net.minecraftforge.registries.ForgeRegistry/REGISTRIES]: Registry minecraft:block: Object did not get ID it asked for. Name: caerula_arbor:trail_stair Expected: 1037 Got: 1095
[088月2026 14:53:57.468] [main/WARN] [net.minecraftforge.registries.ForgeRegistry/REGISTRIES]: Registry minecraft:block: Object did not get ID it asked for. Name: caerula_arbor:trail_button Expected: 1038 Got: 1096
[088月2026 14:53:57.468] [main/WARN] [net.minecraftforge.registries.ForgeRegistry/REGISTRIES]: Registry minecraft:block: Object did not get ID it asked for. Name: caerula_arbor:trail_pressure_plate Expected: 1039 Got: 1097
[088月2026 14:53:57.468] [main/WARN] [net.minecraftforge.registries.ForgeRegistry/REGISTRIES]: Registry minecraft:block: Object did not get ID it asked for. Name: caerula_arbor:trail_tile Expected: 1040 Got: 1098
[088月2026 14:53:57.468] [main/WARN] [net.minecraftforge.registries.ForgeRegistry/REGISTRIES]: Registry minecraft:block: Object did not get ID it asked for. Name: caerula_arbor:ocean_ovary Expected: 1041 Got: 1099
[088月2026 14:53:57.468] [main/WARN] [net.minecraftforge.registries.ForgeRegistry/REGISTRIES]: Registry minecraft:block: Object did not get ID it asked for. Name: caerula_arbor:trail_pumpking Expected: 1042 Got: 1100
[088月2026 14:53:57.469] [main/WARN] [net.minecraftforge.registries.ForgeRegistry/REGISTRIES]: Registry minecraft:block: Object did not get ID it asked for. Name: caerula_arbor:trail_debris Expected: 1043 Got: 1101
[088月2026 14:53:57.469] [main/WARN] [net.minecraftforge.registries.ForgeRegistry/REGISTRIES]: Registry minecraft:block: Object did not get ID it asked for. Name: caerula_arbor:trailrite_block Expected: 1044 Got: 1102
[088月2026 14:53:57.469] [main/WARN] [net.minecraftforge.registries.ForgeRegistry/REGISTRIES]: Registry minecraft:block: Object did not get ID it asked for. Name: caerula_arbor:trail_wall Expected: 1045 Got: 1103
[088月2026 14:53:57.469] [main/WARN] [net.minecraftforge.registries.ForgeRegistry/REGISTRIES]: Registry minecraft:block: Object did not get ID it asked for. Name: caerula_arbor:red_ovary Expected: 1046 Got: 1104
[088月2026 14:53:57.469] [main/WARN] [net.minecraftforge.registries.ForgeRegistry/REGISTRIES]: Registry minecraft:block: Object did not get ID it asked for. Name: caerula_arbor:tideway_cradle Expected: 1047 Got: 1105
[088月2026 14:53:57.469] [main/WARN] [net.minecraftforge.registries.ForgeRegistry/REGISTRIES]: Registry minecraft:block: Object did not get ID it asked for. Name: caerula_arbor:saltwind_sandstone Expected: 1048 Got: 1106
[088月2026 14:53:57.469] [main/WARN] [net.minecraftforge.registries.ForgeRegistry/REGISTRIES]: Registry minecraft:block: Object did not get ID it asked for. Name: caerula_arbor:chiseled_saltwind_sandstone Expected: 1049 Got: 1107
[088月2026 14:53:57.469] [main/WARN] [net.minecraftforge.registries.ForgeRegistry/REGISTRIES]: Registry minecraft:block: Object did not get ID it asked for. Name: caerula_arbor:smooth_saltwind_sandatone Expected: 1050 Got: 1108
[088月2026 14:53:57.469] [main/WARN] [net.minecraftforge.registries.ForgeRegistry/REGISTRIES]: Registry minecraft:block: Object did not get ID it asked for. Name: caerula_arbor:saltwind_sand_stair Expected: 1051 Got: 1109
[088月2026 14:53:57.470] [main/WARN] [net.minecraftforge.registries.ForgeRegistry/REGISTRIES]: Registry minecraft:block: Object did not get ID it asked for. Name: caerula_arbor:saltwind_sand_slab Expected: 1052 Got: 1110
[088月2026 14:53:57.470] [main/WARN] [net.minecraftforge.registries.ForgeRegistry/REGISTRIES]: Registry minecraft:block: Object did not get ID it asked for. Name: caerula_arbor:smooth_saltwind_sand_stair Expected: 1053 Got: 1111
[088月2026 14:53:57.470] [main/WARN] [net.minecraftforge.registries.ForgeRegistry/REGISTRIES]: Registry minecraft:block: Object did not get ID it asked for. Name: caerula_arbor:smooth_saltwind_sand_slab Expected: 1054 Got: 1112
[088月2026 14:53:57.470] [main/WARN] [net.minecraftforge.registries.ForgeRegistry/REGISTRIES]: Registry minecraft:block: Object did not get ID it asked for. Name: caerula_arbor:saltwind_sand_wall Expected: 1055 Got: 1113
[088月2026 14:53:57.470] [main/WARN] [net.minecraftforge.registries.ForgeRegistry/REGISTRIES]: Registry minecraft:block: Object did not get ID it asked for. Name: caerula_arbor:chieseled_saltwind_sand_wall Expected: 1056 Got: 1114
[088月2026 14:53:57.470] [main/WARN] [net.minecraftforge.registries.ForgeRegistry/REGISTRIES]: Registry minecraft:block: Object did not get ID it asked for. Name: caerula_arbor:smooth_saltwind_sand_wall Expected: 1057 Got: 1115
[088月2026 14:53:57.470] [main/WARN] [net.minecraftforge.registries.ForgeRegistry/REGISTRIES]: Registry minecraft:block: Object did not get ID it asked for. Name: caerula_arbor:tide_bishop_core Expected: 1058 Got: 1116
[088月2026 14:53:57.471] [main/WARN] [net.minecraftforge.registries.ForgeRegistry/REGISTRIES]: Registry minecraft:block: Object did not get ID it asked for. Name: caerula_arbor:heteropic_block Expected: 1059 Got: 1117
[088月2026 14:53:57.471] [main/WARN] [net.minecraftforge.registries.ForgeRegistry/REGISTRIES]: Registry minecraft:block: Object did not get ID it asked for. Name: caerula_arbor:trail_log Expected: 1060 Got: 1118
[088月2026 14:53:57.471] [main/WARN] [net.minecraftforge.registries.ForgeRegistry/REGISTRIES]: Registry minecraft:block: Object did not get ID it asked for. Name: caerula_arbor:trail_leave Expected: 1061 Got: 1119
[088月2026 14:53:57.471] [main/WARN] [net.minecraftforge.registries.ForgeRegistry/REGISTRIES]: Registry minecraft:block: Object did not get ID it asked for. Name: caerula_arbor:trail_plank Expected: 1062 Got: 1120
[088月2026 14:53:57.471] [main/WARN] [net.minecraftforge.registries.ForgeRegistry/REGISTRIES]: Registry minecraft:block: Object did not get ID it asked for. Name: caerula_arbor:trail_planks_fence Expected: 1063 Got: 1121
[088月2026 14:53:57.471] [main/WARN] [net.minecraftforge.registries.ForgeRegistry/REGISTRIES]: Registry minecraft:block: Object did not get ID it asked for. Name: caerula_arbor:trail_plank_fencedoor Expected: 1064 Got: 1122
[088月2026 14:53:57.471] [main/WARN] [net.minecraftforge.registries.ForgeRegistry/REGISTRIES]: Registry minecraft:block: Object did not get ID it asked for. Name: caerula_arbor:trail_plank_slab Expected: 1065 Got: 1123
[088月2026 14:53:57.471] [main/WARN] [net.minecraftforge.registries.ForgeRegistry/REGISTRIES]: Registry minecraft:block: Object did not get ID it asked for. Name: caerula_arbor:trail_plank_stair Expected: 1066 Got: 1124
[088月2026 14:53:57.471] [main/WARN] [net.minecraftforge.registries.ForgeRegistry/REGISTRIES]: Registry minecraft:block: Object did not get ID it asked for. Name: caerula_arbor:trail_plank_button Expected: 1067 Got: 1125
[088月2026 14:53:57.471] [main/WARN] [net.minecraftforge.registries.ForgeRegistry/REGISTRIES]: Registry minecraft:block: Object did not get ID it asked for. Name: caerula_arbor:trail_plank_pressure_plate Expected: 1068 Got: 1126
[088月2026 14:53:57.472] [main/WARN] [net.minecraftforge.registries.ForgeRegistry/REGISTRIES]: Registry minecraft:block: Object did not get ID it asked for. Name: caerula_arbor:stripped_trail_log Expected: 1069 Got: 1127
[088月2026 14:53:57.472] [main/WARN] [net.minecraftforge.registries.ForgeRegistry/REGISTRIES]: Registry minecraft:block: Object did not get ID it asked for. Name: caerula_arbor:trail_plank_door Expected: 1070 Got: 1128
[088月2026 14:53:57.472] [main/WARN] [net.minecraftforge.registries.ForgeRegistry/REGISTRIES]: Registry minecraft:block: Object did not get ID it asked for. Name: caerula_arbor:saltsand Expected: 1071 Got: 1129
[088月2026 14:53:57.472] [main/WARN] [net.minecraftforge.registries.ForgeRegistry/REGISTRIES]: Registry minecraft:block: Object did not get ID it asked for. Name: caerula_arbor:sea_trail_burnt Expected: 1072 Got: 1130
[088月2026 14:53:57.472] [main/WARN] [net.minecraftforge.registries.ForgeRegistry/REGISTRIES]: Registry minecraft:block: Object did not get ID it asked for. Name: caerula_arbor:sea_trail_burnt_solid Expected: 1073 Got: 1131
[088月2026 14:53:57.472] [main/WARN] [net.minecraftforge.registries.ForgeRegistry/REGISTRIES]: Registry minecraft:block: Object did not get ID it asked for. Name: caerula_arbor:chestmega_spawner Expected: 1074 Got: 1132
[088月2026 14:53:57.472] [main/WARN] [net.minecraftforge.registries.ForgeRegistry/REGISTRIES]: Registry minecraft:block: Object did not get ID it asked for. Name: caerula_arbor:cracked_trail_brick Expected: 1075 Got: 1133
[088月2026 14:53:57.473] [main/WARN] [net.minecraftforge.registries.ForgeRegistry/REGISTRIES]: Registry minecraft:block: Object did not get ID it asked for. Name: caerula_arbor:saltwind_column Expected: 1076 Got: 1134
[088月2026 14:53:57.473] [main/WARN] [net.minecraftforge.registries.ForgeRegistry/REGISTRIES]: Registry minecraft:block: Object did not get ID it asked for. Name: caerula_arbor:block_chestfish Expected: 1077 Got: 1135
[088月2026 14:53:57.473] [main/WARN] [net.minecraftforge.registries.ForgeRegistry/REGISTRIES]: Registry minecraft:block: Object did not get ID it asked for. Name: caerula_arbor:white_chitin_block Expected: 1078 Got: 1136
[088月2026 14:53:57.473] [main/WARN] [net.minecraftforge.registries.ForgeRegistry/REGISTRIES]: Registry minecraft:block: Object did not get ID it asked for. Name: caerula_arbor:saltwind_brick Expected: 1079 Got: 1137
[088月2026 14:53:57.473] [main/WARN] [net.minecraftforge.registries.ForgeRegistry/REGISTRIES]: Registry minecraft:block: Object did not get ID it asked for. Name: caerula_arbor:saltwind_smooth_brick Expected: 1080 Got: 1138
[088月2026 14:53:57.473] [main/WARN] [net.minecraftforge.registries.ForgeRegistry/REGISTRIES]: Registry minecraft:block: Object did not get ID it asked for. Name: caerula_arbor:saltwind_brick_slab Expected: 1081 Got: 1139
[088月2026 14:53:57.473] [main/WARN] [net.minecraftforge.registries.ForgeRegistry/REGISTRIES]: Registry minecraft:block: Object did not get ID it asked for. Name: caerula_arbor:saltwind_smooth_slab Expected: 1082 Got: 1140
[088月2026 14:53:57.474] [main/WARN] [net.minecraftforge.registries.ForgeRegistry/REGISTRIES]: Registry minecraft:block: Object did not get ID it asked for. Name: caerula_arbor:saltwind_stair Expected: 1083 Got: 1141
[088月2026 14:53:57.474] [main/WARN] [net.minecraftforge.registries.ForgeRegistry/REGISTRIES]: Registry minecraft:block: Object did not get ID it asked for. Name: caerula_arbor:trail_wood_trapdoor Expected: 1084 Got: 1142
[088月2026 14:53:57.474] [main/WARN] [net.minecraftforge.registries.ForgeRegistry/REGISTRIES]: Registry minecraft:block: Object did not get ID it asked for. Name: caerula_arbor:trail_stone Expected: 1085 Got: 1143
[088月2026 14:53:57.474] [main/WARN] [net.minecraftforge.registries.ForgeRegistry/REGISTRIES]: Registry minecraft:block: Object did not get ID it asked for. Name: caerula_arbor:trail_pulse Expected: 1086 Got: 1144
[088月2026 14:53:57.474] [main/WARN] [net.minecraftforge.registries.ForgeRegistry/REGISTRIES]: Registry minecraft:block: Object did not get ID it asked for. Name: caerula_arbor:trail_mushroom Expected: 1087 Got: 1145
[088月2026 14:53:57.474] [main/WARN] [net.minecraftforge.registries.ForgeRegistry/REGISTRIES]: Registry minecraft:block: Object did not get ID it asked for. Name: caerula_arbor:viviparous_lily Expected: 1088 Got: 1146
[088月2026 14:53:57.475] [main/WARN] [net.minecraftforge.registries.ForgeRegistry/REGISTRIES]: Registry minecraft:block: Object did not get ID it asked for. Name: caerula_arbor:huge_lily Expected: 1089 Got: 1147
[088月2026 14:53:57.475] [main/WARN] [net.minecraftforge.registries.ForgeRegistry/REGISTRIES]: Registry minecraft:block: Object did not get ID it asked for. Name: caerula_arbor:bomb_copper Expected: 1090 Got: 1148
[088月2026 14:53:57.475] [main/WARN] [net.minecraftforge.registries.ForgeRegistry/REGISTRIES]: Registry minecraft:block: Object did not get ID it asked for. Name: caerula_arbor:phloem_block Expected: 1091 Got: 1149
[088月2026 14:53:57.475] [main/WARN] [net.minecraftforge.registries.ForgeRegistry/REGISTRIES]: Registry minecraft:block: Object did not get ID it asked for. Name: caerula_arbor:fibre_block Expected: 1092 Got: 1150
[088月2026 14:53:57.475] [main/WARN] [net.minecraftforge.registries.ForgeRegistry/REGISTRIES]: Registry minecraft:block: Object did not get ID it asked for. Name: caerula_arbor:cooked_fibre_block Expected: 1093 Got: 1151
[088月2026 14:53:57.475] [main/WARN] [net.minecraftforge.registries.ForgeRegistry/REGISTRIES]: Registry minecraft:block: Object did not get ID it asked for. Name: caerula_arbor:undertide_table Expected: 1094 Got: 1152
[088月2026 14:53:57.475] [main/WARN] [net.minecraftforge.registries.ForgeRegistry/REGISTRIES]: Registry minecraft:block: Object did not get ID it asked for. Name: caerula_arbor:undertide_spawn Expected: 1095 Got: 1153
[088月2026 14:53:57.476] [main/WARN] [net.minecraftforge.registries.ForgeRegistry/REGISTRIES]: Registry minecraft:block: Object did not get ID it asked for. Name: caerula_arbor:deep_seagrass Expected: 1096 Got: 1154
[088月2026 14:53:57.476] [main/WARN] [net.minecraftforge.registries.ForgeRegistry/REGISTRIES]: Registry minecraft:block: Object did not get ID it asked for. Name: caerula_arbor:sea_trail_stop Expected: 1097 Got: 1155
[088月2026 14:53:57.476] [main/WARN] [net.minecraftforge.registries.ForgeRegistry/REGISTRIES]: Registry minecraft:block: Object did not get ID it asked for. Name: caerula_arbor:highmore_spawnblock Expected: 1098 Got: 1156
[088月2026 14:53:57.476] [main/WARN] [net.minecraftforge.registries.ForgeRegistry/REGISTRIES]: Registry minecraft:block: Object did not get ID it asked for. Name: caerula_arbor:crisis_table Expected: 1099 Got: 1157
[088月2026 14:53:57.476] [main/WARN] [net.minecraftforge.registries.ForgeRegistry/REGISTRIES]: Registry minecraft:block: Object did not get ID it asked for. Name: caerula_arbor:fax Expected: 1100 Got: 1158
[088月2026 14:53:57.477] [main/WARN] [net.minecraftforge.registries.ForgeRegistry/REGISTRIES]: Registry minecraft:block: Object did not get ID it asked for. Name: caerula_arbor:highmore_spawning_block Expected: 1101 Got: 1159
[088月2026 14:53:57.477] [main/WARN] [net.minecraftforge.registries.ForgeRegistry/REGISTRIES]: Registry minecraft:block: Object did not get ID it asked for. Name: caerula_arbor:golden_chalise Expected: 1102 Got: 1160
[088月2026 14:53:57.477] [main/WARN] [net.minecraftforge.registries.ForgeRegistry/REGISTRIES]: Registry minecraft:block: Object did not get ID it asked for. Name: caerula_arbor:emergency_aid_building Expected: 1103 Got: 1161
[088月2026 14:53:57.477] [main/WARN] [net.minecraftforge.registries.ForgeRegistry/REGISTRIES]: Registry minecraft:block: Object did not get ID it asked for. Name: caerula_arbor:emergency_aid_building_salviento Expected: 1104 Got: 1162
[088月2026 14:53:57.477] [main/WARN] [net.minecraftforge.registries.ForgeRegistry/REGISTRIES]: Registry minecraft:block: Object did not get ID it asked for. Name: caerula_arbor:mizuki_statue Expected: 1105 Got: 1163
[088月2026 14:53:57.477] [main/WARN] [net.minecraftforge.registries.ForgeRegistry/REGISTRIES]: Registry minecraft:block: Object did not get ID it asked for. Name: caerula_arbor:pocket_sea_doll Expected: 1106 Got: 1164
[088月2026 14:53:57.478] [main/WARN] [net.minecraftforge.registries.ForgeRegistry/REGISTRIES]: Registry minecraft:block: Object did not get ID it asked for. Name: caerula_arbor:swarmcaller_doll Expected: 1107 Got: 1165
[088月2026 14:53:57.478] [main/WARN] [net.minecraftforge.registries.ForgeRegistry/REGISTRIES]: Registry minecraft:block: Object did not get ID it asked for. Name: caerula_arbor:stonecutter_doll Expected: 1108 Got: 1166
[088月2026 14:53:57.478] [main/WARN] [net.minecraftforge.registries.ForgeRegistry/REGISTRIES]: Registry minecraft:block: Object did not get ID it asked for. Name: caerula_arbor:nethersea_soul_sand Expected: 1109 Got: 1167
[088月2026 14:53:57.478] [main/WARN] [net.minecraftforge.registries.ForgeRegistry/REGISTRIES]: Registry minecraft:block: Object did not get ID it asked for. Name: caerula_arbor:caerula_book_shelf Expected: 1110 Got: 1168
[088月2026 14:53:57.478] [main/WARN] [net.minecraftforge.registries.ForgeRegistry/REGISTRIES]: Registry minecraft:block: Object did not get ID it asked for. Name: caerula_arbor:abandoned_sulpture Expected: 1111 Got: 1169
[088月2026 14:53:57.478] [main/WARN] [net.minecraftforge.registries.ForgeRegistry/REGISTRIES]: Registry minecraft:block: Object did not get ID it asked for. Name: caerula_arbor:endspeaker_nest Expected: 1112 Got: 1170
[088月2026 14:53:57.479] [main/WARN] [net.minecraftforge.registries.ForgeRegistry/REGISTRIES]: Registry minecraft:block: Object did not get ID it asked for. Name: caerula_arbor:operation_table Expected: 1113 Got: 1171
[088月2026 14:53:57.479] [main/WARN] [net.minecraftforge.registries.ForgeRegistry/REGISTRIES]: Registry minecraft:block: Object did not get ID it asked for. Name: caerula_arbor:centrifuger Expected: 1114 Got: 1172
[088月2026 14:53:57.479] [main/WARN] [net.minecraftforge.registries.ForgeRegistry/REGISTRIES]: Registry minecraft:block: Object did not get ID it asked for. Name: caerula_arbor:injector Expected: 1115 Got: 1173
[088月2026 14:53:57.479] [main/WARN] [net.minecraftforge.registries.ForgeRegistry/REGISTRIES]: Registry minecraft:block: Object did not get ID it asked for. Name: caerula_arbor:nethersea_wood Expected: 1116 Got: 1174
[088月2026 14:53:57.479] [main/WARN] [net.minecraftforge.registries.ForgeRegistry/REGISTRIES]: Registry minecraft:block: Object did not get ID it asked for. Name: caerula_arbor:stripped_nethersea_wood Expected: 1117 Got: 1175
[088月2026 14:53:57.480] [main/WARN] [net.minecraftforge.registries.ForgeRegistry/REGISTRIES]: Registry minecraft:block: Object did not get ID it asked for. Name: caerula_arbor:isharmla_remain Expected: 1118 Got: 1176
[088月2026 14:53:57.480] [main/WARN] [net.minecraftforge.registries.ForgeRegistry/REGISTRIES]: Registry minecraft:block: Object did not get ID it asked for. Name: caerula_arbor:aegir_glass_deco Expected: 1119 Got: 1177
[088月2026 14:53:57.480] [main/WARN] [net.minecraftforge.registries.ForgeRegistry/REGISTRIES]: Registry minecraft:block: Object did not get ID it asked for. Name: caerula_arbor:aegir_glass_bar Expected: 1120 Got: 1178
[088月2026 14:53:57.480] [main/WARN] [net.minecraftforge.registries.ForgeRegistry/REGISTRIES]: Registry minecraft:block: Object did not get ID it asked for. Name: caerula_arbor:aegir_glass_arch Expected: 1121 Got: 1179
[088月2026 14:53:57.480] [main/WARN] [net.minecraftforge.registries.ForgeRegistry/REGISTRIES]: Registry minecraft:block: Object did not get ID it asked for. Name: caerula_arbor:saltwind_smooth_stair Expected: 1122 Got: 1180
[088月2026 14:53:57.480] [main/WARN] [net.minecraftforge.registries.ForgeRegistry/REGISTRIES]: Registry minecraft:block: Object did not get ID it asked for. Name: caerula_arbor:illusioner_banner Expected: 1123 Got: 1181
[088月2026 14:53:57.481] [main/WARN] [net.minecraftforge.registries.ForgeRegistry/REGISTRIES]: Registry minecraft:block: Object did not get ID it asked for. Name: caerula_arbor:living_armorstand Expected: 1124 Got: 1182
[088月2026 14:53:57.481] [main/WARN] [net.minecraftforge.registries.ForgeRegistry/REGISTRIES]: Registry minecraft:block: Object did not get ID it asked for. Name: caerula_arbor:trailrite_armorstand Expected: 1125 Got: 1183
[088月2026 14:53:57.481] [main/WARN] [net.minecraftforge.registries.ForgeRegistry/REGISTRIES]: Registry minecraft:block: Object did not get ID it asked for. Name: caerula_arbor:isharmla_brick Expected: 1126 Got: 1184
[088月2026 14:53:57.481] [main/WARN] [net.minecraftforge.registries.ForgeRegistry/REGISTRIES]: Registry minecraft:block: Object did not get ID it asked for. Name: caerula_arbor:isharmla_brick_pillar Expected: 1127 Got: 1185
[088月2026 14:53:57.481] [main/WARN] [net.minecraftforge.registries.ForgeRegistry/REGISTRIES]: Registry minecraft:block: Object did not get ID it asked for. Name: caerula_arbor:isharmla_brick_chiesled Expected: 1128 Got: 1186
[088月2026 14:53:57.482] [main/WARN] [net.minecraftforge.registries.ForgeRegistry/REGISTRIES]: Registry minecraft:block: Object did not get ID it asked for. Name: caerula_arbor:isharmla_brick_gilded Expected: 1129 Got: 1187
[088月2026 14:53:57.482] [main/WARN] [net.minecraftforge.registries.ForgeRegistry/REGISTRIES]: Registry minecraft:block: Object did not get ID it asked for. Name: caerula_arbor:isharmla_slab Expected: 1130 Got: 1188
[088月2026 14:53:57.482] [main/WARN] [net.minecraftforge.registries.ForgeRegistry/REGISTRIES]: Registry minecraft:block: Object did not get ID it asked for. Name: caerula_arbor:isharmla_stair Expected: 1131 Got: 1189
[088月2026 14:53:57.482] [main/WARN] [net.minecraftforge.registries.ForgeRegistry/REGISTRIES]: Registry minecraft:block: Object did not get ID it asked for. Name: caerula_arbor:isharmla_wall Expected: 1132 Got: 1190
[088月2026 14:53:57.482] [main/WARN] [net.minecraftforge.registries.ForgeRegistry/REGISTRIES]: Registry minecraft:block: Object did not get ID it asked for. Name: caerula_arbor:isharmla_wall_chiesled Expected: 1133 Got: 1191
[088月2026 14:53:57.482] [main/WARN] [net.minecraftforge.registries.ForgeRegistry/REGISTRIES]: Registry minecraft:block: Object did not get ID it asked for. Name: caerula_arbor:isharmla_wall_gilded Expected: 1134 Got: 1192
[088月2026 14:53:57.483] [main/WARN] [net.minecraftforge.registries.ForgeRegistry/REGISTRIES]: Registry minecraft:block: Object did not get ID it asked for. Name: caerula_arbor:dragon_brand Expected: 1135 Got: 1193
[088月2026 14:53:57.483] [main/WARN] [net.minecraftforge.registries.ForgeRegistry/REGISTRIES]: Registry minecraft:block: Object did not get ID it asked for. Name: caerula_arbor:enderina_core Expected: 1136 Got: 1194
[088月2026 14:53:57.483] [main/WARN] [net.minecraftforge.registries.ForgeRegistry/REGISTRIES]: Registry minecraft:block: Object did not get ID it asked for. Name: caerula_arbor:thirst_coral Expected: 1137 Got: 1195
[088月2026 14:53:57.483] [main/WARN] [net.minecraftforge.registries.ForgeRegistry/REGISTRIES]: Registry minecraft:block: Object did not get ID it asked for. Name: caerula_arbor:nethersea_sampling Expected: 1138 Got: 1196
[088月2026 14:53:57.483] [main/WARN] [net.minecraftforge.registries.ForgeRegistry/REGISTRIES]: Registry minecraft:block: Object did not get ID it asked for. Name: caerula_arbor:sea_prairie_bomb Expected: 1139 Got: 1197
[088月2026 14:53:57.484] [main/WARN] [net.minecraftforge.registries.ForgeRegistry/REGISTRIES]: Registry minecraft:block: Object did not get ID it asked for. Name: caerula_arbor:chest_fish_food Expected: 1140 Got: 1198
[088月2026 14:53:57.484] [main/WARN] [net.minecraftforge.registries.ForgeRegistry/REGISTRIES]: Registry minecraft:block: Object did not get ID it asked for. Name: caerula_arbor:chest_f_ish_cooked Expected: 1141 Got: 1199
[088月2026 14:53:57.484] [main/WARN] [net.minecraftforge.registries.ForgeRegistry/REGISTRIES]: Registry minecraft:block: Object did not get ID it asked for. Name: caerula_arbor:tidebishop_core_empty Expected: 1142 Got: 1200
[088月2026 14:53:57.484] [main/WARN] [net.minecraftforge.registries.ForgeRegistry/REGISTRIES]: Registry minecraft:block: Object did not get ID it asked for. Name: caerula_arbor:mizuki_doll Expected: 1143 Got: 1201
[088月2026 14:53:57.484] [main/WARN] [net.minecraftforge.registries.ForgeRegistry/REGISTRIES]: Registry minecraft:block: Object did not get ID it asked for. Name: caerula_arbor:highmore_doll Expected: 1144 Got: 1202
[088月2026 14:53:57.484] [main/WARN] [net.minecraftforge.registries.ForgeRegistry/REGISTRIES]: Registry minecraft:block: Object did not get ID it asked for. Name: caerula_arbor:runvolution_spawn_block Expected: 1145 Got: 1203
[088月2026 14:53:57.485] [main/WARN] [net.minecraftforge.registries.ForgeRegistry/REGISTRIES]: Registry minecraft:block: Object did not get ID it asked for. Name: caerula_arbor:nethersea_bugged_stone Expected: 1146 Got: 1204
[088月2026 14:53:57.485] [main/WARN] [net.minecraftforge.registries.ForgeRegistry/REGISTRIES]: Registry minecraft:block: Object did not get ID it asked for. Name: caerula_arbor:redstonium_block Expected: 1147 Got: 1205
[088月2026 14:53:57.485] [main/WARN] [net.minecraftforge.registries.ForgeRegistry/REGISTRIES]: Registry minecraft:block: Object did not get ID it asked for. Name: caerula_arbor:motar_base_block Expected: 1148 Got: 1206
[088月2026 14:53:57.485] [main/WARN] [net.minecraftforge.registries.ForgeRegistry/REGISTRIES]: Registry minecraft:block: Object did not get ID it asked for. Name: caerula_arbor:mortar_main_block Expected: 1149 Got: 1207
[088月2026 14:53:57.485] [main/WARN] [net.minecraftforge.registries.ForgeRegistry/REGISTRIES]: Registry minecraft:block: Object did not get ID it asked for. Name: caerula_arbor:planted_viviparous_lily Expected: 1150 Got: 1208
[088月2026 14:53:57.485] [main/WARN] [net.minecraftforge.registries.ForgeRegistry/REGISTRIES]: Registry minecraft:block: Object did not get ID it asked for. Name: caerula_arbor:tentacle_plant Expected: 1151 Got: 1209
[088月2026 14:53:57.485] [main/WARN] [net.minecraftforge.registries.ForgeRegistry/REGISTRIES]: Registry minecraft:block: Object did not get ID it asked for. Name: caerula_arbor:planted_fake_egg Expected: 1152 Got: 1210
[088月2026 14:53:57.486] [main/WARN] [net.minecraftforge.registries.ForgeRegistry/REGISTRIES]: Registry minecraft:block: Object did not get ID it asked for. Name: caerula_arbor:planted_cell Expected: 1153 Got: 1211
[088月2026 14:53:57.486] [main/WARN] [net.minecraftforge.registries.ForgeRegistry/REGISTRIES]: Registry minecraft:block: Object did not get ID it asked for. Name: caerula_arbor:nethersea_wheat Expected: 1154 Got: 1212
[088月2026 14:53:57.486] [main/WARN] [net.minecraftforge.registries.ForgeRegistry/REGISTRIES]: Registry minecraft:block: Object did not get ID it asked for. Name: caerula_arbor:nethersea_potato_plant Expected: 1155 Got: 1213
[088月2026 14:53:57.486] [main/WARN] [net.minecraftforge.registries.ForgeRegistry/REGISTRIES]: Registry minecraft:block: Object did not get ID it asked for. Name: caerula_arbor:iberia_machine_block Expected: 1156 Got: 1214
[088月2026 14:53:57.486] [main/WARN] [net.minecraftforge.registries.ForgeRegistry/REGISTRIES]: Registry minecraft:block: Object did not get ID it asked for. Name: caerula_arbor:iberia_cpu Expected: 1157 Got: 1215
[088月2026 14:53:57.486] [main/WARN] [net.minecraftforge.registries.ForgeRegistry/REGISTRIES]: Registry minecraft:block: Object did not get ID it asked for. Name: caerula_arbor:banner_trophy Expected: 1158 Got: 1216
[088月2026 14:53:57.486] [main/WARN] [net.minecraftforge.registries.ForgeRegistry/REGISTRIES]: Registry minecraft:block: Object did not get ID it asked for. Name: epca:infested_planks_fence Expected: 1169 Got: 1217
[088月2026 14:53:57.486] [main/WARN] [net.minecraftforge.registries.ForgeRegistry/REGISTRIES]: Registry minecraft:block: Object did not get ID it asked for. Name: epca:infested_smooth_sandstone Expected: 1194 Got: 1218
[088月2026 14:53:57.486] [main/WARN] [net.minecraftforge.registries.ForgeRegistry/REGISTRIES]: Registry minecraft:block: Object did not get ID it asked for. Name: epca:infested_smooth_sandstone_slab Expected: 1195 Got: 1219
[088月2026 14:53:57.487] [main/WARN] [net.minecraftforge.registries.ForgeRegistry/REGISTRIES]: Registry minecraft:block: Object did not get ID it asked for. Name: epca:infested_smooth_sandstone_stairs Expected: 1196 Got: 1220
[088月2026 14:53:57.487] [main/WARN] [net.minecraftforge.registries.ForgeRegistry/REGISTRIES]: Registry minecraft:block: Object did not get ID it asked for. Name: epca:infested_cut_sandstone Expected: 1197 Got: 1221
[088月2026 14:53:57.487] [main/WARN] [net.minecraftforge.registries.ForgeRegistry/REGISTRIES]: Registry minecraft:block: Object did not get ID it asked for. Name: epca:infested_cut_sandstone_slab Expected: 1198 Got: 1222
[088月2026 14:53:57.487] [main/WARN] [net.minecraftforge.registries.ForgeRegistry/REGISTRIES]: Registry minecraft:block: Object did not get ID it asked for. Name: epca:infested_grass Expected: 1209 Got: 1223
[088月2026 14:53:57.487] [main/WARN] [net.minecraftforge.registries.ForgeRegistry/REGISTRIES]: Registry minecraft:block: Object did not get ID it asked for. Name: epca:infested_fern Expected: 1210 Got: 1224
[088月2026 14:53:57.487] [main/WARN] [net.minecraftforge.registries.ForgeRegistry/REGISTRIES]: Registry minecraft:block: Object did not get ID it asked for. Name: epca:infested_remains_small Expected: 1211 Got: 1225
[088月2026 14:53:57.487] [main/WARN] [net.minecraftforge.registries.ForgeRegistry/REGISTRIES]: Registry minecraft:block: Object did not get ID it asked for. Name: epca:infested_remains_medium Expected: 1212 Got: 1226
[088月2026 14:53:57.487] [main/WARN] [net.minecraftforge.registries.ForgeRegistry/REGISTRIES]: Registry minecraft:block: Object did not get ID it asked for. Name: epca:infested_remains_large Expected: 1213 Got: 1227
[088月2026 14:53:57.487] [main/WARN] [net.minecraftforge.registries.ForgeRegistry/REGISTRIES]: Registry minecraft:block: Object did not get ID it asked for. Name: epca:swallow_cyst Expected: 1216 Got: 1228
[088月2026 14:53:57.487] [main/WARN] [net.minecraftforge.registries.ForgeRegistry/REGISTRIES]: Registry minecraft:block: Object did not get ID it asked for. Name: epca:infested_infested_cobblestone Expected: 1220 Got: 1229
[088月2026 14:53:57.488] [main/WARN] [net.minecraftforge.registries.ForgeRegistry/REGISTRIES]: Registry minecraft:block: Object did not get ID it asked for. Name: epca:infested_infested_stone Expected: 1221 Got: 1230
[088月2026 14:53:57.488] [main/WARN] [net.minecraftforge.registries.ForgeRegistry/REGISTRIES]: Registry minecraft:block: Object did not get ID it asked for. Name: epca:infested_infested_stone_bricks Expected: 1222 Got: 1231
[088月2026 14:53:57.488] [main/WARN] [net.minecraftforge.registries.ForgeRegistry/REGISTRIES]: Registry minecraft:block: Object did not get ID it asked for. Name: epca:infested_infested_cracked_stone_bricks Expected: 1223 Got: 1232
[088月2026 14:53:57.488] [main/WARN] [net.minecraftforge.registries.ForgeRegistry/REGISTRIES]: Registry minecraft:block: Object did not get ID it asked for. Name: epca:infested_infested_chiseled_stone_bricks Expected: 1224 Got: 1233
[088月2026 14:53:57.488] [main/WARN] [net.minecraftforge.registries.ForgeRegistry/REGISTRIES]: Registry minecraft:block: Object did not get ID it asked for. Name: epca:infested_nethersea_brand_grown Expected: 1225 Got: 1234
[088月2026 14:53:57.488] [main/WARN] [net.minecraftforge.registries.ForgeRegistry/REGISTRIES]: Registry minecraft:block: Object did not get ID it asked for. Name: epca:infested_nethersea_brand_solid Expected: 1226 Got: 1235
[088月2026 14:53:57.488] [main/WARN] [net.minecraftforge.registries.ForgeRegistry/REGISTRIES]: Registry minecraft:block: Object did not get ID it asked for. Name: epca:infested_pointed_dripstone Expected: 1227 Got: 1236
[088月2026 14:53:57.489] [main/WARN] [net.minecraftforge.registries.ForgeRegistry/REGISTRIES]: Registry minecraft:block: Object did not get ID it asked for. Name: epca:packed_mud_altar_stone Expected: 1229 Got: 1237
[088月2026 14:53:57.489] [main/WARN] [net.minecraftforge.registries.ForgeRegistry/REGISTRIES]: Registry minecraft:block: Object did not get ID it asked for. Name: epca:beckon_core Expected: 1230 Got: 1238
[088月2026 14:53:57.489] [main/WARN] [net.minecraftforge.registries.ForgeRegistry/REGISTRIES]: Registry minecraft:block: Object did not get ID it asked for. Name: epca:infested_heavy_stone Expected: 1231 Got: 1239
[088月2026 14:53:57.489] [main/WARN] [net.minecraftforge.registries.ForgeRegistry/REGISTRIES]: Registry minecraft:block: Object did not get ID it asked for. Name: epca:infested_infested_heavy_stone Expected: 1232 Got: 1240
[088月2026 14:53:57.489] [main/WARN] [net.minecraftforge.registries.ForgeRegistry/REGISTRIES]: Registry minecraft:block: Object did not get ID it asked for. Name: epca:infested_heavy_coal_ore Expected: 1233 Got: 1241
[088月2026 14:53:57.489] [main/WARN] [net.minecraftforge.registries.ForgeRegistry/REGISTRIES]: Registry minecraft:block: Object did not get ID it asked for. Name: epca:infested_heavy_copper_ore Expected: 1234 Got: 1242
[088月2026 14:53:57.489] [main/WARN] [net.minecraftforge.registries.ForgeRegistry/REGISTRIES]: Registry minecraft:block: Object did not get ID it asked for. Name: epca:infested_heavy_iron_ore Expected: 1235 Got: 1243
[088月2026 14:53:57.489] [main/WARN] [net.minecraftforge.registries.ForgeRegistry/REGISTRIES]: Registry minecraft:block: Object did not get ID it asked for. Name: epca:infested_heavy_gold_ore Expected: 1236 Got: 1244
[088月2026 14:53:57.490] [main/WARN] [net.minecraftforge.registries.ForgeRegistry/REGISTRIES]: Registry minecraft:block: Object did not get ID it asked for. Name: epca:infested_heavy_lapis_ore Expected: 1237 Got: 1245
[088月2026 14:53:57.490] [main/WARN] [net.minecraftforge.registries.ForgeRegistry/REGISTRIES]: Registry minecraft:block: Object did not get ID it asked for. Name: epca:infested_heavy_redstone_ore Expected: 1238 Got: 1246
[088月2026 14:53:57.490] [main/WARN] [net.minecraftforge.registries.ForgeRegistry/REGISTRIES]: Registry minecraft:block: Object did not get ID it asked for. Name: epca:infested_heavy_emerald_ore Expected: 1239 Got: 1247
[088月2026 14:53:57.490] [main/WARN] [net.minecraftforge.registries.ForgeRegistry/REGISTRIES]: Registry minecraft:block: Object did not get ID it asked for. Name: epca:infested_heavy_diamond_ore Expected: 1240 Got: 1248
[088月2026 14:53:57.490] [main/WARN] [net.minecraftforge.registries.ForgeRegistry/REGISTRIES]: Registry minecraft:block: Object did not get ID it asked for. Name: epca:infested_dustlike Expected: 1241 Got: 1249
[088月2026 14:53:57.490] [main/WARN] [net.minecraftforge.registries.ForgeRegistry/REGISTRIES]: Registry minecraft:block: Object did not get ID it asked for. Name: epca:infested_plankslike Expected: 1242 Got: 1250
[088月2026 14:53:57.490] [main/WARN] [net.minecraftforge.registries.ForgeRegistry/REGISTRIES]: Registry minecraft:block: Object did not get ID it asked for. Name: epca:infested_rocklike Expected: 1243 Got: 1251
[088月2026 14:53:57.490] [main/WARN] [net.minecraftforge.registries.ForgeRegistry/REGISTRIES]: Registry minecraft:block: Object did not get ID it asked for. Name: epca:infested_metallike Expected: 1244 Got: 1252
[088月2026 14:53:57.491] [main/WARN] [net.minecraftforge.registries.ForgeRegistry/REGISTRIES]: Registry minecraft:block: Object did not get ID it asked for. Name: epca:infested_hardlike Expected: 1245 Got: 1253
[088月2026 14:53:57.491] [main/WARN] [net.minecraftforge.registries.ForgeRegistry/REGISTRIES]: Registry minecraft:block: Object did not get ID it asked for. Name: epca:infested_heavy_cobblestone Expected: 1246 Got: 1254
[088月2026 14:53:57.491] [main/WARN] [net.minecraftforge.registries.ForgeRegistry/REGISTRIES]: Registry minecraft:block: Object did not get ID it asked for. Name: epca:infested_heavy_cobblestone_stairs Expected: 1247 Got: 1255
[088月2026 14:53:57.491] [main/WARN] [net.minecraftforge.registries.ForgeRegistry/REGISTRIES]: Registry minecraft:block: Object did not get ID it asked for. Name: epca:infested_heavy_cobblestone_slab Expected: 1248 Got: 1256
[088月2026 14:53:57.491] [main/WARN] [net.minecraftforge.registries.ForgeRegistry/REGISTRIES]: Registry minecraft:block: Object did not get ID it asked for. Name: epca:infested_heavy_cobblestone_wall Expected: 1249 Got: 1257
[088月2026 14:53:57.491] [main/WARN] [net.minecraftforge.registries.ForgeRegistry/REGISTRIES]: Registry minecraft:block: Object did not get ID it asked for. Name: epca:infested_chiseled_deepslate Expected: 1250 Got: 1258
[088月2026 14:53:57.491] [main/WARN] [net.minecraftforge.registries.ForgeRegistry/REGISTRIES]: Registry minecraft:block: Object did not get ID it asked for. Name: geckolib:gecko_habitat Expected: 1251 Got: 1259
[088月2026 14:53:57.491] [main/WARN] [net.minecraftforge.registries.ForgeRegistry/REGISTRIES]: Registry minecraft:block: Object did not get ID it asked for. Name: geckolib:fertilizer Expected: 1252 Got: 1260
[088月2026 14:53:57.492] [main/WARN] [net.minecraftforge.registries.ForgeRegistry/REGISTRIES]: Registry minecraft:block: Object did not get ID it asked for. Name: ldlib:renderer Expected: 1253 Got: 1261
[088月2026 14:53:57.492] [main/WARN] [net.minecraftforge.registries.ForgeRegistry/REGISTRIES]: Registry minecraft:block: Object did not get ID it asked for. Name: ldlib:test Expected: 1254 Got: 1262
[088月2026 14:53:57.492] [main/WARN] [net.minecraftforge.registries.ForgeRegistry/REGISTRIES]: Registry minecraft:block: Object did not get ID it asked for. Name: ldlib:test_2 Expected: 1255 Got: 1263
[088月2026 14:53:57.494] [main/WARN] [net.minecraftforge.registries.ForgeRegistry/REGISTRIES]: Registry minecraft:item: Object did not get ID it asked for. Name: caerula_arbor:caerula_recorder Expected: 1255 Got: 1298
[088月2026 14:53:57.494] [main/WARN] [net.minecraftforge.registries.ForgeRegistry/REGISTRIES]: Registry minecraft:item: Object did not get ID it asked for. Name: caerula_arbor:relic_curse_emelight Expected: 1256 Got: 1300
[088月2026 14:53:57.494] [main/WARN] [net.minecraftforge.registries.ForgeRegistry/REGISTRIES]: Registry minecraft:item: Object did not get ID it asked for. Name: caerula_arbor:emergency_light Expected: 1257 Got: 1301
[088月2026 14:53:57.494] [main/WARN] [net.minecraftforge.registries.ForgeRegistry/REGISTRIES]: Registry minecraft:item: Object did not get ID it asked for. Name: caerula_arbor:relic_cursed_glowbody Expected: 1258 Got: 1302
[088月2026 14:53:57.494] [main/WARN] [net.minecraftforge.registries.ForgeRegistry/REGISTRIES]: Registry minecraft:item: Object did not get ID it asked for. Name: caerula_arbor:relic_cursed_research Expected: 1259 Got: 1303
[088月2026 14:53:57.494] [main/WARN] [net.minecraftforge.registries.ForgeRegistry/REGISTRIES]: Registry minecraft:item: Object did not get ID it asked for. Name: caerula_arbor:relic_crown Expected: 1260 Got: 1304
[088月2026 14:53:57.494] [main/WARN] [net.minecraftforge.registries.ForgeRegistry/REGISTRIES]: Registry minecraft:item: Object did not get ID it asked for. Name: caerula_arbor:kings_armour Expected: 1261 Got: 1305
[088月2026 14:53:57.494] [main/WARN] [net.minecraftforge.registries.ForgeRegistry/REGISTRIES]: Registry minecraft:item: Object did not get ID it asked for. Name: caerula_arbor:kings_armor Expected: 1262 Got: 1306
[088月2026 14:53:57.494] [main/WARN] [net.minecraftforge.registries.ForgeRegistry/REGISTRIES]: Registry minecraft:item: Object did not get ID it asked for. Name: caerula_arbor:block_crown Expected: 1263 Got: 1307
[088月2026 14:53:57.494] [main/WARN] [net.minecraftforge.registries.ForgeRegistry/REGISTRIES]: Registry minecraft:item: Object did not get ID it asked for. Name: caerula_arbor:kings_spear Expected: 1264 Got: 1308
[088月2026 14:53:57.494] [main/WARN] [net.minecraftforge.registries.ForgeRegistry/REGISTRIES]: Registry minecraft:item: Object did not get ID it asked for. Name: caerula_arbor:block_spear Expected: 1265 Got: 1309
[088月2026 14:53:57.494] [main/WARN] [net.minecraftforge.registries.ForgeRegistry/REGISTRIES]: Registry minecraft:item: Object did not get ID it asked for. Name: caerula_arbor:kings_extension Expected: 1266 Got: 1311
[088月2026 14:53:57.495] [main/WARN] [net.minecraftforge.registries.ForgeRegistry/REGISTRIES]: Registry minecraft:item: Object did not get ID it asked for. Name: caerula_arbor:block_extension Expected: 1267 Got: 1312
[088月2026 14:53:57.495] [main/WARN] [net.minecraftforge.registries.ForgeRegistry/REGISTRIES]: Registry minecraft:item: Object did not get ID it asked for. Name: caerula_arbor:kings_crystal Expected: 1268 Got: 1313
[088月2026 14:53:57.495] [main/WARN] [net.minecraftforge.registries.ForgeRegistry/REGISTRIES]: Registry minecraft:item: Object did not get ID it asked for. Name: caerula_arbor:block_crystal Expected: 1269 Got: 1314
[088月2026 14:53:57.495] [main/WARN] [net.minecraftforge.registries.ForgeRegistry/REGISTRIES]: Registry minecraft:item: Object did not get ID it asked for. Name: caerula_arbor:redstone_ingot Expected: 1270 Got: 1315
[088月2026 14:53:57.495] [main/WARN] [net.minecraftforge.registries.ForgeRegistry/REGISTRIES]: Registry minecraft:item: Object did not get ID it asked for. Name: caerula_arbor:the_spear Expected: 1271 Got: 1316
[088月2026 14:53:57.495] [main/WARN] [net.minecraftforge.registries.ForgeRegistry/REGISTRIES]: Registry minecraft:item: Object did not get ID it asked for. Name: caerula_arbor:wearable_chest_chestplate Expected: 1272 Got: 1317
[088月2026 14:53:57.495] [main/WARN] [net.minecraftforge.registries.ForgeRegistry/REGISTRIES]: Registry minecraft:item: Object did not get ID it asked for. Name: caerula_arbor:wearable_crown_helmet Expected: 1273 Got: 1318
[088月2026 14:53:57.495] [main/WARN] [net.minecraftforge.registries.ForgeRegistry/REGISTRIES]: Registry minecraft:item: Object did not get ID it asked for. Name: caerula_arbor:hand_of_thorns Expected: 1274 Got: 1319
[088月2026 14:53:57.495] [main/WARN] [net.minecraftforge.registries.ForgeRegistry/REGISTRIES]: Registry minecraft:item: Object did not get ID it asked for. Name: caerula_arbor:hand_of_strangle Expected: 1275 Got: 1320
[088月2026 14:53:57.495] [main/WARN] [net.minecraftforge.registries.ForgeRegistry/REGISTRIES]: Registry minecraft:item: Object did not get ID it asked for. Name: caerula_arbor:hand_of_fertiliy Expected: 1276 Got: 1321
[088月2026 14:53:57.495] [main/WARN] [net.minecraftforge.registries.ForgeRegistry/REGISTRIES]: Registry minecraft:item: Object did not get ID it asked for. Name: caerula_arbor:hand_of_speed Expected: 1277 Got: 1322
[088月2026 14:53:57.495] [main/WARN] [net.minecraftforge.registries.ForgeRegistry/REGISTRIES]: Registry minecraft:item: Object did not get ID it asked for. Name: caerula_arbor:hand_of_barren Expected: 1278 Got: 1323
[088月2026 14:53:57.496] [main/WARN] [net.minecraftforge.registries.ForgeRegistry/REGISTRIES]: Registry minecraft:item: Object did not get ID it asked for. Name: caerula_arbor:fluore_berries Expected: 1279 Got: 1324
[088月2026 14:53:57.496] [main/WARN] [net.minecraftforge.registries.ForgeRegistry/REGISTRIES]: Registry minecraft:item: Object did not get ID it asked for. Name: caerula_arbor:radiant_berries Expected: 1280 Got: 1325
[088月2026 14:53:57.496] [main/WARN] [net.minecraftforge.registries.ForgeRegistry/REGISTRIES]: Registry minecraft:item: Object did not get ID it asked for. Name: caerula_arbor:hand_of_spotless Expected: 1281 Got: 1326
[088月2026 14:53:57.496] [main/WARN] [net.minecraftforge.registries.ForgeRegistry/REGISTRIES]: Registry minecraft:item: Object did not get ID it asked for. Name: caerula_arbor:archfiends_artifact Expected: 1282 Got: 1328
[088月2026 14:53:57.496] [main/WARN] [net.minecraftforge.registries.ForgeRegistry/REGISTRIES]: Registry minecraft:item: Object did not get ID it asked for. Name: caerula_arbor:hand_of_firework Expected: 1283 Got: 1329
[088月2026 14:53:57.496] [main/WARN] [net.minecraftforge.registries.ForgeRegistry/REGISTRIES]: Registry minecraft:item: Object did not get ID it asked for. Name: caerula_arbor:archfiends_flag Expected: 1284 Got: 1330
[088月2026 14:53:57.496] [main/WARN] [net.minecraftforge.registries.ForgeRegistry/REGISTRIES]: Registry minecraft:item: Object did not get ID it asked for. Name: caerula_arbor:hand_of_engrave Expected: 1285 Got: 1331
[088月2026 14:53:57.496] [main/WARN] [net.minecraftforge.registries.ForgeRegistry/REGISTRIES]: Registry minecraft:item: Object did not get ID it asked for. Name: caerula_arbor:archfiends_bed Expected: 1286 Got: 1348
[088月2026 14:53:57.496] [main/WARN] [net.minecraftforge.registries.ForgeRegistry/REGISTRIES]: Registry minecraft:item: Object did not get ID it asked for. Name: caerula_arbor:survivor_contract Expected: 1287 Got: 1379
[088月2026 14:53:57.496] [main/WARN] [net.minecraftforge.registries.ForgeRegistry/REGISTRIES]: Registry minecraft:item: Object did not get ID it asked for. Name: caerula_arbor:royal_fate Expected: 1288 Got: 1383
[088月2026 14:53:57.496] [main/WARN] [net.minecraftforge.registries.ForgeRegistry/REGISTRIES]: Registry minecraft:item: Object did not get ID it asked for. Name: caerula_arbor:block_fate Expected: 1289 Got: 1441
[088月2026 14:53:57.496] [main/WARN] [net.minecraftforge.registries.ForgeRegistry/REGISTRIES]: Registry minecraft:item: Object did not get ID it asked for. Name: caerula_arbor:crimson_treaty Expected: 1290 Got: 1442
[088月2026 14:53:57.497] [main/WARN] [net.minecraftforge.registries.ForgeRegistry/REGISTRIES]: Registry minecraft:item: Object did not get ID it asked for. Name: caerula_arbor:meat_can Expected: 1291 Got: 1443
[088月2026 14:53:57.497] [main/WARN] [net.minecraftforge.registries.ForgeRegistry/REGISTRIES]: Registry minecraft:item: Object did not get ID it asked for. Name: caerula_arbor:empty_can Expected: 1292 Got: 1444
[088月2026 14:53:57.497] [main/WARN] [net.minecraftforge.registries.ForgeRegistry/REGISTRIES]: Registry minecraft:item: Object did not get ID it asked for. Name: caerula_arbor:bowl_seagrass Expected: 1293 Got: 1445
[088月2026 14:53:57.497] [main/WARN] [net.minecraftforge.registries.ForgeRegistry/REGISTRIES]: Registry minecraft:item: Object did not get ID it asked for. Name: caerula_arbor:golden_storm Expected: 1294 Got: 1446
[088月2026 14:53:57.497] [main/WARN] [net.minecraftforge.registries.ForgeRegistry/REGISTRIES]: Registry minecraft:item: Object did not get ID it asked for. Name: caerula_arbor:paper_bag Expected: 1295 Got: 1447
[088月2026 14:53:57.497] [main/WARN] [net.minecraftforge.registries.ForgeRegistry/REGISTRIES]: Registry minecraft:item: Object did not get ID it asked for. Name: caerula_arbor:coffee_candy Expected: 1296 Got: 1448
[088月2026 14:53:57.497] [main/WARN] [net.minecraftforge.registries.ForgeRegistry/REGISTRIES]: Registry minecraft:item: Object did not get ID it asked for. Name: caerula_arbor:caffeine Expected: 1297 Got: 1449
[088月2026 14:53:57.497] [main/WARN] [net.minecraftforge.registries.ForgeRegistry/REGISTRIES]: Registry minecraft:item: Object did not get ID it asked for. Name: caerula_arbor:canned_cherry Expected: 1298 Got: 1450
[088月2026 14:53:57.497] [main/WARN] [net.minecraftforge.registries.ForgeRegistry/REGISTRIES]: Registry minecraft:item: Object did not get ID it asked for. Name: caerula_arbor:berry_can Expected: 1299 Got: 1451
[088月2026 14:53:57.497] [main/WARN] [net.minecraftforge.registries.ForgeRegistry/REGISTRIES]: Registry minecraft:item: Object did not get ID it asked for. Name: caerula_arbor:rainbow_candy Expected: 1300 Got: 1452
[088月2026 14:53:57.497] [main/WARN] [net.minecraftforge.registries.ForgeRegistry/REGISTRIES]: Registry minecraft:item: Object did not get ID it asked for. Name: caerula_arbor:aromatic_coffee Expected: 1301 Got: 1453
[088月2026 14:53:57.497] [main/WARN] [net.minecraftforge.registries.ForgeRegistry/REGISTRIES]: Registry minecraft:item: Object did not get ID it asked for. Name: caerula_arbor:solo_music_box Expected: 1302 Got: 1454
[088月2026 14:53:57.498] [main/WARN] [net.minecraftforge.registries.ForgeRegistry/REGISTRIES]: Registry minecraft:item: Object did not get ID it asked for. Name: caerula_arbor:music_box_fixed Expected: 1303 Got: 1455
[088月2026 14:53:57.498] [main/WARN] [net.minecraftforge.registries.ForgeRegistry/REGISTRIES]: Registry minecraft:item: Object did not get ID it asked for. Name: caerula_arbor:redstone_iris Expected: 1304 Got: 1456
[088月2026 14:53:57.498] [main/WARN] [net.minecraftforge.registries.ForgeRegistry/REGISTRIES]: Registry minecraft:item: Object did not get ID it asked for. Name: caerula_arbor:redstone_iris_flower Expected: 1305 Got: 1457
[088月2026 14:53:57.498] [main/WARN] [net.minecraftforge.registries.ForgeRegistry/REGISTRIES]: Registry minecraft:item: Object did not get ID it asked for. Name: caerula_arbor:redstoneiris_seeding Expected: 1306 Got: 1458
[088月2026 14:53:57.498] [main/WARN] [net.minecraftforge.registries.ForgeRegistry/REGISTRIES]: Registry minecraft:item: Object did not get ID it asked for. Name: caerula_arbor:odd_flute Expected: 1307 Got: 1459
[088月2026 14:53:57.498] [main/WARN] [net.minecraftforge.registries.ForgeRegistry/REGISTRIES]: Registry minecraft:item: Object did not get ID it asked for. Name: caerula_arbor:voyage_of_gold Expected: 1308 Got: 1460
[088月2026 14:53:57.498] [main/WARN] [net.minecraftforge.registries.ForgeRegistry/REGISTRIES]: Registry minecraft:item: Object did not get ID it asked for. Name: caerula_arbor:thermograph Expected: 1309 Got: 1461
[088月2026 14:53:57.498] [main/WARN] [net.minecraftforge.registries.ForgeRegistry/REGISTRIES]: Registry minecraft:item: Object did not get ID it asked for. Name: caerula_arbor:piglin_diary Expected: 1310 Got: 1462
[088月2026 14:53:57.499] [main/WARN] [net.minecraftforge.registries.ForgeRegistry/REGISTRIES]: Registry minecraft:item: Object did not get ID it asked for. Name: caerula_arbor:toponym_textology Expected: 1311 Got: 1463
[088月2026 14:53:57.499] [main/WARN] [net.minecraftforge.registries.ForgeRegistry/REGISTRIES]: Registry minecraft:item: Object did not get ID it asked for. Name: caerula_arbor:run_fish_spawn_egg Expected: 1312 Got: 1464
[088月2026 14:53:57.499] [main/WARN] [net.minecraftforge.registries.ForgeRegistry/REGISTRIES]: Registry minecraft:item: Object did not get ID it asked for. Name: caerula_arbor:slider_fish_spawn_egg Expected: 1313 Got: 1465
[088月2026 14:53:57.499] [main/WARN] [net.minecraftforge.registries.ForgeRegistry/REGISTRIES]: Registry minecraft:item: Object did not get ID it asked for. Name: caerula_arbor:super_slider_spawn_egg Expected: 1314 Got: 1466
[088月2026 14:53:57.499] [main/WARN] [net.minecraftforge.registries.ForgeRegistry/REGISTRIES]: Registry minecraft:item: Object did not get ID it asked for. Name: caerula_arbor:shooter_fish_spawn_egg Expected: 1315 Got: 1467
[088月2026 14:53:57.499] [main/WARN] [net.minecraftforge.registries.ForgeRegistry/REGISTRIES]: Registry minecraft:item: Object did not get ID it asked for. Name: caerula_arbor:fly_fish_spawn_egg Expected: 1316 Got: 1468
[088月2026 14:53:57.499] [main/WARN] [net.minecraftforge.registries.ForgeRegistry/REGISTRIES]: Registry minecraft:item: Object did not get ID it asked for. Name: caerula_arbor:reaper_fish_spawn_egg Expected: 1317 Got: 1469
[088月2026 14:53:57.499] [main/WARN] [net.minecraftforge.registries.ForgeRegistry/REGISTRIES]: Registry minecraft:item: Object did not get ID it asked for. Name: caerula_arbor:creeper_fish_spawn_egg Expected: 1318 Got: 1470
[088月2026 14:53:57.499] [main/WARN] [net.minecraftforge.registries.ForgeRegistry/REGISTRIES]: Registry minecraft:item: Object did not get ID it asked for. Name: caerula_arbor:puncture_fish_spawn_egg Expected: 1319 Got: 1471
[088月2026 14:53:57.499] [main/WARN] [net.minecraftforge.registries.ForgeRegistry/REGISTRIES]: Registry minecraft:item: Object did not get ID it asked for. Name: caerula_arbor:sea_trail_init Expected: 1320 Got: 1472
[088月2026 14:53:57.500] [main/WARN] [net.minecraftforge.registries.ForgeRegistry/REGISTRIES]: Registry minecraft:item: Object did not get ID it asked for. Name: caerula_arbor:sea_trail_growing Expected: 1321 Got: 1473
[088月2026 14:53:57.500] [main/WARN] [net.minecraftforge.registries.ForgeRegistry/REGISTRIES]: Registry minecraft:item: Object did not get ID it asked for. Name: caerula_arbor:sea_trail_grown Expected: 1322 Got: 1474
[088月2026 14:53:57.500] [main/WARN] [net.minecraftforge.registries.ForgeRegistry/REGISTRIES]: Registry minecraft:item: Object did not get ID it asked for. Name: caerula_arbor:sea_trail_mor Expected: 1323 Got: 1475
[088月2026 14:53:57.500] [main/WARN] [net.minecraftforge.registries.ForgeRegistry/REGISTRIES]: Registry minecraft:item: Object did not get ID it asked for. Name: caerula_arbor:bomb_trailer Expected: 1324 Got: 1476
[088月2026 14:53:57.500] [main/WARN] [net.minecraftforge.registries.ForgeRegistry/REGISTRIES]: Registry minecraft:item: Object did not get ID it asked for. Name: caerula_arbor:canned_water Expected: 1325 Got: 1477
[088月2026 14:53:57.500] [main/WARN] [net.minecraftforge.registries.ForgeRegistry/REGISTRIES]: Registry minecraft:item: Object did not get ID it asked for. Name: caerula_arbor:canned_lava Expected: 1326 Got: 1478
[088月2026 14:53:57.500] [main/WARN] [net.minecraftforge.registries.ForgeRegistry/REGISTRIES]: Registry minecraft:item: Object did not get ID it asked for. Name: caerula_arbor:bone_shard Expected: 1327 Got: 1479
[088月2026 14:53:57.500] [main/WARN] [net.minecraftforge.registries.ForgeRegistry/REGISTRIES]: Registry minecraft:item: Object did not get ID it asked for. Name: caerula_arbor:ocean_phloem Expected: 1328 Got: 1480
[088月2026 14:53:57.500] [main/WARN] [net.minecraftforge.registries.ForgeRegistry/REGISTRIES]: Registry minecraft:item: Object did not get ID it asked for. Name: caerula_arbor:ocean_fibre Expected: 1329 Got: 1481
[088月2026 14:53:57.500] [main/WARN] [net.minecraftforge.registries.ForgeRegistry/REGISTRIES]: Registry minecraft:item: Object did not get ID it asked for. Name: caerula_arbor:ocean_eye Expected: 1330 Got: 1482
[088月2026 14:53:57.501] [main/WARN] [net.minecraftforge.registries.ForgeRegistry/REGISTRIES]: Registry minecraft:item: Object did not get ID it asked for. Name: caerula_arbor:ocean_crystal Expected: 1331 Got: 1483
[088月2026 14:53:57.501] [main/WARN] [net.minecraftforge.registries.ForgeRegistry/REGISTRIES]: Registry minecraft:item: Object did not get ID it asked for. Name: caerula_arbor:ocean_cutin Expected: 1332 Got: 1484
[088月2026 14:53:57.501] [main/WARN] [net.minecraftforge.registries.ForgeRegistry/REGISTRIES]: Registry minecraft:item: Object did not get ID it asked for. Name: caerula_arbor:cooked_fibre Expected: 1333 Got: 1485
[088月2026 14:53:57.501] [main/WARN] [net.minecraftforge.registries.ForgeRegistry/REGISTRIES]: Registry minecraft:item: Object did not get ID it asked for. Name: caerula_arbor:baselayer_abyssal_spawn_egg Expected: 1334 Got: 1486
[088月2026 14:53:57.501] [main/WARN] [net.minecraftforge.registries.ForgeRegistry/REGISTRIES]: Registry minecraft:item: Object did not get ID it asked for. Name: caerula_arbor:ocean_glass Expected: 1335 Got: 1487
[088月2026 14:53:57.501] [main/WARN] [net.minecraftforge.registries.ForgeRegistry/REGISTRIES]: Registry minecraft:item: Object did not get ID it asked for. Name: caerula_arbor:ocean_glasspane Expected: 1336 Got: 1488
[088月2026 14:53:57.501] [main/WARN] [net.minecraftforge.registries.ForgeRegistry/REGISTRIES]: Registry minecraft:item: Object did not get ID it asked for. Name: caerula_arbor:ocean_chitin Expected: 1337 Got: 1489
[088月2026 14:53:57.501] [main/WARN] [net.minecraftforge.registries.ForgeRegistry/REGISTRIES]: Registry minecraft:item: Object did not get ID it asked for. Name: caerula_arbor:chitin_block Expected: 1338 Got: 1490
[088月2026 14:53:57.501] [main/WARN] [net.minecraftforge.registries.ForgeRegistry/REGISTRIES]: Registry minecraft:item: Object did not get ID it asked for. Name: caerula_arbor:cooked_mor Expected: 1339 Got: 1491
[088月2026 14:53:57.501] [main/WARN] [net.minecraftforge.registries.ForgeRegistry/REGISTRIES]: Registry minecraft:item: Object did not get ID it asked for. Name: caerula_arbor:sword_ocean_crystal Expected: 1340 Got: 1492
[088月2026 14:53:57.501] [main/WARN] [net.minecraftforge.registries.ForgeRegistry/REGISTRIES]: Registry minecraft:item: Object did not get ID it asked for. Name: caerula_arbor:chitin_armor_helmet Expected: 1341 Got: 1493
[088月2026 14:53:57.502] [main/WARN] [net.minecraftforge.registries.ForgeRegistry/REGISTRIES]: Registry minecraft:item: Object did not get ID it asked for. Name: caerula_arbor:chitin_armor_chestplate Expected: 1342 Got: 1494
[088月2026 14:53:57.502] [main/WARN] [net.minecraftforge.registries.ForgeRegistry/REGISTRIES]: Registry minecraft:item: Object did not get ID it asked for. Name: caerula_arbor:chitin_armor_leggings Expected: 1343 Got: 1495
[088月2026 14:53:57.502] [main/WARN] [net.minecraftforge.registries.ForgeRegistry/REGISTRIES]: Registry minecraft:item: Object did not get ID it asked for. Name: caerula_arbor:chitin_armor_boots Expected: 1344 Got: 1496
[088月2026 14:53:57.502] [main/WARN] [net.minecraftforge.registries.ForgeRegistry/REGISTRIES]: Registry minecraft:item: Object did not get ID it asked for. Name: caerula_arbor:chitin_pickaxe Expected: 1345 Got: 1497
[088月2026 14:53:57.502] [main/WARN] [net.minecraftforge.registries.ForgeRegistry/REGISTRIES]: Registry minecraft:item: Object did not get ID it asked for. Name: caerula_arbor:chitin_axe Expected: 1346 Got: 1498
[088月2026 14:53:57.502] [main/WARN] [net.minecraftforge.registries.ForgeRegistry/REGISTRIES]: Registry minecraft:item: Object did not get ID it asked for. Name: caerula_arbor:chitin_shovel Expected: 1347 Got: 1499
[088月2026 14:53:57.502] [main/WARN] [net.minecraftforge.registries.ForgeRegistry/REGISTRIES]: Registry minecraft:item: Object did not get ID it asked for. Name: caerula_arbor:chitin_hoe Expected: 1348 Got: 1500
[088月2026 14:53:57.502] [main/WARN] [net.minecraftforge.registries.ForgeRegistry/REGISTRIES]: Registry minecraft:item: Object did not get ID it asked for. Name: caerula_arbor:chitin_sword Expected: 1349 Got: 1501
[088月2026 14:53:57.502] [main/WARN] [net.minecraftforge.registries.ForgeRegistry/REGISTRIES]: Registry minecraft:item: Object did not get ID it asked for. Name: caerula_arbor:pickaxe_ocean_crystal Expected: 1350 Got: 1502
[088月2026 14:53:57.502] [main/WARN] [net.minecraftforge.registries.ForgeRegistry/REGISTRIES]: Registry minecraft:item: Object did not get ID it asked for. Name: caerula_arbor:axe_ocean_crystal Expected: 1351 Got: 1503
[088月2026 14:53:57.502] [main/WARN] [net.minecraftforge.registries.ForgeRegistry/REGISTRIES]: Registry minecraft:item: Object did not get ID it asked for. Name: caerula_arbor:shovel_ocean_crystal Expected: 1352 Got: 1504
[088月2026 14:53:57.502] [main/WARN] [net.minecraftforge.registries.ForgeRegistry/REGISTRIES]: Registry minecraft:item: Object did not get ID it asked for. Name: caerula_arbor:hoe_ocean_crystal Expected: 1353 Got: 1505
[088月2026 14:53:57.503] [main/WARN] [net.minecraftforge.registries.ForgeRegistry/REGISTRIES]: Registry minecraft:item: Object did not get ID it asked for. Name: caerula_arbor:cutin_stick Expected: 1354 Got: 1506
[088月2026 14:53:57.503] [main/WARN] [net.minecraftforge.registries.ForgeRegistry/REGISTRIES]: Registry minecraft:item: Object did not get ID it asked for. Name: caerula_arbor:predator_abyssal_spawn_egg Expected: 1355 Got: 1507
[088月2026 14:53:57.503] [main/WARN] [net.minecraftforge.registries.ForgeRegistry/REGISTRIES]: Registry minecraft:item: Object did not get ID it asked for. Name: caerula_arbor:kettle Expected: 1356 Got: 1508
[088月2026 14:53:57.503] [main/WARN] [net.minecraftforge.registries.ForgeRegistry/REGISTRIES]: Registry minecraft:item: Object did not get ID it asked for. Name: caerula_arbor:block_kettle Expected: 1357 Got: 1509
[088月2026 14:53:57.503] [main/WARN] [net.minecraftforge.registries.ForgeRegistry/REGISTRIES]: Registry minecraft:item: Object did not get ID it asked for. Name: caerula_arbor:instant_noodle Expected: 1358 Got: 1510
[088月2026 14:53:57.503] [main/WARN] [net.minecraftforge.registries.ForgeRegistry/REGISTRIES]: Registry minecraft:item: Object did not get ID it asked for. Name: caerula_arbor:canned_noodle Expected: 1359 Got: 1511
[088月2026 14:53:57.503] [main/WARN] [net.minecraftforge.registries.ForgeRegistry/REGISTRIES]: Registry minecraft:item: Object did not get ID it asked for. Name: caerula_arbor:canned_boiled_water Expected: 1360 Got: 1512
[088月2026 14:53:57.503] [main/WARN] [net.minecraftforge.registries.ForgeRegistry/REGISTRIES]: Registry minecraft:item: Object did not get ID it asked for. Name: caerula_arbor:obisidian_ball Expected: 1361 Got: 1513
[088月2026 14:53:57.503] [main/WARN] [net.minecraftforge.registries.ForgeRegistry/REGISTRIES]: Registry minecraft:item: Object did not get ID it asked for. Name: caerula_arbor:chitin_knife Expected: 1362 Got: 1514
[088月2026 14:53:57.503] [main/WARN] [net.minecraftforge.registries.ForgeRegistry/REGISTRIES]: Registry minecraft:item: Object did not get ID it asked for. Name: caerula_arbor:complex_chitin Expected: 1363 Got: 1515
[088月2026 14:53:57.503] [main/WARN] [net.minecraftforge.registries.ForgeRegistry/REGISTRIES]: Registry minecraft:item: Object did not get ID it asked for. Name: caerula_arbor:complex_chitin_sword Expected: 1364 Got: 1516
[088月2026 14:53:57.504] [main/WARN] [net.minecraftforge.registries.ForgeRegistry/REGISTRIES]: Registry minecraft:item: Object did not get ID it asked for. Name: caerula_arbor:ocean_trim_template Expected: 1365 Got: 1517
[088月2026 14:53:57.504] [main/WARN] [net.minecraftforge.registries.ForgeRegistry/REGISTRIES]: Registry minecraft:item: Object did not get ID it asked for. Name: caerula_arbor:complex_chitin_pickaxe Expected: 1366 Got: 1518
[088月2026 14:53:57.504] [main/WARN] [net.minecraftforge.registries.ForgeRegistry/REGISTRIES]: Registry minecraft:item: Object did not get ID it asked for. Name: caerula_arbor:complex_chitin_axe Expected: 1367 Got: 1519
[088月2026 14:53:57.504] [main/WARN] [net.minecraftforge.registries.ForgeRegistry/REGISTRIES]: Registry minecraft:item: Object did not get ID it asked for. Name: caerula_arbor:complex_chitin_shovel Expected: 1368 Got: 1520
[088月2026 14:53:57.504] [main/WARN] [net.minecraftforge.registries.ForgeRegistry/REGISTRIES]: Registry minecraft:item: Object did not get ID it asked for. Name: caerula_arbor:complex_chitin_hoe Expected: 1369 Got: 1521
[088月2026 14:53:57.504] [main/WARN] [net.minecraftforge.registries.ForgeRegistry/REGISTRIES]: Registry minecraft:item: Object did not get ID it asked for. Name: caerula_arbor:ocean_farmland Expected: 1370 Got: 1522
[088月2026 14:53:57.504] [main/WARN] [net.minecraftforge.registries.ForgeRegistry/REGISTRIES]: Registry minecraft:item: Object did not get ID it asked for. Name: caerula_arbor:phloem_bow Expected: 1371 Got: 1523
[088月2026 14:53:57.504] [main/WARN] [net.minecraftforge.registries.ForgeRegistry/REGISTRIES]: Registry minecraft:item: Object did not get ID it asked for. Name: caerula_arbor:legendary_spear Expected: 1372 Got: 1524
[088月2026 14:53:57.504] [main/WARN] [net.minecraftforge.registries.ForgeRegistry/REGISTRIES]: Registry minecraft:item: Object did not get ID it asked for. Name: caerula_arbor:allay_sculpture Expected: 1373 Got: 1525
[088月2026 14:53:57.505] [main/WARN] [net.minecraftforge.registries.ForgeRegistry/REGISTRIES]: Registry minecraft:item: Object did not get ID it asked for. Name: caerula_arbor:allay_block Expected: 1374 Got: 1526
[088月2026 14:53:57.505] [main/WARN] [net.minecraftforge.registries.ForgeRegistry/REGISTRIES]: Registry minecraft:item: Object did not get ID it asked for. Name: caerula_arbor:bat_bed Expected: 1375 Got: 1527
[088月2026 14:53:57.505] [main/WARN] [net.minecraftforge.registries.ForgeRegistry/REGISTRIES]: Registry minecraft:item: Object did not get ID it asked for. Name: caerula_arbor:block_batbed Expected: 1376 Got: 1528
[088月2026 14:53:57.505] [main/WARN] [net.minecraftforge.registries.ForgeRegistry/REGISTRIES]: Registry minecraft:item: Object did not get ID it asked for. Name: caerula_arbor:batbed_upper Expected: 1377 Got: 1529
[088月2026 14:53:57.505] [main/WARN] [net.minecraftforge.registries.ForgeRegistry/REGISTRIES]: Registry minecraft:item: Object did not get ID it asked for. Name: caerula_arbor:proof_of_longevity Expected: 1378 Got: 1530
[088月2026 14:53:57.505] [main/WARN] [net.minecraftforge.registries.ForgeRegistry/REGISTRIES]: Registry minecraft:item: Object did not get ID it asked for. Name: caerula_arbor:omni_key Expected: 1379 Got: 1531
[088月2026 14:53:57.505] [main/WARN] [net.minecraftforge.registries.ForgeRegistry/REGISTRIES]: Registry minecraft:item: Object did not get ID it asked for. Name: caerula_arbor:score Expected: 1380 Got: 1532
[088月2026 14:53:57.505] [main/WARN] [net.minecraftforge.registries.ForgeRegistry/REGISTRIES]: Registry minecraft:item: Object did not get ID it asked for. Name: caerula_arbor:rescission Expected: 1381 Got: 1533
[088月2026 14:53:57.505] [main/WARN] [net.minecraftforge.registries.ForgeRegistry/REGISTRIES]: Registry minecraft:item: Object did not get ID it asked for. Name: caerula_arbor:language_key Expected: 1382 Got: 1534
[088月2026 14:53:57.505] [main/WARN] [net.minecraftforge.registries.ForgeRegistry/REGISTRIES]: Registry minecraft:item: Object did not get ID it asked for. Name: caerula_arbor:trail_cake Expected: 1383 Got: 1535
[088月2026 14:53:57.506] [main/WARN] [net.minecraftforge.registries.ForgeRegistry/REGISTRIES]: Registry minecraft:item: Object did not get ID it asked for. Name: caerula_arbor:trail_cake_piece Expected: 1384 Got: 1536
[088月2026 14:53:57.506] [main/WARN] [net.minecraftforge.registries.ForgeRegistry/REGISTRIES]: Registry minecraft:item: Object did not get ID it asked for. Name: caerula_arbor:caramel_cake Expected: 1385 Got: 1537
[088月2026 14:53:57.506] [main/WARN] [net.minecraftforge.registries.ForgeRegistry/REGISTRIES]: Registry minecraft:item: Object did not get ID it asked for. Name: caerula_arbor:caramel_cake_piece Expected: 1386 Got: 1538
[088月2026 14:53:57.506] [main/WARN] [net.minecraftforge.registries.ForgeRegistry/REGISTRIES]: Registry minecraft:item: Object did not get ID it asked for. Name: caerula_arbor:caramel_mor Expected: 1387 Got: 1539
[088月2026 14:53:57.506] [main/WARN] [net.minecraftforge.registries.ForgeRegistry/REGISTRIES]: Registry minecraft:item: Object did not get ID it asked for. Name: caerula_arbor:guide_abyssal_spawn_egg Expected: 1388 Got: 1540
[088月2026 14:53:57.506] [main/WARN] [net.minecraftforge.registries.ForgeRegistry/REGISTRIES]: Registry minecraft:item: Object did not get ID it asked for. Name: caerula_arbor:splasher_abyssal_spawn_egg Expected: 1389 Got: 1541
[088月2026 14:53:57.506] [main/WARN] [net.minecraftforge.registries.ForgeRegistry/REGISTRIES]: Registry minecraft:item: Object did not get ID it asked for. Name: caerula_arbor:fake_egg Expected: 1390 Got: 1542
[088月2026 14:53:57.506] [main/WARN] [net.minecraftforge.registries.ForgeRegistry/REGISTRIES]: Registry minecraft:item: Object did not get ID it asked for. Name: caerula_arbor:real_egg Expected: 1391 Got: 1543
[088月2026 14:53:57.506] [main/WARN] [net.minecraftforge.registries.ForgeRegistry/REGISTRIES]: Registry minecraft:item: Object did not get ID it asked for. Name: caerula_arbor:fermented_ocean_eye Expected: 1392 Got: 1544
[088月2026 14:53:57.506] [main/WARN] [net.minecraftforge.registries.ForgeRegistry/REGISTRIES]: Registry minecraft:item: Object did not get ID it asked for. Name: caerula_arbor:ocean_machine Expected: 1393 Got: 1545
[088月2026 14:53:57.507] [main/WARN] [net.minecraftforge.registries.ForgeRegistry/REGISTRIES]: Registry minecraft:item: Object did not get ID it asked for. Name: caerula_arbor:ocean_crystal_block Expected: 1394 Got: 1546
[088月2026 14:53:57.507] [main/WARN] [net.minecraftforge.registries.ForgeRegistry/REGISTRIES]: Registry minecraft:item: Object did not get ID it asked for. Name: caerula_arbor:complex_chitin_block Expected: 1395 Got: 1547
[088月2026 14:53:57.507] [main/WARN] [net.minecraftforge.registries.ForgeRegistry/REGISTRIES]: Registry minecraft:item: Object did not get ID it asked for. Name: caerula_arbor:guardian_stare Expected: 1396 Got: 1548
[088月2026 14:53:57.507] [main/WARN] [net.minecraftforge.registries.ForgeRegistry/REGISTRIES]: Registry minecraft:item: Object did not get ID it asked for. Name: caerula_arbor:hand_sword Expected: 1397 Got: 1549
[088月2026 14:53:57.507] [main/WARN] [net.minecraftforge.registries.ForgeRegistry/REGISTRIES]: Registry minecraft:item: Object did not get ID it asked for. Name: caerula_arbor:tide_observation Expected: 1398 Got: 1550
[088月2026 14:53:57.507] [main/WARN] [net.minecraftforge.registries.ForgeRegistry/REGISTRIES]: Registry minecraft:item: Object did not get ID it asked for. Name: caerula_arbor:sample_subsisting Expected: 1399 Got: 1551
[088月2026 14:53:57.507] [main/WARN] [net.minecraftforge.registries.ForgeRegistry/REGISTRIES]: Registry minecraft:item: Object did not get ID it asked for. Name: caerula_arbor:sample_grow Expected: 1400 Got: 1552
[088月2026 14:53:57.507] [main/WARN] [net.minecraftforge.registries.ForgeRegistry/REGISTRIES]: Registry minecraft:item: Object did not get ID it asked for. Name: caerula_arbor:sample_breed Expected: 1401 Got: 1553
[088月2026 14:53:57.508] [main/WARN] [net.minecraftforge.registries.ForgeRegistry/REGISTRIES]: Registry minecraft:item: Object did not get ID it asked for. Name: caerula_arbor:sample_migration Expected: 1402 Got: 1554
[088月2026 14:53:57.508] [main/WARN] [net.minecraftforge.registries.ForgeRegistry/REGISTRIES]: Registry minecraft:item: Object did not get ID it asked for. Name: caerula_arbor:anchor_lower Expected: 1403 Got: 1555
[088月2026 14:53:57.508] [main/WARN] [net.minecraftforge.registries.ForgeRegistry/REGISTRIES]: Registry minecraft:item: Object did not get ID it asked for. Name: caerula_arbor:anchor_medium Expected: 1404 Got: 1556
[088月2026 14:53:57.508] [main/WARN] [net.minecraftforge.registries.ForgeRegistry/REGISTRIES]: Registry minecraft:item: Object did not get ID it asked for. Name: caerula_arbor:anchor_upper Expected: 1405 Got: 1557
[088月2026 14:53:57.508] [main/WARN] [net.minecraftforge.registries.ForgeRegistry/REGISTRIES]: Registry minecraft:item: Object did not get ID it asked for. Name: caerula_arbor:umbrella_abyssal_spawn_egg Expected: 1406 Got: 1558
[088月2026 14:53:57.508] [main/WARN] [net.minecraftforge.registries.ForgeRegistry/REGISTRIES]: Registry minecraft:item: Object did not get ID it asked for. Name: caerula_arbor:trailed_wooden_sword Expected: 1407 Got: 1559
[088月2026 14:53:57.508] [main/WARN] [net.minecraftforge.registries.ForgeRegistry/REGISTRIES]: Registry minecraft:item: Object did not get ID it asked for. Name: caerula_arbor:trailed_stone_sword Expected: 1408 Got: 1560
[088月2026 14:53:57.508] [main/WARN] [net.minecraftforge.registries.ForgeRegistry/REGISTRIES]: Registry minecraft:item: Object did not get ID it asked for. Name: caerula_arbor:trailed_iron_sword Expected: 1409 Got: 1561
[088月2026 14:53:57.508] [main/WARN] [net.minecraftforge.registries.ForgeRegistry/REGISTRIES]: Registry minecraft:item: Object did not get ID it asked for. Name: caerula_arbor:trailed_diamond_sword Expected: 1410 Got: 1562
[088月2026 14:53:57.508] [main/WARN] [net.minecraftforge.registries.ForgeRegistry/REGISTRIES]: Registry minecraft:item: Object did not get ID it asked for. Name: caerula_arbor:trailed_netherite_sword Expected: 1411 Got: 1563
[088月2026 14:53:57.509] [main/WARN] [net.minecraftforge.registries.ForgeRegistry/REGISTRIES]: Registry minecraft:item: Object did not get ID it asked for. Name: caerula_arbor:trailed_golden_sword Expected: 1412 Got: 1564
[088月2026 14:53:57.509] [main/WARN] [net.minecraftforge.registries.ForgeRegistry/REGISTRIES]: Registry minecraft:item: Object did not get ID it asked for. Name: caerula_arbor:trail_cream Expected: 1413 Got: 1565
[088月2026 14:53:57.509] [main/WARN] [net.minecraftforge.registries.ForgeRegistry/REGISTRIES]: Registry minecraft:item: Object did not get ID it asked for. Name: caerula_arbor:cracker_abyssal_spawn_egg Expected: 1414 Got: 1566
[088月2026 14:53:57.509] [main/WARN] [net.minecraftforge.registries.ForgeRegistry/REGISTRIES]: Registry minecraft:item: Object did not get ID it asked for. Name: caerula_arbor:dispatch_stick Expected: 1415 Got: 1567
[088月2026 14:53:57.509] [main/WARN] [net.minecraftforge.registries.ForgeRegistry/REGISTRIES]: Registry minecraft:item: Object did not get ID it asked for. Name: caerula_arbor:collector_prokaryote_spawn_egg Expected: 1416 Got: 1568
[088月2026 14:53:57.509] [main/WARN] [net.minecraftforge.registries.ForgeRegistry/REGISTRIES]: Registry minecraft:item: Object did not get ID it asked for. Name: caerula_arbor:broken_ocean_cell Expected: 1417 Got: 1569
[088月2026 14:53:57.509] [main/WARN] [net.minecraftforge.registries.ForgeRegistry/REGISTRIES]: Registry minecraft:item: Object did not get ID it asked for. Name: caerula_arbor:broken_cell_cluster Expected: 1418 Got: 1570
[088月2026 14:53:57.509] [main/WARN] [net.minecraftforge.registries.ForgeRegistry/REGISTRIES]: Registry minecraft:item: Object did not get ID it asked for. Name: caerula_arbor:ocean_cell Expected: 1419 Got: 1571
[088月2026 14:53:57.509] [main/WARN] [net.minecraftforge.registries.ForgeRegistry/REGISTRIES]: Registry minecraft:item: Object did not get ID it asked for. Name: caerula_arbor:cell_cluster Expected: 1420 Got: 1572
[088月2026 14:53:57.509] [main/WARN] [net.minecraftforge.registries.ForgeRegistry/REGISTRIES]: Registry minecraft:item: Object did not get ID it asked for. Name: caerula_arbor:cooked_broken_cell_cluster Expected: 1421 Got: 1573
[088月2026 14:53:57.510] [main/WARN] [net.minecraftforge.registries.ForgeRegistry/REGISTRIES]: Registry minecraft:item: Object did not get ID it asked for. Name: caerula_arbor:cooked_cell_cluster Expected: 1422 Got: 1574
[088月2026 14:53:57.510] [main/WARN] [net.minecraftforge.registries.ForgeRegistry/REGISTRIES]: Registry minecraft:item: Object did not get ID it asked for. Name: caerula_arbor:transform_cell Expected: 1423 Got: 1575
[088月2026 14:53:57.510] [main/WARN] [net.minecraftforge.registries.ForgeRegistry/REGISTRIES]: Registry minecraft:item: Object did not get ID it asked for. Name: caerula_arbor:bone_fish_spawn_egg Expected: 1424 Got: 1576
[088月2026 14:53:57.510] [main/WARN] [net.minecraftforge.registries.ForgeRegistry/REGISTRIES]: Registry minecraft:item: Object did not get ID it asked for. Name: caerula_arbor:block_recorder Expected: 1425 Got: 1577
[088月2026 14:53:57.510] [main/WARN] [net.minecraftforge.registries.ForgeRegistry/REGISTRIES]: Registry minecraft:item: Object did not get ID it asked for. Name: caerula_arbor:chiseler_fish_spawn_egg Expected: 1426 Got: 1578
[088月2026 14:53:57.510] [main/WARN] [net.minecraftforge.registries.ForgeRegistry/REGISTRIES]: Registry minecraft:item: Object did not get ID it asked for. Name: caerula_arbor:pregnant_fish_spawn_egg Expected: 1427 Got: 1579
[088月2026 14:53:57.510] [main/WARN] [net.minecraftforge.registries.ForgeRegistry/REGISTRIES]: Registry minecraft:item: Object did not get ID it asked for. Name: caerula_arbor:fake_offspring_spawn_egg Expected: 1428 Got: 1580
[088月2026 14:53:57.511] [main/WARN] [net.minecraftforge.registries.ForgeRegistry/REGISTRIES]: Registry minecraft:item: Object did not get ID it asked for. Name: caerula_arbor:flee_fish_spawn_egg Expected: 1429 Got: 1581
[088月2026 14:53:57.511] [main/WARN] [net.minecraftforge.registries.ForgeRegistry/REGISTRIES]: Registry minecraft:item: Object did not get ID it asked for. Name: caerula_arbor:route_fractal_spawn_egg Expected: 1430 Got: 1582
[088月2026 14:53:57.511] [main/WARN] [net.minecraftforge.registries.ForgeRegistry/REGISTRIES]: Registry minecraft:item: Object did not get ID it asked for. Name: caerula_arbor:sea_trail_solid Expected: 1431 Got: 1583
[088月2026 14:53:57.511] [main/WARN] [net.minecraftforge.registries.ForgeRegistry/REGISTRIES]: Registry minecraft:item: Object did not get ID it asked for. Name: caerula_arbor:trail_brick Expected: 1432 Got: 1584
[088月2026 14:53:57.511] [main/WARN] [net.minecraftforge.registries.ForgeRegistry/REGISTRIES]: Registry minecraft:item: Object did not get ID it asked for. Name: caerula_arbor:trail_slab Expected: 1433 Got: 1585
[088月2026 14:53:57.511] [main/WARN] [net.minecraftforge.registries.ForgeRegistry/REGISTRIES]: Registry minecraft:item: Object did not get ID it asked for. Name: caerula_arbor:trail_stair Expected: 1434 Got: 1586
[088月2026 14:53:57.511] [main/WARN] [net.minecraftforge.registries.ForgeRegistry/REGISTRIES]: Registry minecraft:item: Object did not get ID it asked for. Name: caerula_arbor:trail_button Expected: 1435 Got: 1587
[088月2026 14:53:57.511] [main/WARN] [net.minecraftforge.registries.ForgeRegistry/REGISTRIES]: Registry minecraft:item: Object did not get ID it asked for. Name: caerula_arbor:trail_pressure_plate Expected: 1436 Got: 1588
[088月2026 14:53:57.511] [main/WARN] [net.minecraftforge.registries.ForgeRegistry/REGISTRIES]: Registry minecraft:item: Object did not get ID it asked for. Name: caerula_arbor:trail_tile Expected: 1437 Got: 1589
[088月2026 14:53:57.512] [main/WARN] [net.minecraftforge.registries.ForgeRegistry/REGISTRIES]: Registry minecraft:item: Object did not get ID it asked for. Name: caerula_arbor:caerula_heart Expected: 1438 Got: 1590
[088月2026 14:53:57.512] [main/WARN] [net.minecraftforge.registries.ForgeRegistry/REGISTRIES]: Registry minecraft:item: Object did not get ID it asked for. Name: caerula_arbor:coin_of_trade Expected: 1439 Got: 1591
[088月2026 14:53:57.512] [main/WARN] [net.minecraftforge.registries.ForgeRegistry/REGISTRIES]: Registry minecraft:item: Object did not get ID it asked for. Name: caerula_arbor:ocean_peduncle Expected: 1440 Got: 1592
[088月2026 14:53:57.512] [main/WARN] [net.minecraftforge.registries.ForgeRegistry/REGISTRIES]: Registry minecraft:item: Object did not get ID it asked for. Name: caerula_arbor:elite_peduncle Expected: 1441 Got: 1593
[088月2026 14:53:57.512] [main/WARN] [net.minecraftforge.registries.ForgeRegistry/REGISTRIES]: Registry minecraft:item: Object did not get ID it asked for. Name: caerula_arbor:cooked_peduncle Expected: 1442 Got: 1594
[088月2026 14:53:57.512] [main/WARN] [net.minecraftforge.registries.ForgeRegistry/REGISTRIES]: Registry minecraft:item: Object did not get ID it asked for. Name: caerula_arbor:ocean_arrow Expected: 1443 Got: 1595
[088月2026 14:53:57.512] [main/WARN] [net.minecraftforge.registries.ForgeRegistry/REGISTRIES]: Registry minecraft:item: Object did not get ID it asked for. Name: caerula_arbor:first_to_talk_spawn_egg Expected: 1444 Got: 1596
[088月2026 14:53:57.513] [main/WARN] [net.minecraftforge.registries.ForgeRegistry/REGISTRIES]: Registry minecraft:item: Object did not get ID it asked for. Name: caerula_arbor:reaper_pet_spawn_egg Expected: 1445 Got: 1597
[088月2026 14:53:57.513] [main/WARN] [net.minecraftforge.registries.ForgeRegistry/REGISTRIES]: Registry minecraft:item: Object did not get ID it asked for. Name: caerula_arbor:ocean_extractor Expected: 1446 Got: 1598
[088月2026 14:53:57.513] [main/WARN] [net.minecraftforge.registries.ForgeRegistry/REGISTRIES]: Registry minecraft:item: Object did not get ID it asked for. Name: caerula_arbor:dna_reaper Expected: 1447 Got: 1599
[088月2026 14:53:57.513] [main/WARN] [net.minecraftforge.registries.ForgeRegistry/REGISTRIES]: Registry minecraft:item: Object did not get ID it asked for. Name: caerula_arbor:base_egg Expected: 1448 Got: 1600
[088月2026 14:53:57.513] [main/WARN] [net.minecraftforge.registries.ForgeRegistry/REGISTRIES]: Registry minecraft:item: Object did not get ID it asked for. Name: caerula_arbor:ocean_ovary Expected: 1449 Got: 1601
[088月2026 14:53:57.513] [main/WARN] [net.minecraftforge.registries.ForgeRegistry/REGISTRIES]: Registry minecraft:item: Object did not get ID it asked for. Name: caerula_arbor:whirl_eye Expected: 1450 Got: 1602
[088月2026 14:53:57.513] [main/WARN] [net.minecraftforge.registries.ForgeRegistry/REGISTRIES]: Registry minecraft:item: Object did not get ID it asked for. Name: caerula_arbor:ocarina Expected: 1451 Got: 1603
[088月2026 14:53:57.513] [main/WARN] [net.minecraftforge.registries.ForgeRegistry/REGISTRIES]: Registry minecraft:item: Object did not get ID it asked for. Name: caerula_arbor:boiled_egg Expected: 1452 Got: 1604
[088月2026 14:53:57.513] [main/WARN] [net.minecraftforge.registries.ForgeRegistry/REGISTRIES]: Registry minecraft:item: Object did not get ID it asked for. Name: caerula_arbor:fried_egg Expected: 1453 Got: 1605
[088月2026 14:53:57.514] [main/WARN] [net.minecraftforge.registries.ForgeRegistry/REGISTRIES]: Registry minecraft:item: Object did not get ID it asked for. Name: caerula_arbor:a_second_key Expected: 1454 Got: 1606
[088月2026 14:53:57.514] [main/WARN] [net.minecraftforge.registries.ForgeRegistry/REGISTRIES]: Registry minecraft:item: Object did not get ID it asked for. Name: caerula_arbor:sealeather_helmet Expected: 1455 Got: 1607
[088月2026 14:53:57.514] [main/WARN] [net.minecraftforge.registries.ForgeRegistry/REGISTRIES]: Registry minecraft:item: Object did not get ID it asked for. Name: caerula_arbor:sealeather_chestplate Expected: 1456 Got: 1608
[088月2026 14:53:57.514] [main/WARN] [net.minecraftforge.registries.ForgeRegistry/REGISTRIES]: Registry minecraft:item: Object did not get ID it asked for. Name: caerula_arbor:sealeather_leggings Expected: 1457 Got: 1609
[088月2026 14:53:57.514] [main/WARN] [net.minecraftforge.registries.ForgeRegistry/REGISTRIES]: Registry minecraft:item: Object did not get ID it asked for. Name: caerula_arbor:sealeather_boots Expected: 1458 Got: 1610
[088月2026 14:53:57.514] [main/WARN] [net.minecraftforge.registries.ForgeRegistry/REGISTRIES]: Registry minecraft:item: Object did not get ID it asked for. Name: caerula_arbor:sons_spawn_egg Expected: 1459 Got: 1611
[088月2026 14:53:57.514] [main/WARN] [net.minecraftforge.registries.ForgeRegistry/REGISTRIES]: Registry minecraft:item: Object did not get ID it asked for. Name: caerula_arbor:floater_prokaryote_spawn_egg Expected: 1460 Got: 1612
[088月2026 14:53:57.514] [main/WARN] [net.minecraftforge.registries.ForgeRegistry/REGISTRIES]: Registry minecraft:item: Object did not get ID it asked for. Name: caerula_arbor:chitin_golem_spawn_egg Expected: 1461 Got: 1613
[088月2026 14:53:57.515] [main/WARN] [net.minecraftforge.registries.ForgeRegistry/REGISTRIES]: Registry minecraft:item: Object did not get ID it asked for. Name: caerula_arbor:trail_pumpking Expected: 1462 Got: 1614
[088月2026 14:53:57.515] [main/WARN] [net.minecraftforge.registries.ForgeRegistry/REGISTRIES]: Registry minecraft:item: Object did not get ID it asked for. Name: caerula_arbor:mega_chest_spawn_egg Expected: 1463 Got: 1615
[088月2026 14:53:57.515] [main/WARN] [net.minecraftforge.registries.ForgeRegistry/REGISTRIES]: Registry minecraft:item: Object did not get ID it asked for. Name: caerula_arbor:trailrite Expected: 1464 Got: 1616
[088月2026 14:53:57.515] [main/WARN] [net.minecraftforge.registries.ForgeRegistry/REGISTRIES]: Registry minecraft:item: Object did not get ID it asked for. Name: caerula_arbor:trailrite_axe Expected: 1465 Got: 1617
[088月2026 14:53:57.515] [main/WARN] [net.minecraftforge.registries.ForgeRegistry/REGISTRIES]: Registry minecraft:item: Object did not get ID it asked for. Name: caerula_arbor:bucket_runfish Expected: 1466 Got: 1618
[088月2026 14:53:57.515] [main/WARN] [net.minecraftforge.registries.ForgeRegistry/REGISTRIES]: Registry minecraft:item: Object did not get ID it asked for. Name: caerula_arbor:trailrite_sword Expected: 1467 Got: 1619
[088月2026 14:53:57.515] [main/WARN] [net.minecraftforge.registries.ForgeRegistry/REGISTRIES]: Registry minecraft:item: Object did not get ID it asked for. Name: caerula_arbor:bucket_slider Expected: 1468 Got: 1620
[088月2026 14:53:57.515] [main/WARN] [net.minecraftforge.registries.ForgeRegistry/REGISTRIES]: Registry minecraft:item: Object did not get ID it asked for. Name: caerula_arbor:trail_debris Expected: 1469 Got: 1621
[088月2026 14:53:57.516] [main/WARN] [net.minecraftforge.registries.ForgeRegistry/REGISTRIES]: Registry minecraft:item: Object did not get ID it asked for. Name: caerula_arbor:trail_shard Expected: 1470 Got: 1622
[088月2026 14:53:57.516] [main/WARN] [net.minecraftforge.registries.ForgeRegistry/REGISTRIES]: Registry minecraft:item: Object did not get ID it asked for. Name: caerula_arbor:trailrite_block Expected: 1471 Got: 1623
[088月2026 14:53:57.516] [main/WARN] [net.minecraftforge.registries.ForgeRegistry/REGISTRIES]: Registry minecraft:item: Object did not get ID it asked for. Name: caerula_arbor:apostle_prokaryote_spawn_egg Expected: 1472 Got: 1624
[088月2026 14:53:57.516] [main/WARN] [net.minecraftforge.registries.ForgeRegistry/REGISTRIES]: Registry minecraft:item: Object did not get ID it asked for. Name: caerula_arbor:bucket_chiseler Expected: 1473 Got: 1625
[088月2026 14:53:57.516] [main/WARN] [net.minecraftforge.registries.ForgeRegistry/REGISTRIES]: Registry minecraft:item: Object did not get ID it asked for. Name: caerula_arbor:bucket_floater Expected: 1474 Got: 1626
[088月2026 14:53:57.516] [main/WARN] [net.minecraftforge.registries.ForgeRegistry/REGISTRIES]: Registry minecraft:item: Object did not get ID it asked for. Name: caerula_arbor:bucket_bonefish Expected: 1475 Got: 1627
[088月2026 14:53:57.516] [main/WARN] [net.minecraftforge.registries.ForgeRegistry/REGISTRIES]: Registry minecraft:item: Object did not get ID it asked for. Name: caerula_arbor:bucket_collector Expected: 1476 Got: 1628
[088月2026 14:53:57.516] [main/WARN] [net.minecraftforge.registries.ForgeRegistry/REGISTRIES]: Registry minecraft:item: Object did not get ID it asked for. Name: caerula_arbor:wavecleaver Expected: 1477 Got: 1629
[088月2026 14:53:57.516] [main/WARN] [net.minecraftforge.registries.ForgeRegistry/REGISTRIES]: Registry minecraft:item: Object did not get ID it asked for. Name: caerula_arbor:trail_wall Expected: 1478 Got: 1630
[088月2026 14:53:57.517] [main/WARN] [net.minecraftforge.registries.ForgeRegistry/REGISTRIES]: Registry minecraft:item: Object did not get ID it asked for. Name: caerula_arbor:red_ovary Expected: 1479 Got: 1631
[088月2026 14:53:57.517] [main/WARN] [net.minecraftforge.registries.ForgeRegistry/REGISTRIES]: Registry minecraft:item: Object did not get ID it asked for. Name: caerula_arbor:accumulator_prokaryote_spawn_egg Expected: 1480 Got: 1632
[088月2026 14:53:57.517] [main/WARN] [net.minecraftforge.registries.ForgeRegistry/REGISTRIES]: Registry minecraft:item: Object did not get ID it asked for. Name: caerula_arbor:tideway_cradle Expected: 1481 Got: 1633
[088月2026 14:53:57.517] [main/WARN] [net.minecraftforge.registries.ForgeRegistry/REGISTRIES]: Registry minecraft:item: Object did not get ID it asked for. Name: caerula_arbor:smelly_hemostatic Expected: 1482 Got: 1634
[088月2026 14:53:57.517] [main/WARN] [net.minecraftforge.registries.ForgeRegistry/REGISTRIES]: Registry minecraft:item: Object did not get ID it asked for. Name: caerula_arbor:path_inaugurator Expected: 1483 Got: 1635
[088月2026 14:53:57.517] [main/WARN] [net.minecraftforge.registries.ForgeRegistry/REGISTRIES]: Registry minecraft:item: Object did not get ID it asked for. Name: caerula_arbor:cooked_fakeegg Expected: 1484 Got: 1636
[088月2026 14:53:57.517] [main/WARN] [net.minecraftforge.registries.ForgeRegistry/REGISTRIES]: Registry minecraft:item: Object did not get ID it asked for. Name: caerula_arbor:collector_meat Expected: 1485 Got: 1637
[088月2026 14:53:57.517] [main/WARN] [net.minecraftforge.registries.ForgeRegistry/REGISTRIES]: Registry minecraft:item: Object did not get ID it asked for. Name: caerula_arbor:cooked_collector Expected: 1486 Got: 1638
[088月2026 14:53:57.517] [main/WARN] [net.minecraftforge.registries.ForgeRegistry/REGISTRIES]: Registry minecraft:item: Object did not get ID it asked for. Name: caerula_arbor:claw Expected: 1487 Got: 1639
[088月2026 14:53:57.517] [main/WARN] [net.minecraftforge.registries.ForgeRegistry/REGISTRIES]: Registry minecraft:item: Object did not get ID it asked for. Name: caerula_arbor:cooked_claw Expected: 1488 Got: 1640
[088月2026 14:53:57.517] [main/WARN] [net.minecraftforge.registries.ForgeRegistry/REGISTRIES]: Registry minecraft:item: Object did not get ID it asked for. Name: caerula_arbor:seaborn_soup Expected: 1489 Got: 1641
[088月2026 14:53:57.518] [main/WARN] [net.minecraftforge.registries.ForgeRegistry/REGISTRIES]: Registry minecraft:item: Object did not get ID it asked for. Name: caerula_arbor:repeller_shell Expected: 1490 Got: 1642
[088月2026 14:53:57.518] [main/WARN] [net.minecraftforge.registries.ForgeRegistry/REGISTRIES]: Registry minecraft:item: Object did not get ID it asked for. Name: caerula_arbor:feeder_prokaryote_spawn_egg Expected: 1491 Got: 1643
[088月2026 14:53:57.518] [main/WARN] [net.minecraftforge.registries.ForgeRegistry/REGISTRIES]: Registry minecraft:item: Object did not get ID it asked for. Name: caerula_arbor:chest_fish_spawn_egg Expected: 1492 Got: 1644
[088月2026 14:53:57.518] [main/WARN] [net.minecraftforge.registries.ForgeRegistry/REGISTRIES]: Registry minecraft:item: Object did not get ID it asked for. Name: caerula_arbor:spike_chest_spawn_egg Expected: 1493 Got: 1645
[088月2026 14:53:57.518] [main/WARN] [net.minecraftforge.registries.ForgeRegistry/REGISTRIES]: Registry minecraft:item: Object did not get ID it asked for. Name: caerula_arbor:highmore_scythe Expected: 1494 Got: 1646
[088月2026 14:53:57.518] [main/WARN] [net.minecraftforge.registries.ForgeRegistry/REGISTRIES]: Registry minecraft:item: Object did not get ID it asked for. Name: caerula_arbor:saltwind_sandstone Expected: 1495 Got: 1647
[088月2026 14:53:57.518] [main/WARN] [net.minecraftforge.registries.ForgeRegistry/REGISTRIES]: Registry minecraft:item: Object did not get ID it asked for. Name: caerula_arbor:chiseled_saltwind_sandstone Expected: 1496 Got: 1648
[088月2026 14:53:57.518] [main/WARN] [net.minecraftforge.registries.ForgeRegistry/REGISTRIES]: Registry minecraft:item: Object did not get ID it asked for. Name: caerula_arbor:smooth_saltwind_sandatone Expected: 1497 Got: 1649
[088月2026 14:53:57.518] [main/WARN] [net.minecraftforge.registries.ForgeRegistry/REGISTRIES]: Registry minecraft:item: Object did not get ID it asked for. Name: caerula_arbor:saltwind_sand_stair Expected: 1498 Got: 1650
[088月2026 14:53:57.519] [main/WARN] [net.minecraftforge.registries.ForgeRegistry/REGISTRIES]: Registry minecraft:item: Object did not get ID it asked for. Name: caerula_arbor:saltwind_sand_slab Expected: 1499 Got: 1651
[088月2026 14:53:57.519] [main/WARN] [net.minecraftforge.registries.ForgeRegistry/REGISTRIES]: Registry minecraft:item: Object did not get ID it asked for. Name: caerula_arbor:smooth_saltwind_sand_stair Expected: 1500 Got: 1652
[088月2026 14:53:57.519] [main/WARN] [net.minecraftforge.registries.ForgeRegistry/REGISTRIES]: Registry minecraft:item: Object did not get ID it asked for. Name: caerula_arbor:smooth_saltwind_sand_slab Expected: 1501 Got: 1653
[088月2026 14:53:57.519] [main/WARN] [net.minecraftforge.registries.ForgeRegistry/REGISTRIES]: Registry minecraft:item: Object did not get ID it asked for. Name: caerula_arbor:saltwind_sand_wall Expected: 1502 Got: 1654
[088月2026 14:53:57.519] [main/WARN] [net.minecraftforge.registries.ForgeRegistry/REGISTRIES]: Registry minecraft:item: Object did not get ID it asked for. Name: caerula_arbor:chieseled_saltwind_sand_wall Expected: 1503 Got: 1655
[088月2026 14:53:57.519] [main/WARN] [net.minecraftforge.registries.ForgeRegistry/REGISTRIES]: Registry minecraft:item: Object did not get ID it asked for. Name: caerula_arbor:smooth_saltwind_sand_wall Expected: 1504 Got: 1656
[088月2026 14:53:57.519] [main/WARN] [net.minecraftforge.registries.ForgeRegistry/REGISTRIES]: Registry minecraft:item: Object did not get ID it asked for. Name: caerula_arbor:tide_bishop_core Expected: 1505 Got: 1657
[088月2026 14:53:57.519] [main/WARN] [net.minecraftforge.registries.ForgeRegistry/REGISTRIES]: Registry minecraft:item: Object did not get ID it asked for. Name: caerula_arbor:adv_item Expected: 1506 Got: 1658
[088月2026 14:53:57.519] [main/WARN] [net.minecraftforge.registries.ForgeRegistry/REGISTRIES]: Registry minecraft:item: Object did not get ID it asked for. Name: caerula_arbor:heteropic_piece Expected: 1507 Got: 1659
[088月2026 14:53:57.519] [main/WARN] [net.minecraftforge.registries.ForgeRegistry/REGISTRIES]: Registry minecraft:item: Object did not get ID it asked for. Name: caerula_arbor:heteropic_block Expected: 1508 Got: 1660
[088月2026 14:53:57.519] [main/WARN] [net.minecraftforge.registries.ForgeRegistry/REGISTRIES]: Registry minecraft:item: Object did not get ID it asked for. Name: caerula_arbor:trail_log Expected: 1509 Got: 1661
[088月2026 14:53:57.520] [main/WARN] [net.minecraftforge.registries.ForgeRegistry/REGISTRIES]: Registry minecraft:item: Object did not get ID it asked for. Name: caerula_arbor:trail_leave Expected: 1510 Got: 1662
[088月2026 14:53:57.520] [main/WARN] [net.minecraftforge.registries.ForgeRegistry/REGISTRIES]: Registry minecraft:item: Object did not get ID it asked for. Name: caerula_arbor:trail_plank Expected: 1511 Got: 1663
[088月2026 14:53:57.520] [main/WARN] [net.minecraftforge.registries.ForgeRegistry/REGISTRIES]: Registry minecraft:item: Object did not get ID it asked for. Name: caerula_arbor:trail_planks_fence Expected: 1512 Got: 1664
[088月2026 14:53:57.520] [main/WARN] [net.minecraftforge.registries.ForgeRegistry/REGISTRIES]: Registry minecraft:item: Object did not get ID it asked for. Name: caerula_arbor:trail_plank_fencedoor Expected: 1513 Got: 1665
[088月2026 14:53:57.520] [main/WARN] [net.minecraftforge.registries.ForgeRegistry/REGISTRIES]: Registry minecraft:item: Object did not get ID it asked for. Name: caerula_arbor:trail_plank_slab Expected: 1514 Got: 1666
[088月2026 14:53:57.520] [main/WARN] [net.minecraftforge.registries.ForgeRegistry/REGISTRIES]: Registry minecraft:item: Object did not get ID it asked for. Name: caerula_arbor:trail_plank_stair Expected: 1515 Got: 1667
[088月2026 14:53:57.520] [main/WARN] [net.minecraftforge.registries.ForgeRegistry/REGISTRIES]: Registry minecraft:item: Object did not get ID it asked for. Name: caerula_arbor:trail_plank_button Expected: 1516 Got: 1668
[088月2026 14:53:57.520] [main/WARN] [net.minecraftforge.registries.ForgeRegistry/REGISTRIES]: Registry minecraft:item: Object did not get ID it asked for. Name: caerula_arbor:trail_plank_pressure_plate Expected: 1517 Got: 1669
[088月2026 14:53:57.520] [main/WARN] [net.minecraftforge.registries.ForgeRegistry/REGISTRIES]: Registry minecraft:item: Object did not get ID it asked for. Name: caerula_arbor:stripped_trail_log Expected: 1518 Got: 1670
[088月2026 14:53:57.520] [main/WARN] [net.minecraftforge.registries.ForgeRegistry/REGISTRIES]: Registry minecraft:item: Object did not get ID it asked for. Name: caerula_arbor:tide_wand Expected: 1519 Got: 1671
[088月2026 14:53:57.520] [main/WARN] [net.minecraftforge.registries.ForgeRegistry/REGISTRIES]: Registry minecraft:item: Object did not get ID it asked for. Name: caerula_arbor:trail_plank_door Expected: 1520 Got: 1672
[088月2026 14:53:57.521] [main/WARN] [net.minecraftforge.registries.ForgeRegistry/REGISTRIES]: Registry minecraft:item: Object did not get ID it asked for. Name: caerula_arbor:trail_mop Expected: 1521 Got: 1673
[088月2026 14:53:57.521] [main/WARN] [net.minecraftforge.registries.ForgeRegistry/REGISTRIES]: Registry minecraft:item: Object did not get ID it asked for. Name: caerula_arbor:bloody_record Expected: 1522 Got: 1674
[088月2026 14:53:57.521] [main/WARN] [net.minecraftforge.registries.ForgeRegistry/REGISTRIES]: Registry minecraft:item: Object did not get ID it asked for. Name: caerula_arbor:saltsand Expected: 1523 Got: 1675
[088月2026 14:53:57.521] [main/WARN] [net.minecraftforge.registries.ForgeRegistry/REGISTRIES]: Registry minecraft:item: Object did not get ID it asked for. Name: caerula_arbor:skadi_spawn_egg Expected: 1524 Got: 1676
[088月2026 14:53:57.521] [main/WARN] [net.minecraftforge.registries.ForgeRegistry/REGISTRIES]: Registry minecraft:item: Object did not get ID it asked for. Name: caerula_arbor:sea_trail_burnt Expected: 1525 Got: 1677
[088月2026 14:53:57.521] [main/WARN] [net.minecraftforge.registries.ForgeRegistry/REGISTRIES]: Registry minecraft:item: Object did not get ID it asked for. Name: caerula_arbor:sea_trail_burnt_solid Expected: 1526 Got: 1678
[088月2026 14:53:57.521] [main/WARN] [net.minecraftforge.registries.ForgeRegistry/REGISTRIES]: Registry minecraft:item: Object did not get ID it asked for. Name: caerula_arbor:redstonium Expected: 1527 Got: 1679
[088月2026 14:53:57.521] [main/WARN] [net.minecraftforge.registries.ForgeRegistry/REGISTRIES]: Registry minecraft:item: Object did not get ID it asked for. Name: caerula_arbor:trail_powder Expected: 1528 Got: 1680
[088月2026 14:53:57.521] [main/WARN] [net.minecraftforge.registries.ForgeRegistry/REGISTRIES]: Registry minecraft:item: Object did not get ID it asked for. Name: caerula_arbor:trail_powder_core Expected: 1529 Got: 1681
[088月2026 14:53:57.522] [main/WARN] [net.minecraftforge.registries.ForgeRegistry/REGISTRIES]: Registry minecraft:item: Object did not get ID it asked for. Name: caerula_arbor:hunter_gene Expected: 1530 Got: 1682
[088月2026 14:53:57.522] [main/WARN] [net.minecraftforge.registries.ForgeRegistry/REGISTRIES]: Registry minecraft:item: Object did not get ID it asked for. Name: caerula_arbor:chestmega_spawner Expected: 1531 Got: 1683
[088月2026 14:53:57.522] [main/WARN] [net.minecraftforge.registries.ForgeRegistry/REGISTRIES]: Registry minecraft:item: Object did not get ID it asked for. Name: caerula_arbor:cracked_trail_brick Expected: 1532 Got: 1684
[088月2026 14:53:57.522] [main/WARN] [net.minecraftforge.registries.ForgeRegistry/REGISTRIES]: Registry minecraft:item: Object did not get ID it asked for. Name: caerula_arbor:saltwind_column Expected: 1533 Got: 1685
[088月2026 14:53:57.522] [main/WARN] [net.minecraftforge.registries.ForgeRegistry/REGISTRIES]: Registry minecraft:item: Object did not get ID it asked for. Name: caerula_arbor:block_chestfish Expected: 1534 Got: 1686
[088月2026 14:53:57.522] [main/WARN] [net.minecraftforge.registries.ForgeRegistry/REGISTRIES]: Registry minecraft:item: Object did not get ID it asked for. Name: caerula_arbor:lantern_judgement Expected: 1535 Got: 1687
[088月2026 14:53:57.522] [main/WARN] [net.minecraftforge.registries.ForgeRegistry/REGISTRIES]: Registry minecraft:item: Object did not get ID it asked for. Name: caerula_arbor:white_chitin_block Expected: 1536 Got: 1688
[088月2026 14:53:57.522] [main/WARN] [net.minecraftforge.registries.ForgeRegistry/REGISTRIES]: Registry minecraft:item: Object did not get ID it asked for. Name: caerula_arbor:depositer_prokaryote_spawn_egg Expected: 1537 Got: 1689
[088月2026 14:53:57.522] [main/WARN] [net.minecraftforge.registries.ForgeRegistry/REGISTRIES]: Registry minecraft:item: Object did not get ID it asked for. Name: caerula_arbor:saltwind_brick Expected: 1538 Got: 1690
[088月2026 14:53:57.522] [main/WARN] [net.minecraftforge.registries.ForgeRegistry/REGISTRIES]: Registry minecraft:item: Object did not get ID it asked for. Name: caerula_arbor:saltwind_smooth_brick Expected: 1539 Got: 1691
[088月2026 14:53:57.523] [main/WARN] [net.minecraftforge.registries.ForgeRegistry/REGISTRIES]: Registry minecraft:item: Object did not get ID it asked for. Name: caerula_arbor:saltwind_brick_slab Expected: 1540 Got: 1692
[088月2026 14:53:57.523] [main/WARN] [net.minecraftforge.registries.ForgeRegistry/REGISTRIES]: Registry minecraft:item: Object did not get ID it asked for. Name: caerula_arbor:saltwind_smooth_slab Expected: 1541 Got: 1693
[088月2026 14:53:57.523] [main/WARN] [net.minecraftforge.registries.ForgeRegistry/REGISTRIES]: Registry minecraft:item: Object did not get ID it asked for. Name: caerula_arbor:saltwind_stair Expected: 1542 Got: 1694
[088月2026 14:53:57.523] [main/WARN] [net.minecraftforge.registries.ForgeRegistry/REGISTRIES]: Registry minecraft:item: Object did not get ID it asked for. Name: caerula_arbor:white_chitin Expected: 1543 Got: 1695
[088月2026 14:53:57.523] [main/WARN] [net.minecraftforge.registries.ForgeRegistry/REGISTRIES]: Registry minecraft:item: Object did not get ID it asked for. Name: caerula_arbor:complexchitin_armor_helmet Expected: 1544 Got: 1696
[088月2026 14:53:57.523] [main/WARN] [net.minecraftforge.registries.ForgeRegistry/REGISTRIES]: Registry minecraft:item: Object did not get ID it asked for. Name: caerula_arbor:complexchitin_armor_chestplate Expected: 1545 Got: 1697
[088月2026 14:53:57.523] [main/WARN] [net.minecraftforge.registries.ForgeRegistry/REGISTRIES]: Registry minecraft:item: Object did not get ID it asked for. Name: caerula_arbor:complexchitin_armor_leggings Expected: 1546 Got: 1698
[088月2026 14:53:57.523] [main/WARN] [net.minecraftforge.registries.ForgeRegistry/REGISTRIES]: Registry minecraft:item: Object did not get ID it asked for. Name: caerula_arbor:complexchitin_armor_boots Expected: 1547 Got: 1699
[088月2026 14:53:57.523] [main/WARN] [net.minecraftforge.registries.ForgeRegistry/REGISTRIES]: Registry minecraft:item: Object did not get ID it asked for. Name: caerula_arbor:trail_wood_trapdoor Expected: 1548 Got: 1700
[088月2026 14:53:57.523] [main/WARN] [net.minecraftforge.registries.ForgeRegistry/REGISTRIES]: Registry minecraft:item: Object did not get ID it asked for. Name: caerula_arbor:trail_stone Expected: 1549 Got: 1701
[088月2026 14:53:57.524] [main/WARN] [net.minecraftforge.registries.ForgeRegistry/REGISTRIES]: Registry minecraft:item: Object did not get ID it asked for. Name: caerula_arbor:trail_pulse Expected: 1550 Got: 1702
[088月2026 14:53:57.524] [main/WARN] [net.minecraftforge.registries.ForgeRegistry/REGISTRIES]: Registry minecraft:item: Object did not get ID it asked for. Name: caerula_arbor:oceanized_villager_spawn_egg Expected: 1551 Got: 1703
[088月2026 14:53:57.524] [main/WARN] [net.minecraftforge.registries.ForgeRegistry/REGISTRIES]: Registry minecraft:item: Object did not get ID it asked for. Name: caerula_arbor:oceanized_vindicator_spawn_egg Expected: 1552 Got: 1704
[088月2026 14:53:57.524] [main/WARN] [net.minecraftforge.registries.ForgeRegistry/REGISTRIES]: Registry minecraft:item: Object did not get ID it asked for. Name: caerula_arbor:oceanized_pillager_spawn_egg Expected: 1553 Got: 1705
[088月2026 14:53:57.524] [main/WARN] [net.minecraftforge.registries.ForgeRegistry/REGISTRIES]: Registry minecraft:item: Object did not get ID it asked for. Name: caerula_arbor:unambiguous_direction Expected: 1554 Got: 1706
[088月2026 14:53:57.524] [main/WARN] [net.minecraftforge.registries.ForgeRegistry/REGISTRIES]: Registry minecraft:item: Object did not get ID it asked for. Name: caerula_arbor:oceanized_pig_spawn_egg Expected: 1555 Got: 1707
[088月2026 14:53:57.524] [main/WARN] [net.minecraftforge.registries.ForgeRegistry/REGISTRIES]: Registry minecraft:item: Object did not get ID it asked for. Name: caerula_arbor:trail_mushroom Expected: 1556 Got: 1708
[088月2026 14:53:57.525] [main/WARN] [net.minecraftforge.registries.ForgeRegistry/REGISTRIES]: Registry minecraft:item: Object did not get ID it asked for. Name: caerula_arbor:oceanized_cow_spawn_egg Expected: 1557 Got: 1709
[088月2026 14:53:57.525] [main/WARN] [net.minecraftforge.registries.ForgeRegistry/REGISTRIES]: Registry minecraft:item: Object did not get ID it asked for. Name: caerula_arbor:trail_apple Expected: 1558 Got: 1710
[088月2026 14:53:57.525] [main/WARN] [net.minecraftforge.registries.ForgeRegistry/REGISTRIES]: Registry minecraft:item: Object did not get ID it asked for. Name: caerula_arbor:oceanized_sheep_spawn_egg Expected: 1559 Got: 1711
[088月2026 14:53:57.525] [main/WARN] [net.minecraftforge.registries.ForgeRegistry/REGISTRIES]: Registry minecraft:item: Object did not get ID it asked for. Name: caerula_arbor:viviparous_lily Expected: 1560 Got: 1712
[088月2026 14:53:57.525] [main/WARN] [net.minecraftforge.registries.ForgeRegistry/REGISTRIES]: Registry minecraft:item: Object did not get ID it asked for. Name: caerula_arbor:huge_lily Expected: 1561 Got: 1713
[088月2026 14:53:57.525] [main/WARN] [net.minecraftforge.registries.ForgeRegistry/REGISTRIES]: Registry minecraft:item: Object did not get ID it asked for. Name: caerula_arbor:bomb_copper Expected: 1562 Got: 1714
[088月2026 14:53:57.525] [main/WARN] [net.minecraftforge.registries.ForgeRegistry/REGISTRIES]: Registry minecraft:item: Object did not get ID it asked for. Name: caerula_arbor:oceanized_horse_spawn_egg Expected: 1563 Got: 1715
[088月2026 14:53:57.525] [main/WARN] [net.minecraftforge.registries.ForgeRegistry/REGISTRIES]: Registry minecraft:item: Object did not get ID it asked for. Name: caerula_arbor:phloem_block Expected: 1564 Got: 1716
[088月2026 14:53:57.525] [main/WARN] [net.minecraftforge.registries.ForgeRegistry/REGISTRIES]: Registry minecraft:item: Object did not get ID it asked for. Name: caerula_arbor:fibre_block Expected: 1565 Got: 1717
[088月2026 14:53:57.525] [main/WARN] [net.minecraftforge.registries.ForgeRegistry/REGISTRIES]: Registry minecraft:item: Object did not get ID it asked for. Name: caerula_arbor:cooked_fibre_block Expected: 1566 Got: 1718
[088月2026 14:53:57.526] [main/WARN] [net.minecraftforge.registries.ForgeRegistry/REGISTRIES]: Registry minecraft:item: Object did not get ID it asked for. Name: caerula_arbor:unripe_yearning Expected: 1567 Got: 1719
[088月2026 14:53:57.526] [main/WARN] [net.minecraftforge.registries.ForgeRegistry/REGISTRIES]: Registry minecraft:item: Object did not get ID it asked for. Name: caerula_arbor:circular_saw Expected: 1568 Got: 1720
[088月2026 14:53:57.526] [main/WARN] [net.minecraftforge.registries.ForgeRegistry/REGISTRIES]: Registry minecraft:item: Object did not get ID it asked for. Name: caerula_arbor:oceanized_piglin_spawn_egg Expected: 1569 Got: 1721
[088月2026 14:53:57.526] [main/WARN] [net.minecraftforge.registries.ForgeRegistry/REGISTRIES]: Registry minecraft:item: Object did not get ID it asked for. Name: caerula_arbor:oceanized_brute_spawn_egg Expected: 1570 Got: 1722
[088月2026 14:53:57.526] [main/WARN] [net.minecraftforge.registries.ForgeRegistry/REGISTRIES]: Registry minecraft:item: Object did not get ID it asked for. Name: caerula_arbor:undertide_table Expected: 1571 Got: 1723
[088月2026 14:53:57.526] [main/WARN] [net.minecraftforge.registries.ForgeRegistry/REGISTRIES]: Registry minecraft:item: Object did not get ID it asked for. Name: caerula_arbor:undertide_spawn Expected: 1572 Got: 1724
[088月2026 14:53:57.526] [main/WARN] [net.minecraftforge.registries.ForgeRegistry/REGISTRIES]: Registry minecraft:item: Object did not get ID it asked for. Name: caerula_arbor:oceanized_spider_spawn_egg Expected: 1573 Got: 1725
[088月2026 14:53:57.526] [main/WARN] [net.minecraftforge.registries.ForgeRegistry/REGISTRIES]: Registry minecraft:item: Object did not get ID it asked for. Name: caerula_arbor:trail_golden_apple Expected: 1574 Got: 1726
[088月2026 14:53:57.526] [main/WARN] [net.minecraftforge.registries.ForgeRegistry/REGISTRIES]: Registry minecraft:item: Object did not get ID it asked for. Name: caerula_arbor:enchanted_trail_golden_apple Expected: 1575 Got: 1727
[088月2026 14:53:57.526] [main/WARN] [net.minecraftforge.registries.ForgeRegistry/REGISTRIES]: Registry minecraft:item: Object did not get ID it asked for. Name: caerula_arbor:ruler Expected: 1576 Got: 1728
[088月2026 14:53:57.527] [main/WARN] [net.minecraftforge.registries.ForgeRegistry/REGISTRIES]: Registry minecraft:item: Object did not get ID it asked for. Name: caerula_arbor:oceanized_enderman_spawn_egg Expected: 1577 Got: 1729
[088月2026 14:53:57.527] [main/WARN] [net.minecraftforge.registries.ForgeRegistry/REGISTRIES]: Registry minecraft:item: Object did not get ID it asked for. Name: caerula_arbor:oceanized_wolf_spawn_egg Expected: 1578 Got: 1730
[088月2026 14:53:57.527] [main/WARN] [net.minecraftforge.registries.ForgeRegistry/REGISTRIES]: Registry minecraft:item: Object did not get ID it asked for. Name: caerula_arbor:oceanized_dog_spawn_egg Expected: 1579 Got: 1731
[088月2026 14:53:57.527] [main/WARN] [net.minecraftforge.registries.ForgeRegistry/REGISTRIES]: Registry minecraft:item: Object did not get ID it asked for. Name: caerula_arbor:rejection_key Expected: 1580 Got: 1732
[088月2026 14:53:57.527] [main/WARN] [net.minecraftforge.registries.ForgeRegistry/REGISTRIES]: Registry minecraft:item: Object did not get ID it asked for. Name: caerula_arbor:tulip_medcine Expected: 1581 Got: 1733
[088月2026 14:53:57.527] [main/WARN] [net.minecraftforge.registries.ForgeRegistry/REGISTRIES]: Registry minecraft:item: Object did not get ID it asked for. Name: caerula_arbor:immunosuppressor Expected: 1582 Got: 1734
[088月2026 14:53:57.527] [main/WARN] [net.minecraftforge.registries.ForgeRegistry/REGISTRIES]: Registry minecraft:item: Object did not get ID it asked for. Name: caerula_arbor:oil_and_cream Expected: 1583 Got: 1735
[088月2026 14:53:57.527] [main/WARN] [net.minecraftforge.registries.ForgeRegistry/REGISTRIES]: Registry minecraft:item: Object did not get ID it asked for. Name: caerula_arbor:oceanized_ravager_spawn_egg Expected: 1584 Got: 1736
[088月2026 14:53:57.527] [main/WARN] [net.minecraftforge.registries.ForgeRegistry/REGISTRIES]: Registry minecraft:item: Object did not get ID it asked for. Name: caerula_arbor:oceanized_witch_spawn_egg Expected: 1585 Got: 1737
[088月2026 14:53:57.527] [main/WARN] [net.minecraftforge.registries.ForgeRegistry/REGISTRIES]: Registry minecraft:item: Object did not get ID it asked for. Name: caerula_arbor:izumik_offspring_spawn_egg Expected: 1586 Got: 1738
[088月2026 14:53:57.527] [main/WARN] [net.minecraftforge.registries.ForgeRegistry/REGISTRIES]: Registry minecraft:item: Object did not get ID it asked for. Name: caerula_arbor:deep_seagrass Expected: 1587 Got: 1739
[088月2026 14:53:57.527] [main/WARN] [net.minecraftforge.registries.ForgeRegistry/REGISTRIES]: Registry minecraft:item: Object did not get ID it asked for. Name: caerula_arbor:sea_trail_stop Expected: 1588 Got: 1740
[088月2026 14:53:57.528] [main/WARN] [net.minecraftforge.registries.ForgeRegistry/REGISTRIES]: Registry minecraft:item: Object did not get ID it asked for. Name: caerula_arbor:water_logged_pearl Expected: 1589 Got: 1741
[088月2026 14:53:57.528] [main/WARN] [net.minecraftforge.registries.ForgeRegistry/REGISTRIES]: Registry minecraft:item: Object did not get ID it asked for. Name: caerula_arbor:quintus_spawnegg Expected: 1590 Got: 1742
[088月2026 14:53:57.528] [main/WARN] [net.minecraftforge.registries.ForgeRegistry/REGISTRIES]: Registry minecraft:item: Object did not get ID it asked for. Name: caerula_arbor:path_shaper_spawnegg Expected: 1591 Got: 1743
[088月2026 14:53:57.528] [main/WARN] [net.minecraftforge.registries.ForgeRegistry/REGISTRIES]: Registry minecraft:item: Object did not get ID it asked for. Name: caerula_arbor:tide_bishop_spawnegg Expected: 1592 Got: 1744
[088月2026 14:53:57.528] [main/WARN] [net.minecraftforge.registries.ForgeRegistry/REGISTRIES]: Registry minecraft:item: Object did not get ID it asked for. Name: caerula_arbor:deathrepeller_spawnegg Expected: 1593 Got: 1745
[088月2026 14:53:57.528] [main/WARN] [net.minecraftforge.registries.ForgeRegistry/REGISTRIES]: Registry minecraft:item: Object did not get ID it asked for. Name: caerula_arbor:highmore_spawnegg Expected: 1594 Got: 1746
[088月2026 14:53:57.528] [main/WARN] [net.minecraftforge.registries.ForgeRegistry/REGISTRIES]: Registry minecraft:item: Object did not get ID it asked for. Name: caerula_arbor:izumik_spawnegg Expected: 1595 Got: 1747
[088月2026 14:53:57.528] [main/WARN] [net.minecraftforge.registries.ForgeRegistry/REGISTRIES]: Registry minecraft:item: Object did not get ID it asked for. Name: caerula_arbor:colourfull_jelly Expected: 1596 Got: 1748
[088月2026 14:53:57.528] [main/WARN] [net.minecraftforge.registries.ForgeRegistry/REGISTRIES]: Registry minecraft:item: Object did not get ID it asked for. Name: caerula_arbor:chitin_shield Expected: 1597 Got: 1749
[088月2026 14:53:57.529] [main/WARN] [net.minecraftforge.registries.ForgeRegistry/REGISTRIES]: Registry minecraft:item: Object did not get ID it asked for. Name: caerula_arbor:complex_chitin_shield Expected: 1598 Got: 1750
[088月2026 14:53:57.529] [main/WARN] [net.minecraftforge.registries.ForgeRegistry/REGISTRIES]: Registry minecraft:item: Object did not get ID it asked for. Name: caerula_arbor:highmore_spawnblock Expected: 1599 Got: 1751
[088月2026 14:53:57.529] [main/WARN] [net.minecraftforge.registries.ForgeRegistry/REGISTRIES]: Registry minecraft:item: Object did not get ID it asked for. Name: caerula_arbor:crisis_table Expected: 1600 Got: 1752
[088月2026 14:53:57.529] [main/WARN] [net.minecraftforge.registries.ForgeRegistry/REGISTRIES]: Registry minecraft:item: Object did not get ID it asked for. Name: caerula_arbor:oceanized_evoker_spawn_egg Expected: 1601 Got: 1753
[088月2026 14:53:57.529] [main/WARN] [net.minecraftforge.registries.ForgeRegistry/REGISTRIES]: Registry minecraft:item: Object did not get ID it asked for. Name: caerula_arbor:idv_izumik Expected: 1602 Got: 1754
[088月2026 14:53:57.529] [main/WARN] [net.minecraftforge.registries.ForgeRegistry/REGISTRIES]: Registry minecraft:item: Object did not get ID it asked for. Name: caerula_arbor:fruit_jelly Expected: 1603 Got: 1755
[088月2026 14:53:57.529] [main/WARN] [net.minecraftforge.registries.ForgeRegistry/REGISTRIES]: Registry minecraft:item: Object did not get ID it asked for. Name: caerula_arbor:junior_warrior_priest_spawn_egg Expected: 1604 Got: 1756
[088月2026 14:53:57.529] [main/WARN] [net.minecraftforge.registries.ForgeRegistry/REGISTRIES]: Registry minecraft:item: Object did not get ID it asked for. Name: caerula_arbor:warrior_priest_spawn_egg Expected: 1605 Got: 1757
[088月2026 14:53:57.529] [main/WARN] [net.minecraftforge.registries.ForgeRegistry/REGISTRIES]: Registry minecraft:item: Object did not get ID it asked for. Name: caerula_arbor:correctional_phalanxy_infantry_spawn_egg Expected: 1606 Got: 1758
[088月2026 14:53:57.529] [main/WARN] [net.minecraftforge.registries.ForgeRegistry/REGISTRIES]: Registry minecraft:item: Object did not get ID it asked for. Name: caerula_arbor:correctional_phalax_vanguard_spawn_egg Expected: 1607 Got: 1759
[088月2026 14:53:57.529] [main/WARN] [net.minecraftforge.registries.ForgeRegistry/REGISTRIES]: Registry minecraft:item: Object did not get ID it asked for. Name: caerula_arbor:fax Expected: 1608 Got: 1760
[088月2026 14:53:57.529] [main/WARN] [net.minecraftforge.registries.ForgeRegistry/REGISTRIES]: Registry minecraft:item: Object did not get ID it asked for. Name: caerula_arbor:treaty_copper Expected: 1609 Got: 1761
[088月2026 14:53:57.530] [main/WARN] [net.minecraftforge.registries.ForgeRegistry/REGISTRIES]: Registry minecraft:item: Object did not get ID it asked for. Name: caerula_arbor:treaty_empty Expected: 1610 Got: 1762
[088月2026 14:53:57.530] [main/WARN] [net.minecraftforge.registries.ForgeRegistry/REGISTRIES]: Registry minecraft:item: Object did not get ID it asked for. Name: caerula_arbor:treaty_iron Expected: 1611 Got: 1763
[088月2026 14:53:57.530] [main/WARN] [net.minecraftforge.registries.ForgeRegistry/REGISTRIES]: Registry minecraft:item: Object did not get ID it asked for. Name: caerula_arbor:treaty_gold Expected: 1612 Got: 1764
[088月2026 14:53:57.530] [main/WARN] [net.minecraftforge.registries.ForgeRegistry/REGISTRIES]: Registry minecraft:item: Object did not get ID it asked for. Name: caerula_arbor:treaty_diamond Expected: 1613 Got: 1765
[088月2026 14:53:57.530] [main/WARN] [net.minecraftforge.registries.ForgeRegistry/REGISTRIES]: Registry minecraft:item: Object did not get ID it asked for. Name: caerula_arbor:treaty_netherite Expected: 1614 Got: 1766
[088月2026 14:53:57.530] [main/WARN] [net.minecraftforge.registries.ForgeRegistry/REGISTRIES]: Registry minecraft:item: Object did not get ID it asked for. Name: caerula_arbor:emerald_treaty Expected: 1615 Got: 1767
[088月2026 14:53:57.530] [main/WARN] [net.minecraftforge.registries.ForgeRegistry/REGISTRIES]: Registry minecraft:item: Object did not get ID it asked for. Name: caerula_arbor:tribunal_healer_spawn_egg Expected: 1616 Got: 1768
[088月2026 14:53:57.530] [main/WARN] [net.minecraftforge.registries.ForgeRegistry/REGISTRIES]: Registry minecraft:item: Object did not get ID it asked for. Name: caerula_arbor:interphone Expected: 1617 Got: 1769
[088月2026 14:53:57.530] [main/WARN] [net.minecraftforge.registries.ForgeRegistry/REGISTRIES]: Registry minecraft:item: Object did not get ID it asked for. Name: caerula_arbor:banned_item Expected: 1618 Got: 1770
[088月2026 14:53:57.530] [main/WARN] [net.minecraftforge.registries.ForgeRegistry/REGISTRIES]: Registry minecraft:item: Object did not get ID it asked for. Name: caerula_arbor:the_abandoned_spawn_egg Expected: 1619 Got: 1771
[088月2026 14:53:57.530] [main/WARN] [net.minecraftforge.registries.ForgeRegistry/REGISTRIES]: Registry minecraft:item: Object did not get ID it asked for. Name: caerula_arbor:unfinished_beauty Expected: 1620 Got: 1772
[088月2026 14:53:57.530] [main/WARN] [net.minecraftforge.registries.ForgeRegistry/REGISTRIES]: Registry minecraft:item: Object did not get ID it asked for. Name: caerula_arbor:ocean_cavair Expected: 1621 Got: 1773
[088月2026 14:53:57.530] [main/WARN] [net.minecraftforge.registries.ForgeRegistry/REGISTRIES]: Registry minecraft:item: Object did not get ID it asked for. Name: caerula_arbor:elite_cavair Expected: 1622 Got: 1774
[088月2026 14:53:57.530] [main/WARN] [net.minecraftforge.registries.ForgeRegistry/REGISTRIES]: Registry minecraft:item: Object did not get ID it asked for. Name: caerula_arbor:martus_spawnegg Expected: 1623 Got: 1775
[088月2026 14:53:57.531] [main/WARN] [net.minecraftforge.registries.ForgeRegistry/REGISTRIES]: Registry minecraft:item: Object did not get ID it asked for. Name: caerula_arbor:kebab_raw Expected: 1624 Got: 1776
[088月2026 14:53:57.531] [main/WARN] [net.minecraftforge.registries.ForgeRegistry/REGISTRIES]: Registry minecraft:item: Object did not get ID it asked for. Name: caerula_arbor:kebab_cooked Expected: 1625 Got: 1777
[088月2026 14:53:57.531] [main/WARN] [net.minecraftforge.registries.ForgeRegistry/REGISTRIES]: Registry minecraft:item: Object did not get ID it asked for. Name: caerula_arbor:gunmu_spawn_egg Expected: 1626 Got: 1778
[088月2026 14:53:57.531] [main/WARN] [net.minecraftforge.registries.ForgeRegistry/REGISTRIES]: Registry minecraft:item: Object did not get ID it asked for. Name: caerula_arbor:nethersea_pumpkin_pie Expected: 1627 Got: 1779
[088月2026 14:53:57.531] [main/WARN] [net.minecraftforge.registries.ForgeRegistry/REGISTRIES]: Registry minecraft:item: Object did not get ID it asked for. Name: caerula_arbor:nethersea_stew Expected: 1628 Got: 1780
[088月2026 14:53:57.531] [main/WARN] [net.minecraftforge.registries.ForgeRegistry/REGISTRIES]: Registry minecraft:item: Object did not get ID it asked for. Name: caerula_arbor:record_whisper Expected: 1629 Got: 1781
[088月2026 14:53:57.531] [main/WARN] [net.minecraftforge.registries.ForgeRegistry/REGISTRIES]: Registry minecraft:item: Object did not get ID it asked for. Name: caerula_arbor:moist_echo_shard Expected: 1630 Got: 1782
[088月2026 14:53:57.531] [main/WARN] [net.minecraftforge.registries.ForgeRegistry/REGISTRIES]: Registry minecraft:item: Object did not get ID it asked for. Name: caerula_arbor:oceanized_warden_spawnegg Expected: 1631 Got: 1783
[088月2026 14:53:57.531] [main/WARN] [net.minecraftforge.registries.ForgeRegistry/REGISTRIES]: Registry minecraft:item: Object did not get ID it asked for. Name: caerula_arbor:mutagenisis_capsule Expected: 1632 Got: 1784
[088月2026 14:53:57.531] [main/WARN] [net.minecraftforge.registries.ForgeRegistry/REGISTRIES]: Registry minecraft:item: Object did not get ID it asked for. Name: caerula_arbor:echo_jelly Expected: 1633 Got: 1785
[088月2026 14:53:57.531] [main/WARN] [net.minecraftforge.registries.ForgeRegistry/REGISTRIES]: Registry minecraft:item: Object did not get ID it asked for. Name: caerula_arbor:apocalypse Expected: 1634 Got: 1786
[088月2026 14:53:57.531] [main/WARN] [net.minecraftforge.registries.ForgeRegistry/REGISTRIES]: Registry minecraft:item: Object did not get ID it asked for. Name: caerula_arbor:oceanized_cat_spawn_egg Expected: 1635 Got: 1787
[088月2026 14:53:57.531] [main/WARN] [net.minecraftforge.registries.ForgeRegistry/REGISTRIES]: Registry minecraft:item: Object did not get ID it asked for. Name: caerula_arbor:super_big_cat_spawn_egg Expected: 1636 Got: 1788
[088月2026 14:53:57.532] [main/WARN] [net.minecraftforge.registries.ForgeRegistry/REGISTRIES]: Registry minecraft:item: Object did not get ID it asked for. Name: caerula_arbor:oceanize_catalyst Expected: 1637 Got: 1789
[088月2026 14:53:57.532] [main/WARN] [net.minecraftforge.registries.ForgeRegistry/REGISTRIES]: Registry minecraft:item: Object did not get ID it asked for. Name: caerula_arbor:anchor_shard Expected: 1638 Got: 1790
[088月2026 14:53:57.532] [main/WARN] [net.minecraftforge.registries.ForgeRegistry/REGISTRIES]: Registry minecraft:item: Object did not get ID it asked for. Name: caerula_arbor:anchor_forge_ingot Expected: 1639 Got: 1791
[088月2026 14:53:57.532] [main/WARN] [net.minecraftforge.registries.ForgeRegistry/REGISTRIES]: Registry minecraft:item: Object did not get ID it asked for. Name: caerula_arbor:hand_anchor Expected: 1640 Got: 1792
[088月2026 14:53:57.532] [main/WARN] [net.minecraftforge.registries.ForgeRegistry/REGISTRIES]: Registry minecraft:item: Object did not get ID it asked for. Name: caerula_arbor:complex_chitin_golem_spawn_egg Expected: 1641 Got: 1793
[088月2026 14:53:57.532] [main/WARN] [net.minecraftforge.registries.ForgeRegistry/REGISTRIES]: Registry minecraft:item: Object did not get ID it asked for. Name: caerula_arbor:highmore_spawning_block Expected: 1642 Got: 1794
[088月2026 14:53:57.532] [main/WARN] [net.minecraftforge.registries.ForgeRegistry/REGISTRIES]: Registry minecraft:item: Object did not get ID it asked for. Name: caerula_arbor:tidelinked_shield Expected: 1643 Got: 1795
[088月2026 14:53:57.532] [main/WARN] [net.minecraftforge.registries.ForgeRegistry/REGISTRIES]: Registry minecraft:item: Object did not get ID it asked for. Name: caerula_arbor:tidelinked_wand Expected: 1644 Got: 1796
[088月2026 14:53:57.532] [main/WARN] [net.minecraftforge.registries.ForgeRegistry/REGISTRIES]: Registry minecraft:item: Object did not get ID it asked for. Name: caerula_arbor:golden_chalise Expected: 1645 Got: 1797
[088月2026 14:53:57.532] [main/WARN] [net.minecraftforge.registries.ForgeRegistry/REGISTRIES]: Registry minecraft:item: Object did not get ID it asked for. Name: caerula_arbor:emergency_aid_building Expected: 1646 Got: 1798
[088月2026 14:53:57.532] [main/WARN] [net.minecraftforge.registries.ForgeRegistry/REGISTRIES]: Registry minecraft:item: Object did not get ID it asked for. Name: caerula_arbor:emergency_aid_building_salviento Expected: 1647 Got: 1799
[088月2026 14:53:57.532] [main/WARN] [net.minecraftforge.registries.ForgeRegistry/REGISTRIES]: Registry minecraft:item: Object did not get ID it asked for. Name: caerula_arbor:mizuki_statue Expected: 1648 Got: 1800
[088月2026 14:53:57.532] [main/WARN] [net.minecraftforge.registries.ForgeRegistry/REGISTRIES]: Registry minecraft:item: Object did not get ID it asked for. Name: caerula_arbor:record_endospore Expected: 1649 Got: 1801
[088月2026 14:53:57.533] [main/WARN] [net.minecraftforge.registries.ForgeRegistry/REGISTRIES]: Registry minecraft:item: Object did not get ID it asked for. Name: caerula_arbor:nucleic_maleficent_spawn_egg Expected: 1650 Got: 1802
[088月2026 14:53:57.533] [main/WARN] [net.minecraftforge.registries.ForgeRegistry/REGISTRIES]: Registry minecraft:item: Object did not get ID it asked for. Name: caerula_arbor:shell_of_stonecutter Expected: 1651 Got: 1803
[088月2026 14:53:57.533] [main/WARN] [net.minecraftforge.registries.ForgeRegistry/REGISTRIES]: Registry minecraft:item: Object did not get ID it asked for. Name: caerula_arbor:pocket_sea_doll Expected: 1652 Got: 1804
[088月2026 14:53:57.533] [main/WARN] [net.minecraftforge.registries.ForgeRegistry/REGISTRIES]: Registry minecraft:item: Object did not get ID it asked for. Name: caerula_arbor:swarmcaller_doll Expected: 1653 Got: 1805
[088月2026 14:53:57.533] [main/WARN] [net.minecraftforge.registries.ForgeRegistry/REGISTRIES]: Registry minecraft:item: Object did not get ID it asked for. Name: caerula_arbor:stonecutter_doll Expected: 1654 Got: 1806
[088月2026 14:53:57.533] [main/WARN] [net.minecraftforge.registries.ForgeRegistry/REGISTRIES]: Registry minecraft:item: Object did not get ID it asked for. Name: caerula_arbor:moist_star Expected: 1655 Got: 1807
[088月2026 14:53:57.533] [main/WARN] [net.minecraftforge.registries.ForgeRegistry/REGISTRIES]: Registry minecraft:item: Object did not get ID it asked for. Name: caerula_arbor:nethersea_soul_sand Expected: 1656 Got: 1808
[088月2026 14:53:57.533] [main/WARN] [net.minecraftforge.registries.ForgeRegistry/REGISTRIES]: Registry minecraft:item: Object did not get ID it asked for. Name: caerula_arbor:oceanized_wither_spawnegg Expected: 1657 Got: 1809
[088月2026 14:53:57.533] [main/WARN] [net.minecraftforge.registries.ForgeRegistry/REGISTRIES]: Registry minecraft:item: Object did not get ID it asked for. Name: caerula_arbor:caerula_book_shelf Expected: 1658 Got: 1810
[088月2026 14:53:57.533] [main/WARN] [net.minecraftforge.registries.ForgeRegistry/REGISTRIES]: Registry minecraft:item: Object did not get ID it asked for. Name: caerula_arbor:record_path_ahead Expected: 1659 Got: 1811
[088月2026 14:53:57.534] [main/WARN] [net.minecraftforge.registries.ForgeRegistry/REGISTRIES]: Registry minecraft:item: Object did not get ID it asked for. Name: caerula_arbor:abandoned_sulpture Expected: 1660 Got: 1812
[088月2026 14:53:57.534] [main/WARN] [net.minecraftforge.registries.ForgeRegistry/REGISTRIES]: Registry minecraft:item: Object did not get ID it asked for. Name: caerula_arbor:nethersea_icecream Expected: 1661 Got: 1813
[088月2026 14:53:57.534] [main/WARN] [net.minecraftforge.registries.ForgeRegistry/REGISTRIES]: Registry minecraft:item: Object did not get ID it asked for. Name: caerula_arbor:goodsquids_serverer Expected: 1662 Got: 1814
[088月2026 14:53:57.534] [main/WARN] [net.minecraftforge.registries.ForgeRegistry/REGISTRIES]: Registry minecraft:item: Object did not get ID it asked for. Name: caerula_arbor:nourished_apple_pie Expected: 1663 Got: 1815
[088月2026 14:53:57.534] [main/WARN] [net.minecraftforge.registries.ForgeRegistry/REGISTRIES]: Registry minecraft:item: Object did not get ID it asked for. Name: caerula_arbor:last_knight_spawner Expected: 1664 Got: 1816
[088月2026 14:53:57.534] [main/WARN] [net.minecraftforge.registries.ForgeRegistry/REGISTRIES]: Registry minecraft:item: Object did not get ID it asked for. Name: caerula_arbor:diorite_sculpture Expected: 1665 Got: 1817
[088月2026 14:53:57.534] [main/WARN] [net.minecraftforge.registries.ForgeRegistry/REGISTRIES]: Registry minecraft:item: Object did not get ID it asked for. Name: caerula_arbor:rocinante_spawn_egg Expected: 1666 Got: 1818
[088月2026 14:53:57.535] [main/WARN] [net.minecraftforge.registries.ForgeRegistry/REGISTRIES]: Registry minecraft:item: Object did not get ID it asked for. Name: caerula_arbor:apocata_spawn_egg Expected: 1667 Got: 1819
[088月2026 14:53:57.535] [main/WARN] [net.minecraftforge.registries.ForgeRegistry/REGISTRIES]: Registry minecraft:item: Object did not get ID it asked for. Name: caerula_arbor:knight_corpse Expected: 1668 Got: 1820
[088月2026 14:53:57.535] [main/WARN] [net.minecraftforge.registries.ForgeRegistry/REGISTRIES]: Registry minecraft:item: Object did not get ID it asked for. Name: caerula_arbor:iron_sword_of_knight_corpus Expected: 1669 Got: 1821
[088月2026 14:53:57.535] [main/WARN] [net.minecraftforge.registries.ForgeRegistry/REGISTRIES]: Registry minecraft:item: Object did not get ID it asked for. Name: caerula_arbor:long_sword_of_knight_corpus Expected: 1670 Got: 1822
[088月2026 14:53:57.535] [main/WARN] [net.minecraftforge.registries.ForgeRegistry/REGISTRIES]: Registry minecraft:item: Object did not get ID it asked for. Name: caerula_arbor:tide_hunet_template Expected: 1671 Got: 1823
[088月2026 14:53:57.535] [main/WARN] [net.minecraftforge.registries.ForgeRegistry/REGISTRIES]: Registry minecraft:item: Object did not get ID it asked for. Name: caerula_arbor:dna_horse Expected: 1672 Got: 1824
[088月2026 14:53:57.535] [main/WARN] [net.minecraftforge.registries.ForgeRegistry/REGISTRIES]: Registry minecraft:item: Object did not get ID it asked for. Name: caerula_arbor:rocinante_injector Expected: 1673 Got: 1825
[088月2026 14:53:57.535] [main/WARN] [net.minecraftforge.registries.ForgeRegistry/REGISTRIES]: Registry minecraft:item: Object did not get ID it asked for. Name: caerula_arbor:martus_book Expected: 1674 Got: 1826
[088月2026 14:53:57.536] [main/WARN] [net.minecraftforge.registries.ForgeRegistry/REGISTRIES]: Registry minecraft:item: Object did not get ID it asked for. Name: caerula_arbor:oceanized_fox_spawn_egg Expected: 1675 Got: 1827
[088月2026 14:53:57.536] [main/WARN] [net.minecraftforge.registries.ForgeRegistry/REGISTRIES]: Registry minecraft:item: Object did not get ID it asked for. Name: caerula_arbor:tidutant_excrescence_spawn_egg Expected: 1676 Got: 1828
[088月2026 14:53:57.536] [main/WARN] [net.minecraftforge.registries.ForgeRegistry/REGISTRIES]: Registry minecraft:item: Object did not get ID it asked for. Name: caerula_arbor:breath_of_tide Expected: 1677 Got: 1829
[088月2026 14:53:57.536] [main/WARN] [net.minecraftforge.registries.ForgeRegistry/REGISTRIES]: Registry minecraft:item: Object did not get ID it asked for. Name: caerula_arbor:oceanized_polar_bear_spawn_egg Expected: 1678 Got: 1830
[088月2026 14:53:57.536] [main/WARN] [net.minecraftforge.registries.ForgeRegistry/REGISTRIES]: Registry minecraft:item: Object did not get ID it asked for. Name: caerula_arbor:fluore_icecream Expected: 1679 Got: 1831
[088月2026 14:53:57.536] [main/WARN] [net.minecraftforge.registries.ForgeRegistry/REGISTRIES]: Registry minecraft:item: Object did not get ID it asked for. Name: caerula_arbor:oceanglass_cup Expected: 1680 Got: 1832
[088月2026 14:53:57.536] [main/WARN] [net.minecraftforge.registries.ForgeRegistry/REGISTRIES]: Registry minecraft:item: Object did not get ID it asked for. Name: caerula_arbor:a_cup_of_water Expected: 1681 Got: 1833
[088月2026 14:53:57.536] [main/WARN] [net.minecraftforge.registries.ForgeRegistry/REGISTRIES]: Registry minecraft:item: Object did not get ID it asked for. Name: caerula_arbor:deep_seagrass_juice Expected: 1682 Got: 1834
[088月2026 14:53:57.537] [main/WARN] [net.minecraftforge.registries.ForgeRegistry/REGISTRIES]: Registry minecraft:item: Object did not get ID it asked for. Name: caerula_arbor:caramel_seagrass_juice Expected: 1683 Got: 1835
[088月2026 14:53:57.537] [main/WARN] [net.minecraftforge.registries.ForgeRegistry/REGISTRIES]: Registry minecraft:item: Object did not get ID it asked for. Name: caerula_arbor:colourful_apple_juice Expected: 1684 Got: 1836
[088月2026 14:53:57.537] [main/WARN] [net.minecraftforge.registries.ForgeRegistry/REGISTRIES]: Registry minecraft:item: Object did not get ID it asked for. Name: caerula_arbor:nethersea_coffee Expected: 1685 Got: 1837
[088月2026 14:53:57.537] [main/WARN] [net.minecraftforge.registries.ForgeRegistry/REGISTRIES]: Registry minecraft:item: Object did not get ID it asked for. Name: caerula_arbor:nethersea_stimutant Expected: 1686 Got: 1838
[088月2026 14:53:57.537] [main/WARN] [net.minecraftforge.registries.ForgeRegistry/REGISTRIES]: Registry minecraft:item: Object did not get ID it asked for. Name: caerula_arbor:fluore_berry_juice Expected: 1687 Got: 1839
[088月2026 14:53:57.537] [main/WARN] [net.minecraftforge.registries.ForgeRegistry/REGISTRIES]: Registry minecraft:item: Object did not get ID it asked for. Name: caerula_arbor:tidutant_rock_spider_spawn_egg Expected: 1688 Got: 1840
[088月2026 14:53:57.537] [main/WARN] [net.minecraftforge.registries.ForgeRegistry/REGISTRIES]: Registry minecraft:item: Object did not get ID it asked for. Name: caerula_arbor:endspeaker_spawnegg Expected: 1689 Got: 1841
[088月2026 14:53:57.537] [main/WARN] [net.minecraftforge.registries.ForgeRegistry/REGISTRIES]: Registry minecraft:item: Object did not get ID it asked for. Name: caerula_arbor:lingering_fractal_spawn_egg Expected: 1690 Got: 1842
[088月2026 14:53:57.538] [main/WARN] [net.minecraftforge.registries.ForgeRegistry/REGISTRIES]: Registry minecraft:item: Object did not get ID it asked for. Name: caerula_arbor:endspeaker_nest Expected: 1691 Got: 1843
[088月2026 14:53:57.538] [main/WARN] [net.minecraftforge.registries.ForgeRegistry/REGISTRIES]: Registry minecraft:item: Object did not get ID it asked for. Name: caerula_arbor:item_helper Expected: 1692 Got: 1844
[088月2026 14:53:57.538] [main/WARN] [net.minecraftforge.registries.ForgeRegistry/REGISTRIES]: Registry minecraft:item: Object did not get ID it asked for. Name: caerula_arbor:item_helper_al_1s Expected: 1693 Got: 1845
[088月2026 14:53:57.538] [main/WARN] [net.minecraftforge.registries.ForgeRegistry/REGISTRIES]: Registry minecraft:item: Object did not get ID it asked for. Name: caerula_arbor:dictationless_chapter Expected: 1694 Got: 1846
[088月2026 14:53:57.538] [main/WARN] [net.minecraftforge.registries.ForgeRegistry/REGISTRIES]: Registry minecraft:item: Object did not get ID it asked for. Name: caerula_arbor:lanc_xiao Expected: 1695 Got: 1847
[088月2026 14:53:57.538] [main/WARN] [net.minecraftforge.registries.ForgeRegistry/REGISTRIES]: Registry minecraft:item: Object did not get ID it asked for. Name: caerula_arbor:damage_tester_spawn_egg Expected: 1696 Got: 1848
[088月2026 14:53:57.538] [main/WARN] [net.minecraftforge.registries.ForgeRegistry/REGISTRIES]: Registry minecraft:item: Object did not get ID it asked for. Name: caerula_arbor:apocata_sword Expected: 1697 Got: 1849
[088月2026 14:53:57.538] [main/WARN] [net.minecraftforge.registries.ForgeRegistry/REGISTRIES]: Registry minecraft:item: Object did not get ID it asked for. Name: caerula_arbor:chitin_ingot Expected: 1698 Got: 1850
[088月2026 14:53:57.539] [main/WARN] [net.minecraftforge.registries.ForgeRegistry/REGISTRIES]: Registry minecraft:item: Object did not get ID it asked for. Name: caerula_arbor:ulpians_spawn_egg Expected: 1699 Got: 1851
[088月2026 14:53:57.539] [main/WARN] [net.minecraftforge.registries.ForgeRegistry/REGISTRIES]: Registry minecraft:item: Object did not get ID it asked for. Name: caerula_arbor:gladiia_spawn_egg Expected: 1700 Got: 1852
[088月2026 14:53:57.539] [main/WARN] [net.minecraftforge.registries.ForgeRegistry/REGISTRIES]: Registry minecraft:item: Object did not get ID it asked for. Name: caerula_arbor:operation_table Expected: 1701 Got: 1853
[088月2026 14:53:57.539] [main/WARN] [net.minecraftforge.registries.ForgeRegistry/REGISTRIES]: Registry minecraft:item: Object did not get ID it asked for. Name: caerula_arbor:centrifuger Expected: 1702 Got: 1854
[088月2026 14:53:57.539] [main/WARN] [net.minecraftforge.registries.ForgeRegistry/REGISTRIES]: Registry minecraft:item: Object did not get ID it asked for. Name: caerula_arbor:targeted_base Expected: 1703 Got: 1855
[088月2026 14:53:57.539] [main/WARN] [net.minecraftforge.registries.ForgeRegistry/REGISTRIES]: Registry minecraft:item: Object did not get ID it asked for. Name: caerula_arbor:hunter_gene_skadi Expected: 1704 Got: 1856
[088月2026 14:53:57.539] [main/WARN] [net.minecraftforge.registries.ForgeRegistry/REGISTRIES]: Registry minecraft:item: Object did not get ID it asked for. Name: caerula_arbor:hunter_gene_ulpians Expected: 1705 Got: 1857
[088月2026 14:53:57.539] [main/WARN] [net.minecraftforge.registries.ForgeRegistry/REGISTRIES]: Registry minecraft:item: Object did not get ID it asked for. Name: caerula_arbor:hunter_gene_gladiia Expected: 1706 Got: 1858
[088月2026 14:53:57.540] [main/WARN] [net.minecraftforge.registries.ForgeRegistry/REGISTRIES]: Registry minecraft:item: Object did not get ID it asked for. Name: caerula_arbor:targeted_transmitter_skadi Expected: 1707 Got: 1859
[088月2026 14:53:57.540] [main/WARN] [net.minecraftforge.registries.ForgeRegistry/REGISTRIES]: Registry minecraft:item: Object did not get ID it asked for. Name: caerula_arbor:targeted_transmitter_ulpians Expected: 1708 Got: 1860
[088月2026 14:53:57.540] [main/WARN] [net.minecraftforge.registries.ForgeRegistry/REGISTRIES]: Registry minecraft:item: Object did not get ID it asked for. Name: caerula_arbor:targeted_transmitter_gladiia Expected: 1709 Got: 1861
[088月2026 14:53:57.540] [main/WARN] [net.minecraftforge.registries.ForgeRegistry/REGISTRIES]: Registry minecraft:item: Object did not get ID it asked for. Name: caerula_arbor:personnel_transporter Expected: 1710 Got: 1862
[088月2026 14:53:57.540] [main/WARN] [net.minecraftforge.registries.ForgeRegistry/REGISTRIES]: Registry minecraft:item: Object did not get ID it asked for. Name: caerula_arbor:injector Expected: 1711 Got: 1863
[088月2026 14:53:57.540] [main/WARN] [net.minecraftforge.registries.ForgeRegistry/REGISTRIES]: Registry minecraft:item: Object did not get ID it asked for. Name: caerula_arbor:dictation_chapter Expected: 1712 Got: 1864
[088月2026 14:53:57.540] [main/WARN] [net.minecraftforge.registries.ForgeRegistry/REGISTRIES]: Registry minecraft:item: Object did not get ID it asked for. Name: caerula_arbor:base_operation_kit Expected: 1713 Got: 1865
[088月2026 14:53:57.541] [main/WARN] [net.minecraftforge.registries.ForgeRegistry/REGISTRIES]: Registry minecraft:item: Object did not get ID it asked for. Name: caerula_arbor:operation_kit_skadi Expected: 1714 Got: 1866
[088月2026 14:53:57.541] [main/WARN] [net.minecraftforge.registries.ForgeRegistry/REGISTRIES]: Registry minecraft:item: Object did not get ID it asked for. Name: caerula_arbor:operation_kit_ulpians Expected: 1715 Got: 1867
[088月2026 14:53:57.541] [main/WARN] [net.minecraftforge.registries.ForgeRegistry/REGISTRIES]: Registry minecraft:item: Object did not get ID it asked for. Name: caerula_arbor:operation_kit_gladiia Expected: 1716 Got: 1868
[088月2026 14:53:57.541] [main/WARN] [net.minecraftforge.registries.ForgeRegistry/REGISTRIES]: Registry minecraft:item: Object did not get ID it asked for. Name: caerula_arbor:sealeather_chitin_helmet Expected: 1717 Got: 1869
[088月2026 14:53:57.541] [main/WARN] [net.minecraftforge.registries.ForgeRegistry/REGISTRIES]: Registry minecraft:item: Object did not get ID it asked for. Name: caerula_arbor:sealeather_chitin_chestplate Expected: 1718 Got: 1870
[088月2026 14:53:57.541] [main/WARN] [net.minecraftforge.registries.ForgeRegistry/REGISTRIES]: Registry minecraft:item: Object did not get ID it asked for. Name: caerula_arbor:sealeather_chitin_leggings Expected: 1719 Got: 1871
[088月2026 14:53:57.541] [main/WARN] [net.minecraftforge.registries.ForgeRegistry/REGISTRIES]: Registry minecraft:item: Object did not get ID it asked for. Name: caerula_arbor:sealeather_chitin_boots Expected: 1720 Got: 1872
[088月2026 14:53:57.541] [main/WARN] [net.minecraftforge.registries.ForgeRegistry/REGISTRIES]: Registry minecraft:item: Object did not get ID it asked for. Name: caerula_arbor:nethersea_wood Expected: 1721 Got: 1873
[088月2026 14:53:57.541] [main/WARN] [net.minecraftforge.registries.ForgeRegistry/REGISTRIES]: Registry minecraft:item: Object did not get ID it asked for. Name: caerula_arbor:stripped_nethersea_wood Expected: 1722 Got: 1874
[088月2026 14:53:57.542] [main/WARN] [net.minecraftforge.registries.ForgeRegistry/REGISTRIES]: Registry minecraft:item: Object did not get ID it asked for. Name: caerula_arbor:specter_spawn_egg Expected: 1723 Got: 1875
[088月2026 14:53:57.542] [main/WARN] [net.minecraftforge.registries.ForgeRegistry/REGISTRIES]: Registry minecraft:item: Object did not get ID it asked for. Name: caerula_arbor:hunter_gene_specter Expected: 1724 Got: 1876
[088月2026 14:53:57.542] [main/WARN] [net.minecraftforge.registries.ForgeRegistry/REGISTRIES]: Registry minecraft:item: Object did not get ID it asked for. Name: caerula_arbor:operation_kit_specter Expected: 1725 Got: 1877
[088月2026 14:53:57.542] [main/WARN] [net.minecraftforge.registries.ForgeRegistry/REGISTRIES]: Registry minecraft:item: Object did not get ID it asked for. Name: caerula_arbor:targeted_transmitter_specter Expected: 1726 Got: 1878
[088月2026 14:53:57.542] [main/WARN] [net.minecraftforge.registries.ForgeRegistry/REGISTRIES]: Registry minecraft:item: Object did not get ID it asked for. Name: caerula_arbor:aegir_lancet Expected: 1727 Got: 1879
[088月2026 14:53:57.542] [main/WARN] [net.minecraftforge.registries.ForgeRegistry/REGISTRIES]: Registry minecraft:item: Object did not get ID it asked for. Name: caerula_arbor:broken_sea Expected: 1728 Got: 1880
[088月2026 14:53:57.542] [main/WARN] [net.minecraftforge.registries.ForgeRegistry/REGISTRIES]: Registry minecraft:item: Object did not get ID it asked for. Name: caerula_arbor:pale_gold_pendant Expected: 1729 Got: 1881
[088月2026 14:53:57.542] [main/WARN] [net.minecraftforge.registries.ForgeRegistry/REGISTRIES]: Registry minecraft:item: Object did not get ID it asked for. Name: caerula_arbor:irene_spawn_egg Expected: 1730 Got: 1882
[088月2026 14:53:57.542] [main/WARN] [net.minecraftforge.registries.ForgeRegistry/REGISTRIES]: Registry minecraft:item: Object did not get ID it asked for. Name: caerula_arbor:tide_chimera_spawn_egg Expected: 1731 Got: 1883
[088月2026 14:53:57.542] [main/WARN] [net.minecraftforge.registries.ForgeRegistry/REGISTRIES]: Registry minecraft:item: Object did not get ID it asked for. Name: caerula_arbor:aegir_sword Expected: 1732 Got: 1884
[088月2026 14:53:57.543] [main/WARN] [net.minecraftforge.registries.ForgeRegistry/REGISTRIES]: Registry minecraft:item: Object did not get ID it asked for. Name: caerula_arbor:skadi_sword Expected: 1733 Got: 1885
[088月2026 14:53:57.543] [main/WARN] [net.minecraftforge.registries.ForgeRegistry/REGISTRIES]: Registry minecraft:item: Object did not get ID it asked for. Name: caerula_arbor:moist_bag Expected: 1734 Got: 1886
[088月2026 14:53:57.543] [main/WARN] [net.minecraftforge.registries.ForgeRegistry/REGISTRIES]: Registry minecraft:item: Object did not get ID it asked for. Name: caerula_arbor:corrupted_heart_spawner Expected: 1735 Got: 1887
[088月2026 14:53:57.543] [main/WARN] [net.minecraftforge.registries.ForgeRegistry/REGISTRIES]: Registry minecraft:item: Object did not get ID it asked for. Name: caerula_arbor:incandescent_anima Expected: 1736 Got: 1888
[088月2026 14:53:57.543] [main/WARN] [net.minecraftforge.registries.ForgeRegistry/REGISTRIES]: Registry minecraft:item: Object did not get ID it asked for. Name: caerula_arbor:isharmla_remain Expected: 1737 Got: 1889
[088月2026 14:53:57.543] [main/WARN] [net.minecraftforge.registries.ForgeRegistry/REGISTRIES]: Registry minecraft:item: Object did not get ID it asked for. Name: caerula_arbor:record_undertides Expected: 1738 Got: 1890
[088月2026 14:53:57.543] [main/WARN] [net.minecraftforge.registries.ForgeRegistry/REGISTRIES]: Registry minecraft:item: Object did not get ID it asked for. Name: caerula_arbor:aegir_glass_deco Expected: 1739 Got: 1891
[088月2026 14:53:57.543] [main/WARN] [net.minecraftforge.registries.ForgeRegistry/REGISTRIES]: Registry minecraft:item: Object did not get ID it asked for. Name: caerula_arbor:aegir_glass_bar Expected: 1740 Got: 1892
[088月2026 14:53:57.543] [main/WARN] [net.minecraftforge.registries.ForgeRegistry/REGISTRIES]: Registry minecraft:item: Object did not get ID it asked for. Name: caerula_arbor:aegir_glass_arch Expected: 1741 Got: 1893
[088月2026 14:53:57.543] [main/WARN] [net.minecraftforge.registries.ForgeRegistry/REGISTRIES]: Registry minecraft:item: Object did not get ID it asked for. Name: caerula_arbor:record_deepness Expected: 1742 Got: 1894
[088月2026 14:53:57.544] [main/WARN] [net.minecraftforge.registries.ForgeRegistry/REGISTRIES]: Registry minecraft:item: Object did not get ID it asked for. Name: caerula_arbor:oceanize_rabbit_spawn_egg Expected: 1743 Got: 1895
[088月2026 14:53:57.544] [main/WARN] [net.minecraftforge.registries.ForgeRegistry/REGISTRIES]: Registry minecraft:item: Object did not get ID it asked for. Name: caerula_arbor:chitin_bow Expected: 1744 Got: 1896
[088月2026 14:53:57.544] [main/WARN] [net.minecraftforge.registries.ForgeRegistry/REGISTRIES]: Registry minecraft:item: Object did not get ID it asked for. Name: caerula_arbor:coral_feet Expected: 1745 Got: 1897
[088月2026 14:53:57.544] [main/WARN] [net.minecraftforge.registries.ForgeRegistry/REGISTRIES]: Registry minecraft:item: Object did not get ID it asked for. Name: caerula_arbor:saint_carmen_spawn_egg Expected: 1746 Got: 1898
[088月2026 14:53:57.544] [main/WARN] [net.minecraftforge.registries.ForgeRegistry/REGISTRIES]: Registry minecraft:item: Object did not get ID it asked for. Name: caerula_arbor:saltwind_smooth_stair Expected: 1747 Got: 1899
[088月2026 14:53:57.544] [main/WARN] [net.minecraftforge.registries.ForgeRegistry/REGISTRIES]: Registry minecraft:item: Object did not get ID it asked for. Name: caerula_arbor:carmen_treaty Expected: 1748 Got: 1900
[088月2026 14:53:57.544] [main/WARN] [net.minecraftforge.registries.ForgeRegistry/REGISTRIES]: Registry minecraft:item: Object did not get ID it asked for. Name: caerula_arbor:oceanized_illusioner_spawner Expected: 1749 Got: 1901
[088月2026 14:53:57.544] [main/WARN] [net.minecraftforge.registries.ForgeRegistry/REGISTRIES]: Registry minecraft:item: Object did not get ID it asked for. Name: caerula_arbor:ocean_illusion_spawn_egg Expected: 1750 Got: 1902
[088月2026 14:53:57.545] [main/WARN] [net.minecraftforge.registries.ForgeRegistry/REGISTRIES]: Registry minecraft:item: Object did not get ID it asked for. Name: caerula_arbor:trailrite_armor_helmet Expected: 1751 Got: 1903
[088月2026 14:53:57.545] [main/WARN] [net.minecraftforge.registries.ForgeRegistry/REGISTRIES]: Registry minecraft:item: Object did not get ID it asked for. Name: caerula_arbor:trailrite_armor_chestplate Expected: 1752 Got: 1904
[088月2026 14:53:57.545] [main/WARN] [net.minecraftforge.registries.ForgeRegistry/REGISTRIES]: Registry minecraft:item: Object did not get ID it asked for. Name: caerula_arbor:trailrite_armor_leggings Expected: 1753 Got: 1905
[088月2026 14:53:57.545] [main/WARN] [net.minecraftforge.registries.ForgeRegistry/REGISTRIES]: Registry minecraft:item: Object did not get ID it asked for. Name: caerula_arbor:trailrite_armor_boots Expected: 1754 Got: 1906
[088月2026 14:53:57.545] [main/WARN] [net.minecraftforge.registries.ForgeRegistry/REGISTRIES]: Registry minecraft:item: Object did not get ID it asked for. Name: caerula_arbor:illusioner_banner Expected: 1755 Got: 1907
[088月2026 14:53:57.545] [main/WARN] [net.minecraftforge.registries.ForgeRegistry/REGISTRIES]: Registry minecraft:item: Object did not get ID it asked for. Name: caerula_arbor:flamarine_statue_spawn_egg Expected: 1756 Got: 1908
[088月2026 14:53:57.545] [main/WARN] [net.minecraftforge.registries.ForgeRegistry/REGISTRIES]: Registry minecraft:item: Object did not get ID it asked for. Name: caerula_arbor:living_armorstand Expected: 1757 Got: 1909
[088月2026 14:53:57.545] [main/WARN] [net.minecraftforge.registries.ForgeRegistry/REGISTRIES]: Registry minecraft:item: Object did not get ID it asked for. Name: caerula_arbor:nautilus_headhunter_spawn_egg Expected: 1758 Got: 1910
[088月2026 14:53:57.545] [main/WARN] [net.minecraftforge.registries.ForgeRegistry/REGISTRIES]: Registry minecraft:item: Object did not get ID it asked for. Name: caerula_arbor:xantis_spawn_egg Expected: 1759 Got: 1911
[088月2026 14:53:57.546] [main/WARN] [net.minecraftforge.registries.ForgeRegistry/REGISTRIES]: Registry minecraft:item: Object did not get ID it asked for. Name: caerula_arbor:flamarine_upgrade_template Expected: 1760 Got: 1912
[088月2026 14:53:57.546] [main/WARN] [net.minecraftforge.registries.ForgeRegistry/REGISTRIES]: Registry minecraft:item: Object did not get ID it asked for. Name: caerula_arbor:flamarine_golem_spawn_egg Expected: 1761 Got: 1913
[088月2026 14:53:57.546] [main/WARN] [net.minecraftforge.registries.ForgeRegistry/REGISTRIES]: Registry minecraft:item: Object did not get ID it asked for. Name: caerula_arbor:trailrite_armorstand Expected: 1762 Got: 1914
[088月2026 14:53:57.546] [main/WARN] [net.minecraftforge.registries.ForgeRegistry/REGISTRIES]: Registry minecraft:item: Object did not get ID it asked for. Name: caerula_arbor:trailrite_pickaxe Expected: 1763 Got: 1915
[088月2026 14:53:57.546] [main/WARN] [net.minecraftforge.registries.ForgeRegistry/REGISTRIES]: Registry minecraft:item: Object did not get ID it asked for. Name: caerula_arbor:trailrite_hoe Expected: 1764 Got: 1916
[088月2026 14:53:57.546] [main/WARN] [net.minecraftforge.registries.ForgeRegistry/REGISTRIES]: Registry minecraft:item: Object did not get ID it asked for. Name: caerula_arbor:trailrite_shovel Expected: 1765 Got: 1917
[088月2026 14:53:57.546] [main/WARN] [net.minecraftforge.registries.ForgeRegistry/REGISTRIES]: Registry minecraft:item: Object did not get ID it asked for. Name: caerula_arbor:oceanized_vex_spawn_egg Expected: 1766 Got: 1918
[088月2026 14:53:57.546] [main/WARN] [net.minecraftforge.registries.ForgeRegistry/REGISTRIES]: Registry minecraft:item: Object did not get ID it asked for. Name: caerula_arbor:knight_iron_helmet Expected: 1767 Got: 1919
[088月2026 14:53:57.546] [main/WARN] [net.minecraftforge.registries.ForgeRegistry/REGISTRIES]: Registry minecraft:item: Object did not get ID it asked for. Name: caerula_arbor:knight_iron_chestplate Expected: 1768 Got: 1920
[088月2026 14:53:57.547] [main/WARN] [net.minecraftforge.registries.ForgeRegistry/REGISTRIES]: Registry minecraft:item: Object did not get ID it asked for. Name: caerula_arbor:knight_iron_leggings Expected: 1769 Got: 1921
[088月2026 14:53:57.547] [main/WARN] [net.minecraftforge.registries.ForgeRegistry/REGISTRIES]: Registry minecraft:item: Object did not get ID it asked for. Name: caerula_arbor:knight_iron_boots Expected: 1770 Got: 1922
[088月2026 14:53:57.547] [main/WARN] [net.minecraftforge.registries.ForgeRegistry/REGISTRIES]: Registry minecraft:item: Object did not get ID it asked for. Name: caerula_arbor:isharmla_spawner Expected: 1771 Got: 1923
[088月2026 14:53:57.547] [main/WARN] [net.minecraftforge.registries.ForgeRegistry/REGISTRIES]: Registry minecraft:item: Object did not get ID it asked for. Name: caerula_arbor:qunyou_wanted_isharmla_spawn_egg Expected: 1772 Got: 1924
[088月2026 14:53:57.547] [main/WARN] [net.minecraftforge.registries.ForgeRegistry/REGISTRIES]: Registry minecraft:item: Object did not get ID it asked for. Name: caerula_arbor:isharmla_tear_spawn_egg Expected: 1773 Got: 1925
[088月2026 14:53:57.547] [main/WARN] [net.minecraftforge.registries.ForgeRegistry/REGISTRIES]: Registry minecraft:item: Object did not get ID it asked for. Name: caerula_arbor:mizuki_determination Expected: 1774 Got: 1926
[088月2026 14:53:57.547] [main/WARN] [net.minecraftforge.registries.ForgeRegistry/REGISTRIES]: Registry minecraft:item: Object did not get ID it asked for. Name: caerula_arbor:leviathan_animus Expected: 1775 Got: 1927
[088月2026 14:53:57.547] [main/WARN] [net.minecraftforge.registries.ForgeRegistry/REGISTRIES]: Registry minecraft:item: Object did not get ID it asked for. Name: caerula_arbor:record_isharmla Expected: 1776 Got: 1928
[088月2026 14:53:57.547] [main/WARN] [net.minecraftforge.registries.ForgeRegistry/REGISTRIES]: Registry minecraft:item: Object did not get ID it asked for. Name: caerula_arbor:tear_isharmla Expected: 1777 Got: 1929
[088月2026 14:53:57.547] [main/WARN] [net.minecraftforge.registries.ForgeRegistry/REGISTRIES]: Registry minecraft:item: Object did not get ID it asked for. Name: caerula_arbor:isharmla_scute Expected: 1778 Got: 1930
[088月2026 14:53:57.548] [main/WARN] [net.minecraftforge.registries.ForgeRegistry/REGISTRIES]: Registry minecraft:item: Object did not get ID it asked for. Name: caerula_arbor:isharmla_brick Expected: 1779 Got: 1931
[088月2026 14:53:57.548] [main/WARN] [net.minecraftforge.registries.ForgeRegistry/REGISTRIES]: Registry minecraft:item: Object did not get ID it asked for. Name: caerula_arbor:isharmla_brick_pillar Expected: 1780 Got: 1932
[088月2026 14:53:57.548] [main/WARN] [net.minecraftforge.registries.ForgeRegistry/REGISTRIES]: Registry minecraft:item: Object did not get ID it asked for. Name: caerula_arbor:isharmla_brick_chiesled Expected: 1781 Got: 1933
[088月2026 14:53:57.548] [main/WARN] [net.minecraftforge.registries.ForgeRegistry/REGISTRIES]: Registry minecraft:item: Object did not get ID it asked for. Name: caerula_arbor:isharmla_brick_gilded Expected: 1782 Got: 1934
[088月2026 14:53:57.548] [main/WARN] [net.minecraftforge.registries.ForgeRegistry/REGISTRIES]: Registry minecraft:item: Object did not get ID it asked for. Name: caerula_arbor:isharmla_slab Expected: 1783 Got: 1935
[088月2026 14:53:57.548] [main/WARN] [net.minecraftforge.registries.ForgeRegistry/REGISTRIES]: Registry minecraft:item: Object did not get ID it asked for. Name: caerula_arbor:isharmla_stair Expected: 1784 Got: 1936
[088月2026 14:53:57.548] [main/WARN] [net.minecraftforge.registries.ForgeRegistry/REGISTRIES]: Registry minecraft:item: Object did not get ID it asked for. Name: caerula_arbor:isharmla_wall Expected: 1785 Got: 1937
[088月2026 14:53:57.548] [main/WARN] [net.minecraftforge.registries.ForgeRegistry/REGISTRIES]: Registry minecraft:item: Object did not get ID it asked for. Name: caerula_arbor:isharmla_wall_chiesled Expected: 1786 Got: 1938
[088月2026 14:53:57.548] [main/WARN] [net.minecraftforge.registries.ForgeRegistry/REGISTRIES]: Registry minecraft:item: Object did not get ID it asked for. Name: caerula_arbor:isharmla_wall_gilded Expected: 1787 Got: 1939
[088月2026 14:53:57.548] [main/WARN] [net.minecraftforge.registries.ForgeRegistry/REGISTRIES]: Registry minecraft:item: Object did not get ID it asked for. Name: caerula_arbor:compassion_prayer_spawn_egg Expected: 1788 Got: 1940
[088月2026 14:53:57.548] [main/WARN] [net.minecraftforge.registries.ForgeRegistry/REGISTRIES]: Registry minecraft:item: Object did not get ID it asked for. Name: caerula_arbor:moist_ender_crystal_spawn_egg Expected: 1789 Got: 1941
[088月2026 14:53:57.549] [main/WARN] [net.minecraftforge.registries.ForgeRegistry/REGISTRIES]: Registry minecraft:item: Object did not get ID it asked for. Name: caerula_arbor:enderina_spawner Expected: 1790 Got: 1942
[088月2026 14:53:57.549] [main/WARN] [net.minecraftforge.registries.ForgeRegistry/REGISTRIES]: Registry minecraft:item: Object did not get ID it asked for. Name: caerula_arbor:dragon_brand Expected: 1791 Got: 1943
[088月2026 14:53:57.549] [main/WARN] [net.minecraftforge.registries.ForgeRegistry/REGISTRIES]: Registry minecraft:item: Object did not get ID it asked for. Name: caerula_arbor:moist_crystal_item Expected: 1792 Got: 1944
[088月2026 14:53:57.549] [main/WARN] [net.minecraftforge.registries.ForgeRegistry/REGISTRIES]: Registry minecraft:item: Object did not get ID it asked for. Name: caerula_arbor:enderina_core Expected: 1793 Got: 1945
[088月2026 14:53:57.549] [main/WARN] [net.minecraftforge.registries.ForgeRegistry/REGISTRIES]: Registry minecraft:item: Object did not get ID it asked for. Name: caerula_arbor:moist_dragon_heart Expected: 1794 Got: 1946
[088月2026 14:53:57.549] [main/WARN] [net.minecraftforge.registries.ForgeRegistry/REGISTRIES]: Registry minecraft:item: Object did not get ID it asked for. Name: caerula_arbor:dragon_wand Expected: 1795 Got: 1947
[088月2026 14:53:57.549] [main/WARN] [net.minecraftforge.registries.ForgeRegistry/REGISTRIES]: Registry minecraft:item: Object did not get ID it asked for. Name: caerula_arbor:caerula_book_holder Expected: 1796 Got: 1948
[088月2026 14:53:57.549] [main/WARN] [net.minecraftforge.registries.ForgeRegistry/REGISTRIES]: Registry minecraft:item: Object did not get ID it asked for. Name: caerula_arbor:thirster_spawn_egg Expected: 1797 Got: 1949
[088月2026 14:53:57.549] [main/WARN] [net.minecraftforge.registries.ForgeRegistry/REGISTRIES]: Registry minecraft:item: Object did not get ID it asked for. Name: caerula_arbor:absorber_limb_spawn_egg Expected: 1798 Got: 1950
[088月2026 14:53:57.549] [main/WARN] [net.minecraftforge.registries.ForgeRegistry/REGISTRIES]: Registry minecraft:item: Object did not get ID it asked for. Name: caerula_arbor:nervous_regeneration Expected: 1799 Got: 1951
[088月2026 14:53:57.549] [main/WARN] [net.minecraftforge.registries.ForgeRegistry/REGISTRIES]: Registry minecraft:item: Object did not get ID it asked for. Name: caerula_arbor:thirst_coral Expected: 1800 Got: 1952
[088月2026 14:53:57.549] [main/WARN] [net.minecraftforge.registries.ForgeRegistry/REGISTRIES]: Registry minecraft:item: Object did not get ID it asked for. Name: caerula_arbor:complex_chitin_bow Expected: 1801 Got: 1953
[088月2026 14:53:57.549] [main/WARN] [net.minecraftforge.registries.ForgeRegistry/REGISTRIES]: Registry minecraft:item: Object did not get ID it asked for. Name: caerula_arbor:trailrite_bow Expected: 1802 Got: 1954
[088月2026 14:53:57.549] [main/WARN] [net.minecraftforge.registries.ForgeRegistry/REGISTRIES]: Registry minecraft:item: Object did not get ID it asked for. Name: caerula_arbor:trailrite_arrow Expected: 1803 Got: 1955
[088月2026 14:53:57.549] [main/WARN] [net.minecraftforge.registries.ForgeRegistry/REGISTRIES]: Registry minecraft:item: Object did not get ID it asked for. Name: caerula_arbor:trailrite_nugget Expected: 1804 Got: 1956
[088月2026 14:53:57.549] [main/WARN] [net.minecraftforge.registries.ForgeRegistry/REGISTRIES]: Registry minecraft:item: Object did not get ID it asked for. Name: caerula_arbor:scream_chest_fish_spawn_egg Expected: 1805 Got: 1957
[088月2026 14:53:57.550] [main/WARN] [net.minecraftforge.registries.ForgeRegistry/REGISTRIES]: Registry minecraft:item: Object did not get ID it asked for. Name: caerula_arbor:oceanized_chicken_spawn_egg Expected: 1806 Got: 1958
[088月2026 14:53:57.550] [main/WARN] [net.minecraftforge.registries.ForgeRegistry/REGISTRIES]: Registry minecraft:item: Object did not get ID it asked for. Name: caerula_arbor:nethersea_chicken_egg Expected: 1807 Got: 1959
[088月2026 14:53:57.550] [main/WARN] [net.minecraftforge.registries.ForgeRegistry/REGISTRIES]: Registry minecraft:item: Object did not get ID it asked for. Name: caerula_arbor:nethersea_egg_custard Expected: 1808 Got: 1960
[088月2026 14:53:57.550] [main/WARN] [net.minecraftforge.registries.ForgeRegistry/REGISTRIES]: Registry minecraft:item: Object did not get ID it asked for. Name: caerula_arbor:nethersea_preserved_egg Expected: 1809 Got: 1961
[088月2026 14:53:57.550] [main/WARN] [net.minecraftforge.registries.ForgeRegistry/REGISTRIES]: Registry minecraft:item: Object did not get ID it asked for. Name: caerula_arbor:nethersea_slime_spawn_egg Expected: 1810 Got: 1962
[088月2026 14:53:57.550] [main/WARN] [net.minecraftforge.registries.ForgeRegistry/REGISTRIES]: Registry minecraft:item: Object did not get ID it asked for. Name: caerula_arbor:oceanized_shulker_spawn_egg Expected: 1811 Got: 1963
[088月2026 14:53:57.550] [main/WARN] [net.minecraftforge.registries.ForgeRegistry/REGISTRIES]: Registry minecraft:item: Object did not get ID it asked for. Name: caerula_arbor:nurture_gene_set Expected: 1812 Got: 1964
[088月2026 14:53:57.550] [main/WARN] [net.minecraftforge.registries.ForgeRegistry/REGISTRIES]: Registry minecraft:item: Object did not get ID it asked for. Name: caerula_arbor:gene_sample_normal Expected: 1813 Got: 1965
[088月2026 14:53:57.550] [main/WARN] [net.minecraftforge.registries.ForgeRegistry/REGISTRIES]: Registry minecraft:item: Object did not get ID it asked for. Name: caerula_arbor:gene_sample_upgraded Expected: 1814 Got: 1966
[088月2026 14:53:57.551] [main/WARN] [net.minecraftforge.registries.ForgeRegistry/REGISTRIES]: Registry minecraft:item: Object did not get ID it asked for. Name: caerula_arbor:gene_sample_superb Expected: 1815 Got: 1967
[088月2026 14:53:57.551] [main/WARN] [net.minecraftforge.registries.ForgeRegistry/REGISTRIES]: Registry minecraft:item: Object did not get ID it asked for. Name: caerula_arbor:nethersea_sampling Expected: 1816 Got: 1968
[088月2026 14:53:57.551] [main/WARN] [net.minecraftforge.registries.ForgeRegistry/REGISTRIES]: Registry minecraft:item: Object did not get ID it asked for. Name: caerula_arbor:archive_sal_viento Expected: 1817 Got: 1969
[088月2026 14:53:57.551] [main/WARN] [net.minecraftforge.registries.ForgeRegistry/REGISTRIES]: Registry minecraft:item: Object did not get ID it asked for. Name: caerula_arbor:archive_of_tidelink Expected: 1818 Got: 1970
[088月2026 14:53:57.551] [main/WARN] [net.minecraftforge.registries.ForgeRegistry/REGISTRIES]: Registry minecraft:item: Object did not get ID it asked for. Name: caerula_arbor:archive_of_martus Expected: 1819 Got: 1971
[088月2026 14:53:57.551] [main/WARN] [net.minecraftforge.registries.ForgeRegistry/REGISTRIES]: Registry minecraft:item: Object did not get ID it asked for. Name: caerula_arbor:archive_of_raider Expected: 1820 Got: 1972
[088月2026 14:53:57.551] [main/WARN] [net.minecraftforge.registries.ForgeRegistry/REGISTRIES]: Registry minecraft:item: Object did not get ID it asked for. Name: caerula_arbor:trailrite_shield Expected: 1821 Got: 1973
[088月2026 14:53:57.551] [main/WARN] [net.minecraftforge.registries.ForgeRegistry/REGISTRIES]: Registry minecraft:item: Object did not get ID it asked for. Name: caerula_arbor:sea_prairie_bomb Expected: 1822 Got: 1974
[088月2026 14:53:57.552] [main/WARN] [net.minecraftforge.registries.ForgeRegistry/REGISTRIES]: Registry minecraft:item: Object did not get ID it asked for. Name: caerula_arbor:chest_fish_food Expected: 1823 Got: 1975
[088月2026 14:53:57.552] [main/WARN] [net.minecraftforge.registries.ForgeRegistry/REGISTRIES]: Registry minecraft:item: Object did not get ID it asked for. Name: caerula_arbor:chitin_cookie_raw Expected: 1824 Got: 1976
[088月2026 14:53:57.552] [main/WARN] [net.minecraftforge.registries.ForgeRegistry/REGISTRIES]: Registry minecraft:item: Object did not get ID it asked for. Name: caerula_arbor:chitin_cookie_done Expected: 1825 Got: 1977
[088月2026 14:53:57.552] [main/WARN] [net.minecraftforge.registries.ForgeRegistry/REGISTRIES]: Registry minecraft:item: Object did not get ID it asked for. Name: caerula_arbor:chest_f_ish_cooked Expected: 1826 Got: 1978
[088月2026 14:53:57.552] [main/WARN] [net.minecraftforge.registries.ForgeRegistry/REGISTRIES]: Registry minecraft:item: Object did not get ID it asked for. Name: caerula_arbor:oceanized_sniffer_spawn_egg Expected: 1827 Got: 1979
[088月2026 14:53:57.552] [main/WARN] [net.minecraftforge.registries.ForgeRegistry/REGISTRIES]: Registry minecraft:item: Object did not get ID it asked for. Name: caerula_arbor:nethersea_sniffer_egg Expected: 1828 Got: 1980
[088月2026 14:53:57.552] [main/WARN] [net.minecraftforge.registries.ForgeRegistry/REGISTRIES]: Registry minecraft:item: Object did not get ID it asked for. Name: caerula_arbor:nethersea_sniffer_egg_cooked Expected: 1829 Got: 1981
[088月2026 14:53:57.553] [main/WARN] [net.minecraftforge.registries.ForgeRegistry/REGISTRIES]: Registry minecraft:item: Object did not get ID it asked for. Name: caerula_arbor:tidebishop_core_empty Expected: 1830 Got: 1982
[088月2026 14:53:57.553] [main/WARN] [net.minecraftforge.registries.ForgeRegistry/REGISTRIES]: Registry minecraft:item: Object did not get ID it asked for. Name: caerula_arbor:mizuki_doll Expected: 1831 Got: 1983
[088月2026 14:53:57.553] [main/WARN] [net.minecraftforge.registries.ForgeRegistry/REGISTRIES]: Registry minecraft:item: Object did not get ID it asked for. Name: caerula_arbor:highmore_doll Expected: 1832 Got: 1984
[088月2026 14:53:57.553] [main/WARN] [net.minecraftforge.registries.ForgeRegistry/REGISTRIES]: Registry minecraft:item: Object did not get ID it asked for. Name: caerula_arbor:caerula_offspring_spawn_egg Expected: 1833 Got: 1985
[088月2026 14:53:57.553] [main/WARN] [net.minecraftforge.registries.ForgeRegistry/REGISTRIES]: Registry minecraft:item: Object did not get ID it asked for. Name: caerula_arbor:adv_item_evolution Expected: 1834 Got: 1986
[088月2026 14:53:57.553] [main/WARN] [net.minecraftforge.registries.ForgeRegistry/REGISTRIES]: Registry minecraft:item: Object did not get ID it asked for. Name: caerula_arbor:record_oceanwish Expected: 1835 Got: 1987
[088月2026 14:53:57.553] [main/WARN] [net.minecraftforge.registries.ForgeRegistry/REGISTRIES]: Registry minecraft:item: Object did not get ID it asked for. Name: caerula_arbor:record_underdawn Expected: 1836 Got: 1988
[088月2026 14:53:57.553] [main/WARN] [net.minecraftforge.registries.ForgeRegistry/REGISTRIES]: Registry minecraft:item: Object did not get ID it asked for. Name: caerula_arbor:nethersea_milk Expected: 1837 Got: 1989
[088月2026 14:53:57.553] [main/WARN] [net.minecraftforge.registries.ForgeRegistry/REGISTRIES]: Registry minecraft:item: Object did not get ID it asked for. Name: caerula_arbor:isahrmla_milk Expected: 1838 Got: 1990
[088月2026 14:53:57.554] [main/WARN] [net.minecraftforge.registries.ForgeRegistry/REGISTRIES]: Registry minecraft:item: Object did not get ID it asked for. Name: caerula_arbor:nethersea_biscuit Expected: 1839 Got: 1991
[088月2026 14:53:57.554] [main/WARN] [net.minecraftforge.registries.ForgeRegistry/REGISTRIES]: Registry minecraft:item: Object did not get ID it asked for. Name: caerula_arbor:caramel_biscuit Expected: 1840 Got: 1992
[088月2026 14:53:57.554] [main/WARN] [net.minecraftforge.registries.ForgeRegistry/REGISTRIES]: Registry minecraft:item: Object did not get ID it asked for. Name: caerula_arbor:isharmla_biscuit Expected: 1841 Got: 1993
[088月2026 14:53:57.554] [main/WARN] [net.minecraftforge.registries.ForgeRegistry/REGISTRIES]: Registry minecraft:item: Object did not get ID it asked for. Name: caerula_arbor:mizuki_biscuit Expected: 1842 Got: 1994
[088月2026 14:53:57.554] [main/WARN] [net.minecraftforge.registries.ForgeRegistry/REGISTRIES]: Registry minecraft:item: Object did not get ID it asked for. Name: caerula_arbor:runvolution_spawn_egg Expected: 1843 Got: 1995
[088月2026 14:53:57.554] [main/WARN] [net.minecraftforge.registries.ForgeRegistry/REGISTRIES]: Registry minecraft:item: Object did not get ID it asked for. Name: caerula_arbor:runvolution_spawn_block Expected: 1844 Got: 1996
[088月2026 14:53:57.554] [main/WARN] [net.minecraftforge.registries.ForgeRegistry/REGISTRIES]: Registry minecraft:item: Object did not get ID it asked for. Name: caerula_arbor:oceanized_endermite_spawn_egg Expected: 1845 Got: 1997
[088月2026 14:53:57.555] [main/WARN] [net.minecraftforge.registries.ForgeRegistry/REGISTRIES]: Registry minecraft:item: Object did not get ID it asked for. Name: caerula_arbor:chiesler_pet_spawn_egg Expected: 1846 Got: 1998
[088月2026 14:53:57.555] [main/WARN] [net.minecraftforge.registries.ForgeRegistry/REGISTRIES]: Registry minecraft:item: Object did not get ID it asked for. Name: caerula_arbor:dna_chiesler Expected: 1847 Got: 1999
[088月2026 14:53:57.555] [main/WARN] [net.minecraftforge.registries.ForgeRegistry/REGISTRIES]: Registry minecraft:item: Object did not get ID it asked for. Name: caerula_arbor:stone_cutter_egg Expected: 1848 Got: 2000
[088月2026 14:53:57.555] [main/WARN] [net.minecraftforge.registries.ForgeRegistry/REGISTRIES]: Registry minecraft:item: Object did not get ID it asked for. Name: caerula_arbor:creeper_pet_spawn_egg Expected: 1849 Got: 2001
[088月2026 14:53:57.555] [main/WARN] [net.minecraftforge.registries.ForgeRegistry/REGISTRIES]: Registry minecraft:item: Object did not get ID it asked for. Name: caerula_arbor:pet_reaper_egg Expected: 1850 Got: 2002
[088月2026 14:53:57.555] [main/WARN] [net.minecraftforge.registries.ForgeRegistry/REGISTRIES]: Registry minecraft:item: Object did not get ID it asked for. Name: caerula_arbor:pet_creeper_egg Expected: 1851 Got: 2003
[088月2026 14:53:57.555] [main/WARN] [net.minecraftforge.registries.ForgeRegistry/REGISTRIES]: Registry minecraft:item: Object did not get ID it asked for. Name: caerula_arbor:dna_creeper Expected: 1852 Got: 2004
[088月2026 14:53:57.555] [main/WARN] [net.minecraftforge.registries.ForgeRegistry/REGISTRIES]: Registry minecraft:item: Object did not get ID it asked for. Name: caerula_arbor:brute_axe Expected: 1853 Got: 2005
[088月2026 14:53:57.556] [main/WARN] [net.minecraftforge.registries.ForgeRegistry/REGISTRIES]: Registry minecraft:item: Object did not get ID it asked for. Name: caerula_arbor:nethersea_bugged_stone Expected: 1854 Got: 2006
[088月2026 14:53:57.556] [main/WARN] [net.minecraftforge.registries.ForgeRegistry/REGISTRIES]: Registry minecraft:item: Object did not get ID it asked for. Name: caerula_arbor:oceanized_silverfish_spawn_egg Expected: 1855 Got: 2007
[088月2026 14:53:57.556] [main/WARN] [net.minecraftforge.registries.ForgeRegistry/REGISTRIES]: Registry minecraft:item: Object did not get ID it asked for. Name: caerula_arbor:life_point_food Expected: 1856 Got: 2008
[088月2026 14:53:57.556] [main/WARN] [net.minecraftforge.registries.ForgeRegistry/REGISTRIES]: Registry minecraft:item: Object did not get ID it asked for. Name: caerula_arbor:redstonium_block Expected: 1857 Got: 2009
[088月2026 14:53:57.556] [main/WARN] [net.minecraftforge.registries.ForgeRegistry/REGISTRIES]: Registry minecraft:item: Object did not get ID it asked for. Name: caerula_arbor:hunter_template Expected: 1858 Got: 2010
[088月2026 14:53:57.556] [main/WARN] [net.minecraftforge.registries.ForgeRegistry/REGISTRIES]: Registry minecraft:item: Object did not get ID it asked for. Name: caerula_arbor:chitin_powder Expected: 1859 Got: 2011
[088月2026 14:53:57.556] [main/WARN] [net.minecraftforge.registries.ForgeRegistry/REGISTRIES]: Registry minecraft:item: Object did not get ID it asked for. Name: caerula_arbor:chitin_apple Expected: 1860 Got: 2012
[088月2026 14:53:57.556] [main/WARN] [net.minecraftforge.registries.ForgeRegistry/REGISTRIES]: Registry minecraft:item: Object did not get ID it asked for. Name: caerula_arbor:enchanted_chitin_apple Expected: 1861 Got: 2013
[088月2026 14:53:57.557] [main/WARN] [net.minecraftforge.registries.ForgeRegistry/REGISTRIES]: Registry minecraft:item: Object did not get ID it asked for. Name: caerula_arbor:complex_chitin_apple Expected: 1862 Got: 2014
[088月2026 14:53:57.557] [main/WARN] [net.minecraftforge.registries.ForgeRegistry/REGISTRIES]: Registry minecraft:item: Object did not get ID it asked for. Name: caerula_arbor:enchanted_complex_chitin_apple Expected: 1863 Got: 2015
[088月2026 14:53:57.557] [main/WARN] [net.minecraftforge.registries.ForgeRegistry/REGISTRIES]: Registry minecraft:item: Object did not get ID it asked for. Name: caerula_arbor:motar_base_block Expected: 1864 Got: 2016
[088月2026 14:53:57.557] [main/WARN] [net.minecraftforge.registries.ForgeRegistry/REGISTRIES]: Registry minecraft:item: Object did not get ID it asked for. Name: caerula_arbor:mortar_main_block Expected: 1865 Got: 2017
[088月2026 14:53:57.557] [main/WARN] [net.minecraftforge.registries.ForgeRegistry/REGISTRIES]: Registry minecraft:item: Object did not get ID it asked for. Name: caerula_arbor:aegir_mortar_gunpowder_box Expected: 1866 Got: 2018
[088月2026 14:53:57.557] [main/WARN] [net.minecraftforge.registries.ForgeRegistry/REGISTRIES]: Registry minecraft:item: Object did not get ID it asked for. Name: caerula_arbor:max_lp_food Expected: 1867 Got: 2019
[088月2026 14:53:57.557] [main/WARN] [net.minecraftforge.registries.ForgeRegistry/REGISTRIES]: Registry minecraft:item: Object did not get ID it asked for. Name: caerula_arbor:chitin_crossbow Expected: 1868 Got: 2020
[088月2026 14:53:57.557] [main/WARN] [net.minecraftforge.registries.ForgeRegistry/REGISTRIES]: Registry minecraft:item: Object did not get ID it asked for. Name: caerula_arbor:complex_chitin_crossbow Expected: 1869 Got: 2021
[088月2026 14:53:57.558] [main/WARN] [net.minecraftforge.registries.ForgeRegistry/REGISTRIES]: Registry minecraft:item: Object did not get ID it asked for. Name: caerula_arbor:trailrite_crossbow Expected: 1870 Got: 2022
[088月2026 14:53:57.558] [main/WARN] [net.minecraftforge.registries.ForgeRegistry/REGISTRIES]: Registry minecraft:item: Object did not get ID it asked for. Name: caerula_arbor:item_slider_ball Expected: 1871 Got: 2023
[088月2026 14:53:57.558] [main/WARN] [net.minecraftforge.registries.ForgeRegistry/REGISTRIES]: Registry minecraft:item: Object did not get ID it asked for. Name: caerula_arbor:echo_starter Expected: 1872 Got: 2024
[088月2026 14:53:57.558] [main/WARN] [net.minecraftforge.registries.ForgeRegistry/REGISTRIES]: Registry minecraft:item: Object did not get ID it asked for. Name: caerula_arbor:echo_starter_gold Expected: 1873 Got: 2025
[088月2026 14:53:57.558] [main/WARN] [net.minecraftforge.registries.ForgeRegistry/REGISTRIES]: Registry minecraft:item: Object did not get ID it asked for. Name: caerula_arbor:echo_ender Expected: 1874 Got: 2026
[088月2026 14:53:57.558] [main/WARN] [net.minecraftforge.registries.ForgeRegistry/REGISTRIES]: Registry minecraft:item: Object did not get ID it asked for. Name: caerula_arbor:echo_ender_gold Expected: 1875 Got: 2027
[088月2026 14:53:57.558] [main/WARN] [net.minecraftforge.registries.ForgeRegistry/REGISTRIES]: Registry minecraft:item: Object did not get ID it asked for. Name: caerula_arbor:echo_starter_creative Expected: 1876 Got: 2028
[088月2026 14:53:57.558] [main/WARN] [net.minecraftforge.registries.ForgeRegistry/REGISTRIES]: Registry minecraft:item: Object did not get ID it asked for. Name: caerula_arbor:echo_ender_creative Expected: 1877 Got: 2029
[088月2026 14:53:57.559] [main/WARN] [net.minecraftforge.registries.ForgeRegistry/REGISTRIES]: Registry minecraft:item: Object did not get ID it asked for. Name: caerula_arbor:oceanized_llama_spawn_egg Expected: 1878 Got: 2030
[088月2026 14:53:57.559] [main/WARN] [net.minecraftforge.registries.ForgeRegistry/REGISTRIES]: Registry minecraft:item: Object did not get ID it asked for. Name: caerula_arbor:canned_peduncle Expected: 1879 Got: 2031
[088月2026 14:53:57.559] [main/WARN] [net.minecraftforge.registries.ForgeRegistry/REGISTRIES]: Registry minecraft:item: Object did not get ID it asked for. Name: caerula_arbor:canned_peduncle_elite Expected: 1880 Got: 2032
[088月2026 14:53:57.559] [main/WARN] [net.minecraftforge.registries.ForgeRegistry/REGISTRIES]: Registry minecraft:item: Object did not get ID it asked for. Name: caerula_arbor:chocolate_icecream Expected: 1881 Got: 2033
[088月2026 14:53:57.559] [main/WARN] [net.minecraftforge.registries.ForgeRegistry/REGISTRIES]: Registry minecraft:item: Object did not get ID it asked for. Name: caerula_arbor:item_nethersea_boat Expected: 1882 Got: 2034
[088月2026 14:53:57.559] [main/WARN] [net.minecraftforge.registries.ForgeRegistry/REGISTRIES]: Registry minecraft:item: Object did not get ID it asked for. Name: caerula_arbor:item_nethersea_chest_boat Expected: 1883 Got: 2035
[088月2026 14:53:57.559] [main/WARN] [net.minecraftforge.registries.ForgeRegistry/REGISTRIES]: Registry minecraft:item: Object did not get ID it asked for. Name: caerula_arbor:nethersea_rice_dumpling Expected: 1884 Got: 2036
[088月2026 14:53:57.560] [main/WARN] [net.minecraftforge.registries.ForgeRegistry/REGISTRIES]: Registry minecraft:item: Object did not get ID it asked for. Name: caerula_arbor:caramel_rice_dumpling Expected: 1885 Got: 2037
[088月2026 14:53:57.560] [main/WARN] [net.minecraftforge.registries.ForgeRegistry/REGISTRIES]: Registry minecraft:item: Object did not get ID it asked for. Name: caerula_arbor:chitin_trident Expected: 1886 Got: 2038
[088月2026 14:53:57.560] [main/WARN] [net.minecraftforge.registries.ForgeRegistry/REGISTRIES]: Registry minecraft:item: Object did not get ID it asked for. Name: caerula_arbor:complex_chitin_trident Expected: 1887 Got: 2039
[088月2026 14:53:57.560] [main/WARN] [net.minecraftforge.registries.ForgeRegistry/REGISTRIES]: Registry minecraft:item: Object did not get ID it asked for. Name: caerula_arbor:trailrite_trident Expected: 1888 Got: 2040
[088月2026 14:53:57.560] [main/WARN] [net.minecraftforge.registries.ForgeRegistry/REGISTRIES]: Registry minecraft:item: Object did not get ID it asked for. Name: caerula_arbor:item_slider_ball_huge Expected: 1889 Got: 2041
[088月2026 14:53:57.560] [main/WARN] [net.minecraftforge.registries.ForgeRegistry/REGISTRIES]: Registry minecraft:item: Object did not get ID it asked for. Name: caerula_arbor:drifter_ball Expected: 1890 Got: 2042
[088月2026 14:53:57.560] [main/WARN] [net.minecraftforge.registries.ForgeRegistry/REGISTRIES]: Registry minecraft:item: Object did not get ID it asked for. Name: caerula_arbor:record_mare_natus Expected: 1891 Got: 2043
[088月2026 14:53:57.560] [main/WARN] [net.minecraftforge.registries.ForgeRegistry/REGISTRIES]: Registry minecraft:item: Object did not get ID it asked for. Name: caerula_arbor:planted_viviparous_lily Expected: 1892 Got: 2044
[088月2026 14:53:57.560] [main/WARN] [net.minecraftforge.registries.ForgeRegistry/REGISTRIES]: Registry minecraft:item: Object did not get ID it asked for. Name: caerula_arbor:tentacle_plant Expected: 1893 Got: 2045
[088月2026 14:53:57.561] [main/WARN] [net.minecraftforge.registries.ForgeRegistry/REGISTRIES]: Registry minecraft:item: Object did not get ID it asked for. Name: caerula_arbor:planted_fake_egg Expected: 1894 Got: 2046
[088月2026 14:53:57.563] [main/WARN] [net.minecraftforge.registries.ForgeRegistry/REGISTRIES]: Registry minecraft:item: Object did not get ID it asked for. Name: caerula_arbor:planted_cell Expected: 1895 Got: 2047
[088月2026 14:53:57.564] [main/WARN] [net.minecraftforge.registries.ForgeRegistry/REGISTRIES]: Registry minecraft:item: Object did not get ID it asked for. Name: caerula_arbor:nethersea_wheat Expected: 1896 Got: 2048
[088月2026 14:53:57.564] [main/WARN] [net.minecraftforge.registries.ForgeRegistry/REGISTRIES]: Registry minecraft:item: Object did not get ID it asked for. Name: caerula_arbor:item_nethersea_wheat Expected: 1897 Got: 2049
[088月2026 14:53:57.564] [main/WARN] [net.minecraftforge.registries.ForgeRegistry/REGISTRIES]: Registry minecraft:item: Object did not get ID it asked for. Name: caerula_arbor:nethersea_tinter Expected: 1898 Got: 2050
[088月2026 14:53:57.564] [main/WARN] [net.minecraftforge.registries.ForgeRegistry/REGISTRIES]: Registry minecraft:item: Object did not get ID it asked for. Name: caerula_arbor:nethersea_bread Expected: 1899 Got: 2051
[088月2026 14:53:57.565] [main/WARN] [net.minecraftforge.registries.ForgeRegistry/REGISTRIES]: Registry minecraft:item: Object did not get ID it asked for. Name: caerula_arbor:nethersea_potato_plant Expected: 1900 Got: 2052
[088月2026 14:53:57.565] [main/WARN] [net.minecraftforge.registries.ForgeRegistry/REGISTRIES]: Registry minecraft:item: Object did not get ID it asked for. Name: caerula_arbor:nethersea_potato Expected: 1901 Got: 2053
[088月2026 14:53:57.565] [main/WARN] [net.minecraftforge.registries.ForgeRegistry/REGISTRIES]: Registry minecraft:item: Object did not get ID it asked for. Name: caerula_arbor:nethersea_baked_potato Expected: 1902 Got: 2054
[088月2026 14:53:57.565] [main/WARN] [net.minecraftforge.registries.ForgeRegistry/REGISTRIES]: Registry minecraft:item: Object did not get ID it asked for. Name: caerula_arbor:seaborn_flower Expected: 1903 Got: 2055
[088月2026 14:53:57.565] [main/WARN] [net.minecraftforge.registries.ForgeRegistry/REGISTRIES]: Registry minecraft:item: Object did not get ID it asked for. Name: caerula_arbor:mashed_nethersea_potato Expected: 1904 Got: 2056
[088月2026 14:53:57.565] [main/WARN] [net.minecraftforge.registries.ForgeRegistry/REGISTRIES]: Registry minecraft:item: Object did not get ID it asked for. Name: caerula_arbor:ishmael_spawn_egg Expected: 1905 Got: 2057
[088月2026 14:53:57.565] [main/WARN] [net.minecraftforge.registries.ForgeRegistry/REGISTRIES]: Registry minecraft:item: Object did not get ID it asked for. Name: caerula_arbor:iberia_monstrosity_spawn_egg Expected: 1906 Got: 2058
[088月2026 14:53:57.565] [main/WARN] [net.minecraftforge.registries.ForgeRegistry/REGISTRIES]: Registry minecraft:item: Object did not get ID it asked for. Name: caerula_arbor:iberia_machine_block Expected: 1907 Got: 2059
[088月2026 14:53:57.566] [main/WARN] [net.minecraftforge.registries.ForgeRegistry/REGISTRIES]: Registry minecraft:item: Object did not get ID it asked for. Name: caerula_arbor:iberia_cpu Expected: 1908 Got: 2060
[088月2026 14:53:57.566] [main/WARN] [net.minecraftforge.registries.ForgeRegistry/REGISTRIES]: Registry minecraft:item: Object did not get ID it asked for. Name: caerula_arbor:iberia_gear Expected: 1909 Got: 2061
[088月2026 14:53:57.566] [main/WARN] [net.minecraftforge.registries.ForgeRegistry/REGISTRIES]: Registry minecraft:item: Object did not get ID it asked for. Name: caerula_arbor:caramel_bread Expected: 1910 Got: 2062
[088月2026 14:53:57.566] [main/WARN] [net.minecraftforge.registries.ForgeRegistry/REGISTRIES]: Registry minecraft:item: Object did not get ID it asked for. Name: caerula_arbor:vengetide_bottle Expected: 1911 Got: 2063
[088月2026 14:53:57.566] [main/WARN] [net.minecraftforge.registries.ForgeRegistry/REGISTRIES]: Registry minecraft:item: Object did not get ID it asked for. Name: caerula_arbor:banner_trophy Expected: 1912 Got: 2064
[088月2026 14:53:57.566] [main/WARN] [net.minecraftforge.registries.ForgeRegistry/REGISTRIES]: Registry minecraft:item: Object did not get ID it asked for. Name: caerula_arbor:item_bannertrophy Expected: 1913 Got: 2065
[088月2026 14:53:57.566] [main/WARN] [net.minecraftforge.registries.ForgeRegistry/REGISTRIES]: Registry minecraft:item: Object did not get ID it asked for. Name: caerula_arbor:penduncle_noodle Expected: 1914 Got: 2066
[088月2026 14:53:57.566] [main/WARN] [net.minecraftforge.registries.ForgeRegistry/REGISTRIES]: Registry minecraft:item: Object did not get ID it asked for. Name: caerula_arbor:potato_noodle Expected: 1915 Got: 2067
[088月2026 14:53:57.567] [main/WARN] [net.minecraftforge.registries.ForgeRegistry/REGISTRIES]: Registry minecraft:item: Object did not get ID it asked for. Name: caerula_arbor:mushroom_noodle Expected: 1916 Got: 2068
[088月2026 14:53:57.567] [main/WARN] [net.minecraftforge.registries.ForgeRegistry/REGISTRIES]: Registry minecraft:item: Object did not get ID it asked for. Name: caerula_arbor:nethersea_rice Expected: 1917 Got: 2069
[088月2026 14:53:57.567] [main/WARN] [net.minecraftforge.registries.ForgeRegistry/REGISTRIES]: Registry minecraft:item: Object did not get ID it asked for. Name: caerula_arbor:peduncle_rice Expected: 1918 Got: 2070
[088月2026 14:53:57.567] [main/WARN] [net.minecraftforge.registries.ForgeRegistry/REGISTRIES]: Registry minecraft:item: Object did not get ID it asked for. Name: caerula_arbor:peduncle_bread Expected: 1919 Got: 2071
[088月2026 14:53:57.567] [main/WARN] [net.minecraftforge.registries.ForgeRegistry/REGISTRIES]: Registry minecraft:item: Object did not get ID it asked for. Name: caerula_arbor:cell_jelly Expected: 1920 Got: 2072
[088月2026 14:53:57.567] [main/WARN] [net.minecraftforge.registries.ForgeRegistry/REGISTRIES]: Registry minecraft:item: Object did not get ID it asked for. Name: caerula_arbor:chip_piece Expected: 1921 Got: 2073
[088月2026 14:53:57.567] [main/WARN] [net.minecraftforge.registries.ForgeRegistry/REGISTRIES]: Registry minecraft:item: Object did not get ID it asked for. Name: caerula_arbor:chip_box Expected: 1922 Got: 2074
[088月2026 14:53:57.568] [main/WARN] [net.minecraftforge.registries.ForgeRegistry/REGISTRIES]: Registry minecraft:item: Object did not get ID it asked for. Name: caerula_arbor:french_fries Expected: 1923 Got: 2075
[088月2026 14:53:57.568] [main/WARN] [net.minecraftforge.registries.ForgeRegistry/REGISTRIES]: Registry minecraft:item: Object did not get ID it asked for. Name: caerula_arbor:inquisition_suit_chestplate Expected: 1924 Got: 2076
[088月2026 14:53:57.568] [main/WARN] [net.minecraftforge.registries.ForgeRegistry/REGISTRIES]: Registry minecraft:item: Object did not get ID it asked for. Name: caerula_arbor:inquisition_suit_leggings Expected: 1925 Got: 2077
[088月2026 14:53:57.568] [main/WARN] [net.minecraftforge.registries.ForgeRegistry/REGISTRIES]: Registry minecraft:item: Object did not get ID it asked for. Name: caerula_arbor:inquisition_suit_boots Expected: 1926 Got: 2078
[088月2026 14:53:57.568] [main/WARN] [net.minecraftforge.registries.ForgeRegistry/REGISTRIES]: Registry minecraft:item: Object did not get ID it asked for. Name: caerula_arbor:inquisition_armor_helmet Expected: 1927 Got: 2079
[088月2026 14:53:57.568] [main/WARN] [net.minecraftforge.registries.ForgeRegistry/REGISTRIES]: Registry minecraft:item: Object did not get ID it asked for. Name: caerula_arbor:inquisition_armor_chestplate Expected: 1928 Got: 2080
[088月2026 14:53:57.568] [main/WARN] [net.minecraftforge.registries.ForgeRegistry/REGISTRIES]: Registry minecraft:item: Object did not get ID it asked for. Name: caerula_arbor:inquisition_armor_leggings Expected: 1929 Got: 2081
[088月2026 14:53:57.568] [main/WARN] [net.minecraftforge.registries.ForgeRegistry/REGISTRIES]: Registry minecraft:item: Object did not get ID it asked for. Name: caerula_arbor:inquisition_armor_boots Expected: 1930 Got: 2082
[088月2026 14:53:57.568] [main/WARN] [net.minecraftforge.registries.ForgeRegistry/REGISTRIES]: Registry minecraft:item: Object did not get ID it asked for. Name: caerula_arbor:inquisition_template Expected: 1931 Got: 2083
[088月2026 14:53:57.569] [main/WARN] [net.minecraftforge.registries.ForgeRegistry/REGISTRIES]: Registry minecraft:item: Object did not get ID it asked for. Name: epca:reshape_flesh Expected: 1940 Got: 2084
[088月2026 14:53:57.569] [main/WARN] [net.minecraftforge.registries.ForgeRegistry/REGISTRIES]: Registry minecraft:item: Object did not get ID it asked for. Name: epca:reshape_shell Expected: 1941 Got: 2085
[088月2026 14:53:57.569] [main/WARN] [net.minecraftforge.registries.ForgeRegistry/REGISTRIES]: Registry minecraft:item: Object did not get ID it asked for. Name: epca:tight_tendons Expected: 1943 Got: 2086
[088月2026 14:53:57.569] [main/WARN] [net.minecraftforge.registries.ForgeRegistry/REGISTRIES]: Registry minecraft:item: Object did not get ID it asked for. Name: epca:gasbag_debris Expected: 1944 Got: 2087
[088月2026 14:53:57.570] [main/WARN] [net.minecraftforge.registries.ForgeRegistry/REGISTRIES]: Registry minecraft:item: Object did not get ID it asked for. Name: epca:infested_nethersea_brand_mor Expected: 1959 Got: 2088
[088月2026 14:53:57.570] [main/WARN] [net.minecraftforge.registries.ForgeRegistry/REGISTRIES]: Registry minecraft:item: Object did not get ID it asked for. Name: epca:infested_nethersea_icecream Expected: 1960 Got: 2089
[088月2026 14:53:57.570] [main/WARN] [net.minecraftforge.registries.ForgeRegistry/REGISTRIES]: Registry minecraft:item: Object did not get ID it asked for. Name: epca:small_item_frame Expected: 1961 Got: 2090
[088月2026 14:53:57.570] [main/WARN] [net.minecraftforge.registries.ForgeRegistry/REGISTRIES]: Registry minecraft:item: Object did not get ID it asked for. Name: epca:erosion_clock Expected: 1962 Got: 2091
[088月2026 14:53:57.570] [main/WARN] [net.minecraftforge.registries.ForgeRegistry/REGISTRIES]: Registry minecraft:item: Object did not get ID it asked for. Name: epca:infested_ender_pearl Expected: 1964 Got: 2092
[088月2026 14:53:57.571] [main/WARN] [net.minecraftforge.registries.ForgeRegistry/REGISTRIES]: Registry minecraft:item: Object did not get ID it asked for. Name: epca:epca_note Expected: 1971 Got: 2093
[088月2026 14:53:57.571] [main/WARN] [net.minecraftforge.registries.ForgeRegistry/REGISTRIES]: Registry minecraft:item: Object did not get ID it asked for. Name: epca:biomass_count_icon Expected: 1972 Got: 2094
[088月2026 14:53:57.571] [main/WARN] [net.minecraftforge.registries.ForgeRegistry/REGISTRIES]: Registry minecraft:item: Object did not get ID it asked for. Name: epca:ender_blade_scrap Expected: 1973 Got: 2095
[088月2026 14:53:57.571] [main/WARN] [net.minecraftforge.registries.ForgeRegistry/REGISTRIES]: Registry minecraft:item: Object did not get ID it asked for. Name: epca:wooden_spear Expected: 1974 Got: 2096
[088月2026 14:53:57.571] [main/WARN] [net.minecraftforge.registries.ForgeRegistry/REGISTRIES]: Registry minecraft:item: Object did not get ID it asked for. Name: epca:stone_spear Expected: 1975 Got: 2097
[088月2026 14:53:57.571] [main/WARN] [net.minecraftforge.registries.ForgeRegistry/REGISTRIES]: Registry minecraft:item: Object did not get ID it asked for. Name: epca:flint_spear Expected: 1976 Got: 2098
[088月2026 14:53:57.571] [main/WARN] [net.minecraftforge.registries.ForgeRegistry/REGISTRIES]: Registry minecraft:item: Object did not get ID it asked for. Name: epca:copper_spear Expected: 1977 Got: 2099
[088月2026 14:53:57.571] [main/WARN] [net.minecraftforge.registries.ForgeRegistry/REGISTRIES]: Registry minecraft:item: Object did not get ID it asked for. Name: epca:iron_spear Expected: 1978 Got: 2100
[088月2026 14:53:57.571] [main/WARN] [net.minecraftforge.registries.ForgeRegistry/REGISTRIES]: Registry minecraft:item: Object did not get ID it asked for. Name: epca:golden_spear Expected: 1979 Got: 2101
[088月2026 14:53:57.572] [main/WARN] [net.minecraftforge.registries.ForgeRegistry/REGISTRIES]: Registry minecraft:item: Object did not get ID it asked for. Name: epca:diamond_spear Expected: 1980 Got: 2102
[088月2026 14:53:57.572] [main/WARN] [net.minecraftforge.registries.ForgeRegistry/REGISTRIES]: Registry minecraft:item: Object did not get ID it asked for. Name: epca:netherite_spear Expected: 1981 Got: 2103
[088月2026 14:53:57.572] [main/WARN] [net.minecraftforge.registries.ForgeRegistry/REGISTRIES]: Registry minecraft:item: Object did not get ID it asked for. Name: epca:acid_bucket Expected: 1986 Got: 2104
[088月2026 14:53:57.572] [main/WARN] [net.minecraftforge.registries.ForgeRegistry/REGISTRIES]: Registry minecraft:item: Object did not get ID it asked for. Name: epca:curbug_spawn_egg Expected: 1987 Got: 2105
[088月2026 14:53:57.572] [main/WARN] [net.minecraftforge.registries.ForgeRegistry/REGISTRIES]: Registry minecraft:item: Object did not get ID it asked for. Name: epca:ripper_spawn_egg Expected: 1989 Got: 2106
[088月2026 14:53:57.572] [main/WARN] [net.minecraftforge.registries.ForgeRegistry/REGISTRIES]: Registry minecraft:item: Object did not get ID it asked for. Name: epca:infested_zombie_spawn_egg Expected: 1992 Got: 2107
[088月2026 14:53:57.573] [main/WARN] [net.minecraftforge.registries.ForgeRegistry/REGISTRIES]: Registry minecraft:item: Object did not get ID it asked for. Name: epca:infested_husk_spawn_egg Expected: 1994 Got: 2108
[088月2026 14:53:57.573] [main/WARN] [net.minecraftforge.registries.ForgeRegistry/REGISTRIES]: Registry minecraft:item: Object did not get ID it asked for. Name: epca:infested_drowned_spawn_egg Expected: 1996 Got: 2109
[088月2026 14:53:57.573] [main/WARN] [net.minecraftforge.registries.ForgeRegistry/REGISTRIES]: Registry minecraft:item: Object did not get ID it asked for. Name: epca:infested_pillager_spawn_egg Expected: 2000 Got: 2110
[088月2026 14:53:57.573] [main/WARN] [net.minecraftforge.registries.ForgeRegistry/REGISTRIES]: Registry minecraft:item: Object did not get ID it asked for. Name: epca:infested_vindicator_spawn_egg Expected: 2002 Got: 2111
[088月2026 14:53:57.573] [main/WARN] [net.minecraftforge.registries.ForgeRegistry/REGISTRIES]: Registry minecraft:item: Object did not get ID it asked for. Name: epca:infested_villager_spawn_egg Expected: 2004 Got: 2112
[088月2026 14:53:57.574] [main/WARN] [net.minecraftforge.registries.ForgeRegistry/REGISTRIES]: Registry minecraft:item: Object did not get ID it asked for. Name: epca:infested_zombie_villager_spawn_egg Expected: 2006 Got: 2113
[088月2026 14:53:57.574] [main/WARN] [net.minecraftforge.registries.ForgeRegistry/REGISTRIES]: Registry minecraft:item: Object did not get ID it asked for. Name: epca:infested_pig_spawn_egg Expected: 2009 Got: 2114
[088月2026 14:53:57.574] [main/WARN] [net.minecraftforge.registries.ForgeRegistry/REGISTRIES]: Registry minecraft:item: Object did not get ID it asked for. Name: epca:infested_sheep_spawn_egg Expected: 2011 Got: 2115
[088月2026 14:53:57.574] [main/WARN] [net.minecraftforge.registries.ForgeRegistry/REGISTRIES]: Registry minecraft:item: Object did not get ID it asked for. Name: epca:infested_cow_spawn_egg Expected: 2014 Got: 2116
[088月2026 14:53:57.574] [main/WARN] [net.minecraftforge.registries.ForgeRegistry/REGISTRIES]: Registry minecraft:item: Object did not get ID it asked for. Name: epca:mozzie_spawn_egg Expected: 2017 Got: 2117
[088月2026 14:53:57.574] [main/WARN] [net.minecraftforge.registries.ForgeRegistry/REGISTRIES]: Registry minecraft:item: Object did not get ID it asked for. Name: epca:infested_wolf_spawn_egg Expected: 2022 Got: 2118
[088月2026 14:53:57.574] [main/WARN] [net.minecraftforge.registries.ForgeRegistry/REGISTRIES]: Registry minecraft:item: Object did not get ID it asked for. Name: epca:reshape_longarms_spawn_egg Expected: 2024 Got: 2119
[088月2026 14:53:57.575] [main/WARN] [net.minecraftforge.registries.ForgeRegistry/REGISTRIES]: Registry minecraft:item: Object did not get ID it asked for. Name: epca:infested_chicken_spawn_egg Expected: 2028 Got: 2120
[088月2026 14:53:57.575] [main/WARN] [net.minecraftforge.registries.ForgeRegistry/REGISTRIES]: Registry minecraft:item: Object did not get ID it asked for. Name: epca:infested_enderman_spawn_egg Expected: 2030 Got: 2121
[088月2026 14:53:57.575] [main/WARN] [net.minecraftforge.registries.ForgeRegistry/REGISTRIES]: Registry minecraft:item: Object did not get ID it asked for. Name: epca:infested_endermite_spawn_egg Expected: 2032 Got: 2122
[088月2026 14:53:57.575] [main/WARN] [net.minecraftforge.registries.ForgeRegistry/REGISTRIES]: Registry minecraft:item: Object did not get ID it asked for. Name: epca:infested_silverfish_spawn_egg Expected: 2033 Got: 2123
[088月2026 14:53:57.575] [main/WARN] [net.minecraftforge.registries.ForgeRegistry/REGISTRIES]: Registry minecraft:item: Object did not get ID it asked for. Name: epca:light_carrier_spawn_egg Expected: 2034 Got: 2124
[088月2026 14:53:57.575] [main/WARN] [net.minecraftforge.registries.ForgeRegistry/REGISTRIES]: Registry minecraft:item: Object did not get ID it asked for. Name: epca:infested_skeleton_spawn_egg Expected: 2035 Got: 2125
[088月2026 14:53:57.575] [main/WARN] [net.minecraftforge.registries.ForgeRegistry/REGISTRIES]: Registry minecraft:item: Object did not get ID it asked for. Name: epca:walking_skeleton_head_spawn_egg Expected: 2036 Got: 2126
[088月2026 14:53:57.575] [main/WARN] [net.minecraftforge.registries.ForgeRegistry/REGISTRIES]: Registry minecraft:item: Object did not get ID it asked for. Name: epca:infested_player_spawn_egg Expected: 2037 Got: 2127
[088月2026 14:53:57.575] [main/WARN] [net.minecraftforge.registries.ForgeRegistry/REGISTRIES]: Registry minecraft:item: Object did not get ID it asked for. Name: epca:walking_fox_head_spawn_egg Expected: 2038 Got: 2128
[088月2026 14:53:57.576] [main/WARN] [net.minecraftforge.registries.ForgeRegistry/REGISTRIES]: Registry minecraft:item: Object did not get ID it asked for. Name: epca:reshape_yelloweye_spawn_egg Expected: 2039 Got: 2129
[088月2026 14:53:57.576] [main/WARN] [net.minecraftforge.registries.ForgeRegistry/REGISTRIES]: Registry minecraft:item: Object did not get ID it asked for. Name: epca:infested_fox_spawn_egg Expected: 2040 Got: 2130
[088月2026 14:53:57.576] [main/WARN] [net.minecraftforge.registries.ForgeRegistry/REGISTRIES]: Registry minecraft:item: Object did not get ID it asked for. Name: epca:infested_slime_spawn Expected: 2041 Got: 2131
[088月2026 14:53:57.576] [main/WARN] [net.minecraftforge.registries.ForgeRegistry/REGISTRIES]: Registry minecraft:item: Object did not get ID it asked for. Name: epca:infested_remains_small Expected: 2043 Got: 2132
[088月2026 14:53:57.576] [main/WARN] [net.minecraftforge.registries.ForgeRegistry/REGISTRIES]: Registry minecraft:item: Object did not get ID it asked for. Name: epca:infested_remains_medium Expected: 2044 Got: 2133
[088月2026 14:53:57.576] [main/WARN] [net.minecraftforge.registries.ForgeRegistry/REGISTRIES]: Registry minecraft:item: Object did not get ID it asked for. Name: epca:infested_remains_large Expected: 2045 Got: 2134
[088月2026 14:53:57.577] [main/WARN] [net.minecraftforge.registries.ForgeRegistry/REGISTRIES]: Registry minecraft:item: Object did not get ID it asked for. Name: epca:infested_grass Expected: 2050 Got: 2135
[088月2026 14:53:57.577] [main/WARN] [net.minecraftforge.registries.ForgeRegistry/REGISTRIES]: Registry minecraft:item: Object did not get ID it asked for. Name: epca:infested_fern Expected: 2051 Got: 2136
[088月2026 14:53:57.577] [main/WARN] [net.minecraftforge.registries.ForgeRegistry/REGISTRIES]: Registry minecraft:item: Object did not get ID it asked for. Name: epca:infested_smooth_sandstone Expected: 2079 Got: 2137
[088月2026 14:53:57.577] [main/WARN] [net.minecraftforge.registries.ForgeRegistry/REGISTRIES]: Registry minecraft:item: Object did not get ID it asked for. Name: epca:infested_smooth_sandstone_slab Expected: 2080 Got: 2138
[088月2026 14:53:57.577] [main/WARN] [net.minecraftforge.registries.ForgeRegistry/REGISTRIES]: Registry minecraft:item: Object did not get ID it asked for. Name: epca:infested_smooth_sandstone_stairs Expected: 2081 Got: 2139
[088月2026 14:53:57.577] [main/WARN] [net.minecraftforge.registries.ForgeRegistry/REGISTRIES]: Registry minecraft:item: Object did not get ID it asked for. Name: epca:infested_cut_sandstone Expected: 2082 Got: 2140
[088月2026 14:53:57.577] [main/WARN] [net.minecraftforge.registries.ForgeRegistry/REGISTRIES]: Registry minecraft:item: Object did not get ID it asked for. Name: epca:infested_cut_sandstone_slab Expected: 2083 Got: 2141
[088月2026 14:53:57.577] [main/WARN] [net.minecraftforge.registries.ForgeRegistry/REGISTRIES]: Registry minecraft:item: Object did not get ID it asked for. Name: epca:infested_infested_cobblestone Expected: 2094 Got: 2142
[088月2026 14:53:57.578] [main/WARN] [net.minecraftforge.registries.ForgeRegistry/REGISTRIES]: Registry minecraft:item: Object did not get ID it asked for. Name: epca:infested_infested_stone Expected: 2095 Got: 2143
[088月2026 14:53:57.578] [main/WARN] [net.minecraftforge.registries.ForgeRegistry/REGISTRIES]: Registry minecraft:item: Object did not get ID it asked for. Name: epca:infested_infested_stone_bricks Expected: 2096 Got: 2144
[088月2026 14:53:57.578] [main/WARN] [net.minecraftforge.registries.ForgeRegistry/REGISTRIES]: Registry minecraft:item: Object did not get ID it asked for. Name: epca:infested_infested_cracked_stone_bricks Expected: 2097 Got: 2145
[088月2026 14:53:57.578] [main/WARN] [net.minecraftforge.registries.ForgeRegistry/REGISTRIES]: Registry minecraft:item: Object did not get ID it asked for. Name: epca:infested_infested_chiseled_stone_bricks Expected: 2098 Got: 2146
[088月2026 14:53:57.578] [main/WARN] [net.minecraftforge.registries.ForgeRegistry/REGISTRIES]: Registry minecraft:item: Object did not get ID it asked for. Name: epca:infested_nethersea_brand_grown Expected: 2099 Got: 2147
[088月2026 14:53:57.578] [main/WARN] [net.minecraftforge.registries.ForgeRegistry/REGISTRIES]: Registry minecraft:item: Object did not get ID it asked for. Name: epca:infested_nethersea_brand_solid Expected: 2100 Got: 2148
[088月2026 14:53:57.578] [main/WARN] [net.minecraftforge.registries.ForgeRegistry/REGISTRIES]: Registry minecraft:item: Object did not get ID it asked for. Name: epca:swallow_cyst Expected: 2101 Got: 2149
[088月2026 14:53:57.578] [main/WARN] [net.minecraftforge.registries.ForgeRegistry/REGISTRIES]: Registry minecraft:item: Object did not get ID it asked for. Name: epca:packed_mud_altar_stone Expected: 2103 Got: 2150
[088月2026 14:53:57.578] [main/WARN] [net.minecraftforge.registries.ForgeRegistry/REGISTRIES]: Registry minecraft:item: Object did not get ID it asked for. Name: epca:infested_pointed_dripstone Expected: 2104 Got: 2151
[088月2026 14:53:57.579] [main/WARN] [net.minecraftforge.registries.ForgeRegistry/REGISTRIES]: Registry minecraft:item: Object did not get ID it asked for. Name: epca:beckon_core Expected: 2105 Got: 2152
[088月2026 14:53:57.579] [main/WARN] [net.minecraftforge.registries.ForgeRegistry/REGISTRIES]: Registry minecraft:item: Object did not get ID it asked for. Name: epca:infested_heavy_stone Expected: 2106 Got: 2153
[088月2026 14:53:57.579] [main/WARN] [net.minecraftforge.registries.ForgeRegistry/REGISTRIES]: Registry minecraft:item: Object did not get ID it asked for. Name: epca:infested_infested_heavy_stone Expected: 2107 Got: 2154
[088月2026 14:53:57.579] [main/WARN] [net.minecraftforge.registries.ForgeRegistry/REGISTRIES]: Registry minecraft:item: Object did not get ID it asked for. Name: epca:infested_heavy_coal_ore Expected: 2108 Got: 2155
[088月2026 14:53:57.579] [main/WARN] [net.minecraftforge.registries.ForgeRegistry/REGISTRIES]: Registry minecraft:item: Object did not get ID it asked for. Name: epca:infested_heavy_copper_ore Expected: 2109 Got: 2156
[088月2026 14:53:57.579] [main/WARN] [net.minecraftforge.registries.ForgeRegistry/REGISTRIES]: Registry minecraft:item: Object did not get ID it asked for. Name: epca:infested_heavy_iron_ore Expected: 2110 Got: 2157
[088月2026 14:53:57.579] [main/WARN] [net.minecraftforge.registries.ForgeRegistry/REGISTRIES]: Registry minecraft:item: Object did not get ID it asked for. Name: epca:infested_heavy_gold_ore Expected: 2111 Got: 2158
[088月2026 14:53:57.579] [main/WARN] [net.minecraftforge.registries.ForgeRegistry/REGISTRIES]: Registry minecraft:item: Object did not get ID it asked for. Name: epca:infested_heavy_lapis_ore Expected: 2112 Got: 2159
[088月2026 14:53:57.579] [main/WARN] [net.minecraftforge.registries.ForgeRegistry/REGISTRIES]: Registry minecraft:item: Object did not get ID it asked for. Name: epca:infested_heavy_redstone_ore Expected: 2113 Got: 2160
[088月2026 14:53:57.580] [main/WARN] [net.minecraftforge.registries.ForgeRegistry/REGISTRIES]: Registry minecraft:item: Object did not get ID it asked for. Name: epca:infested_heavy_emerald_ore Expected: 2114 Got: 2161
[088月2026 14:53:57.580] [main/WARN] [net.minecraftforge.registries.ForgeRegistry/REGISTRIES]: Registry minecraft:item: Object did not get ID it asked for. Name: epca:infested_heavy_diamond_ore Expected: 2115 Got: 2162
[088月2026 14:53:57.580] [main/WARN] [net.minecraftforge.registries.ForgeRegistry/REGISTRIES]: Registry minecraft:item: Object did not get ID it asked for. Name: epca:infested_dustlike Expected: 2116 Got: 2163
[088月2026 14:53:57.580] [main/WARN] [net.minecraftforge.registries.ForgeRegistry/REGISTRIES]: Registry minecraft:item: Object did not get ID it asked for. Name: epca:infested_plankslike Expected: 2117 Got: 2164
[088月2026 14:53:57.580] [main/WARN] [net.minecraftforge.registries.ForgeRegistry/REGISTRIES]: Registry minecraft:item: Object did not get ID it asked for. Name: epca:infested_rocklike Expected: 2118 Got: 2165
[088月2026 14:53:57.580] [main/WARN] [net.minecraftforge.registries.ForgeRegistry/REGISTRIES]: Registry minecraft:item: Object did not get ID it asked for. Name: epca:infested_metallike Expected: 2119 Got: 2166
[088月2026 14:53:57.580] [main/WARN] [net.minecraftforge.registries.ForgeRegistry/REGISTRIES]: Registry minecraft:item: Object did not get ID it asked for. Name: epca:infested_hardlike Expected: 2120 Got: 2167
[088月2026 14:53:57.580] [main/WARN] [net.minecraftforge.registries.ForgeRegistry/REGISTRIES]: Registry minecraft:item: Object did not get ID it asked for. Name: epca:infested_heavy_cobblestone Expected: 2121 Got: 2168
[088月2026 14:53:57.580] [main/WARN] [net.minecraftforge.registries.ForgeRegistry/REGISTRIES]: Registry minecraft:item: Object did not get ID it asked for. Name: epca:infested_heavy_cobblestone_stairs Expected: 2122 Got: 2169
[088月2026 14:53:57.581] [main/WARN] [net.minecraftforge.registries.ForgeRegistry/REGISTRIES]: Registry minecraft:item: Object did not get ID it asked for. Name: epca:infested_heavy_cobblestone_slab Expected: 2123 Got: 2170
[088月2026 14:53:57.581] [main/WARN] [net.minecraftforge.registries.ForgeRegistry/REGISTRIES]: Registry minecraft:item: Object did not get ID it asked for. Name: epca:infested_heavy_cobblestone_wall Expected: 2124 Got: 2171
[088月2026 14:53:57.581] [main/WARN] [net.minecraftforge.registries.ForgeRegistry/REGISTRIES]: Registry minecraft:item: Object did not get ID it asked for. Name: epca:infested_chiseled_deepslate Expected: 2125 Got: 2172
[088月2026 14:53:57.581] [main/WARN] [net.minecraftforge.registries.ForgeRegistry/REGISTRIES]: Registry minecraft:item: Object did not get ID it asked for. Name: epca:infested_planks_fence Expected: 2133 Got: 2173
[088月2026 14:53:57.581] [main/WARN] [net.minecraftforge.registries.ForgeRegistry/REGISTRIES]: Registry minecraft:item: Object did not get ID it asked for. Name: geckolib:gecko_habitat Expected: 2134 Got: 2174
[088月2026 14:53:57.581] [main/WARN] [net.minecraftforge.registries.ForgeRegistry/REGISTRIES]: Registry minecraft:item: Object did not get ID it asked for. Name: geckolib:fertilizer Expected: 2135 Got: 2175
[088月2026 14:53:57.581] [main/WARN] [net.minecraftforge.registries.ForgeRegistry/REGISTRIES]: Registry minecraft:item: Object did not get ID it asked for. Name: geckolib:jack_in_the_box Expected: 2136 Got: 2176
[088月2026 14:53:57.581] [main/WARN] [net.minecraftforge.registries.ForgeRegistry/REGISTRIES]: Registry minecraft:item: Object did not get ID it asked for. Name: geckolib:wolf_armor_helmet Expected: 2137 Got: 2177
[088月2026 14:53:57.581] [main/WARN] [net.minecraftforge.registries.ForgeRegistry/REGISTRIES]: Registry minecraft:item: Object did not get ID it asked for. Name: geckolib:wolf_armor_chestplate Expected: 2138 Got: 2178
[088月2026 14:53:57.581] [main/WARN] [net.minecraftforge.registries.ForgeRegistry/REGISTRIES]: Registry minecraft:item: Object did not get ID it asked for. Name: geckolib:wolf_armor_leggings Expected: 2139 Got: 2179
[088月2026 14:53:57.582] [main/WARN] [net.minecraftforge.registries.ForgeRegistry/REGISTRIES]: Registry minecraft:item: Object did not get ID it asked for. Name: geckolib:wolf_armor_boots Expected: 2140 Got: 2180
[088月2026 14:53:57.582] [main/WARN] [net.minecraftforge.registries.ForgeRegistry/REGISTRIES]: Registry minecraft:item: Object did not get ID it asked for. Name: geckolib:gecko_armor_helmet Expected: 2141 Got: 2181
[088月2026 14:53:57.582] [main/WARN] [net.minecraftforge.registries.ForgeRegistry/REGISTRIES]: Registry minecraft:item: Object did not get ID it asked for. Name: geckolib:gecko_armor_chestplate Expected: 2142 Got: 2182
[088月2026 14:53:57.582] [main/WARN] [net.minecraftforge.registries.ForgeRegistry/REGISTRIES]: Registry minecraft:item: Object did not get ID it asked for. Name: geckolib:gecko_armor_leggings Expected: 2143 Got: 2183
[088月2026 14:53:57.582] [main/WARN] [net.minecraftforge.registries.ForgeRegistry/REGISTRIES]: Registry minecraft:item: Object did not get ID it asked for. Name: geckolib:gecko_armor_boots Expected: 2144 Got: 2184
[088月2026 14:53:57.582] [main/WARN] [net.minecraftforge.registries.ForgeRegistry/REGISTRIES]: Registry minecraft:item: Object did not get ID it asked for. Name: geckolib:bat_spawn_egg Expected: 2145 Got: 2185
[088月2026 14:53:57.582] [main/WARN] [net.minecraftforge.registries.ForgeRegistry/REGISTRIES]: Registry minecraft:item: Object did not get ID it asked for. Name: geckolib:bike_spawn_egg Expected: 2146 Got: 2186
[088月2026 14:53:57.582] [main/WARN] [net.minecraftforge.registries.ForgeRegistry/REGISTRIES]: Registry minecraft:item: Object did not get ID it asked for. Name: geckolib:race_car_spawn_egg Expected: 2147 Got: 2187
[088月2026 14:53:57.582] [main/WARN] [net.minecraftforge.registries.ForgeRegistry/REGISTRIES]: Registry minecraft:item: Object did not get ID it asked for. Name: geckolib:parasite_spawn_egg Expected: 2148 Got: 2188
[088月2026 14:53:57.582] [main/WARN] [net.minecraftforge.registries.ForgeRegistry/REGISTRIES]: Registry minecraft:item: Object did not get ID it asked for. Name: geckolib:mutant_zombie_spawn_egg Expected: 2149 Got: 2189
[088月2026 14:53:57.583] [main/WARN] [net.minecraftforge.registries.ForgeRegistry/REGISTRIES]: Registry minecraft:item: Object did not get ID it asked for. Name: geckolib:fake_glass_spawn_egg Expected: 2150 Got: 2190
[088月2026 14:53:57.583] [main/WARN] [net.minecraftforge.registries.ForgeRegistry/REGISTRIES]: Registry minecraft:item: Object did not get ID it asked for. Name: geckolib:cool_kid_spawn_egg Expected: 2151 Got: 2191
[088月2026 14:53:57.583] [main/WARN] [net.minecraftforge.registries.ForgeRegistry/REGISTRIES]: Registry minecraft:item: Object did not get ID it asked for. Name: geckolib:gremlin_spawn_egg Expected: 2152 Got: 2192
[088月2026 14:53:57.583] [main/WARN] [net.minecraftforge.registries.ForgeRegistry/REGISTRIES]: Registry minecraft:item: Object did not get ID it asked for. Name: ldlib:test Expected: 2153 Got: 2193
[088月2026 14:53:57.583] [main/WARN] [net.minecraftforge.registries.ForgeRegistry/REGISTRIES]: Registry minecraft:item: Object did not get ID it asked for. Name: ldlib:test_2 Expected: 2154 Got: 2194
[088月2026 14:53:57.583] [main/WARN] [net.minecraftforge.registries.ForgeRegistry/REGISTRIES]: Registry minecraft:item: Object did not get ID it asked for. Name: patchouli:guide_book Expected: 2155 Got: 2195
[088月2026 14:53:57.583] [main/WARN] [net.minecraftforge.registries.ForgeRegistry/REGISTRIES]: Registry minecraft:mob_effect: Object did not get ID it asked for. Name: caerula_arbor:haemophilia Expected: 0 Got: 42
[088月2026 14:53:57.584] [main/WARN] [net.minecraftforge.registries.ForgeRegistry/REGISTRIES]: Registry minecraft:mob_effect: Object did not get ID it asked for. Name: caerula_arbor:sanity_immue Expected: 34 Got: 45
[088月2026 14:53:57.584] [main/WARN] [net.minecraftforge.registries.ForgeRegistry/REGISTRIES]: Registry minecraft:mob_effect: Object did not get ID it asked for. Name: caerula_arbor:dizzy Expected: 35 Got: 46
[088月2026 14:53:57.584] [main/WARN] [net.minecraftforge.registries.ForgeRegistry/REGISTRIES]: Registry minecraft:mob_effect: Object did not get ID it asked for. Name: caerula_arbor:kings_breath Expected: 36 Got: 47
[088月2026 14:53:57.584] [main/WARN] [net.minecraftforge.registries.ForgeRegistry/REGISTRIES]: Registry minecraft:mob_effect: Object did not get ID it asked for. Name: caerula_arbor:kings_boost Expected: 37 Got: 48
[088月2026 14:53:57.584] [main/WARN] [net.minecraftforge.registries.ForgeRegistry/REGISTRIES]: Registry minecraft:mob_effect: Object did not get ID it asked for. Name: caerula_arbor:spear_fight Expected: 38 Got: 49
[088月2026 14:53:57.584] [main/WARN] [net.minecraftforge.registries.ForgeRegistry/REGISTRIES]: Registry minecraft:mob_effect: Object did not get ID it asked for. Name: caerula_arbor:hands_speed Expected: 39 Got: 50
[088月2026 14:53:57.584] [main/WARN] [net.minecraftforge.registries.ForgeRegistry/REGISTRIES]: Registry minecraft:mob_effect: Object did not get ID it asked for. Name: caerula_arbor:butchers_power Expected: 40 Got: 51
[088月2026 14:53:57.584] [main/WARN] [net.minecraftforge.registries.ForgeRegistry/REGISTRIES]: Registry minecraft:mob_effect: Object did not get ID it asked for. Name: caerula_arbor:wipe_dusts Expected: 41 Got: 52
[088月2026 14:53:57.584] [main/WARN] [net.minecraftforge.registries.ForgeRegistry/REGISTRIES]: Registry minecraft:mob_effect: Object did not get ID it asked for. Name: caerula_arbor:sacrefice Expected: 42 Got: 53
[088月2026 14:53:57.584] [main/WARN] [net.minecraftforge.registries.ForgeRegistry/REGISTRIES]: Registry minecraft:mob_effect: Object did not get ID it asked for. Name: caerula_arbor:engraved_triumph Expected: 43 Got: 54
[088月2026 14:53:57.584] [main/WARN] [net.minecraftforge.registries.ForgeRegistry/REGISTRIES]: Registry minecraft:mob_effect: Object did not get ID it asked for. Name: caerula_arbor:flag_swings Expected: 44 Got: 55
[088月2026 14:53:57.585] [main/WARN] [net.minecraftforge.registries.ForgeRegistry/REGISTRIES]: Registry minecraft:mob_effect: Object did not get ID it asked for. Name: caerula_arbor:keep_bedding Expected: 45 Got: 56
[088月2026 14:53:57.585] [main/WARN] [net.minecraftforge.registries.ForgeRegistry/REGISTRIES]: Registry minecraft:mob_effect: Object did not get ID it asked for. Name: caerula_arbor:survivors_guide Expected: 46 Got: 57
[088月2026 14:53:57.585] [main/WARN] [net.minecraftforge.registries.ForgeRegistry/REGISTRIES]: Registry minecraft:mob_effect: Object did not get ID it asked for. Name: caerula_arbor:add_reach Expected: 47 Got: 58
[088月2026 14:53:57.585] [main/WARN] [net.minecraftforge.registries.ForgeRegistry/REGISTRIES]: Registry minecraft:mob_effect: Object did not get ID it asked for. Name: caerula_arbor:frozen Expected: 48 Got: 59
[088月2026 14:53:57.585] [main/WARN] [net.minecraftforge.registries.ForgeRegistry/REGISTRIES]: Registry minecraft:mob_effect: Object did not get ID it asked for. Name: caerula_arbor:trail_buff Expected: 49 Got: 60
[088月2026 14:53:57.585] [main/WARN] [net.minecraftforge.registries.ForgeRegistry/REGISTRIES]: Registry minecraft:mob_effect: Object did not get ID it asked for. Name: caerula_arbor:tide_of_chitin Expected: 50 Got: 61
[088月2026 14:53:57.585] [main/WARN] [net.minecraftforge.registries.ForgeRegistry/REGISTRIES]: Registry minecraft:mob_effect: Object did not get ID it asked for. Name: caerula_arbor:sanidy_defender Expected: 51 Got: 62
[088月2026 14:53:57.585] [main/WARN] [net.minecraftforge.registries.ForgeRegistry/REGISTRIES]: Registry minecraft:mob_effect: Object did not get ID it asked for. Name: caerula_arbor:untame_confirm Expected: 52 Got: 63
[088月2026 14:53:57.585] [main/WARN] [net.minecraftforge.registries.ForgeRegistry/REGISTRIES]: Registry minecraft:mob_effect: Object did not get ID it asked for. Name: caerula_arbor:splasher_attack Expected: 53 Got: 64
[088月2026 14:53:57.585] [main/WARN] [net.minecraftforge.registries.ForgeRegistry/REGISTRIES]: Registry minecraft:mob_effect: Object did not get ID it asked for. Name: caerula_arbor:instant_sanity Expected: 54 Got: 65
[088月2026 14:53:57.585] [main/WARN] [net.minecraftforge.registries.ForgeRegistry/REGISTRIES]: Registry minecraft:mob_effect: Object did not get ID it asked for. Name: caerula_arbor:sanity_heal Expected: 55 Got: 66
[088月2026 14:53:57.586] [main/WARN] [net.minecraftforge.registries.ForgeRegistry/REGISTRIES]: Registry minecraft:mob_effect: Object did not get ID it asked for. Name: caerula_arbor:rock_break Expected: 56 Got: 67
[088月2026 14:53:57.586] [main/WARN] [net.minecraftforge.registries.ForgeRegistry/REGISTRIES]: Registry minecraft:mob_effect: Object did not get ID it asked for. Name: caerula_arbor:power_of_anchor Expected: 57 Got: 68
[088月2026 14:53:57.586] [main/WARN] [net.minecraftforge.registries.ForgeRegistry/REGISTRIES]: Registry minecraft:mob_effect: Object did not get ID it asked for. Name: caerula_arbor:cooldown_sinal Expected: 58 Got: 69
[088月2026 14:53:57.586] [main/WARN] [net.minecraftforge.registries.ForgeRegistry/REGISTRIES]: Registry minecraft:mob_effect: Object did not get ID it asked for. Name: caerula_arbor:reef_cracker Expected: 59 Got: 70
[088月2026 14:53:57.586] [main/WARN] [net.minecraftforge.registries.ForgeRegistry/REGISTRIES]: Registry minecraft:mob_effect: Object did not get ID it asked for. Name: caerula_arbor:fleshdeformity Expected: 60 Got: 71
[088月2026 14:53:57.586] [main/WARN] [net.minecraftforge.registries.ForgeRegistry/REGISTRIES]: Registry minecraft:mob_effect: Object did not get ID it asked for. Name: caerula_arbor:boost_of_silence Expected: 61 Got: 72
[088月2026 14:53:57.586] [main/WARN] [net.minecraftforge.registries.ForgeRegistry/REGISTRIES]: Registry minecraft:mob_effect: Object did not get ID it asked for. Name: caerula_arbor:strength_of_crowd Expected: 62 Got: 73
[088月2026 14:53:57.587] [main/WARN] [net.minecraftforge.registries.ForgeRegistry/REGISTRIES]: Registry minecraft:mob_effect: Object did not get ID it asked for. Name: caerula_arbor:infested Expected: 63 Got: 74
[088月2026 14:53:57.587] [main/WARN] [net.minecraftforge.registries.ForgeRegistry/REGISTRIES]: Registry minecraft:mob_effect: Object did not get ID it asked for. Name: caerula_arbor:less_armor Expected: 64 Got: 75
[088月2026 14:53:57.587] [main/WARN] [net.minecraftforge.registries.ForgeRegistry/REGISTRIES]: Registry minecraft:mob_effect: Object did not get ID it asked for. Name: caerula_arbor:invulnerable Expected: 65 Got: 76
[088月2026 14:53:57.587] [main/WARN] [net.minecraftforge.registries.ForgeRegistry/REGISTRIES]: Registry minecraft:mob_effect: Object did not get ID it asked for. Name: caerula_arbor:anger_of_tide Expected: 66 Got: 77
[088月2026 14:53:57.587] [main/WARN] [net.minecraftforge.registries.ForgeRegistry/REGISTRIES]: Registry minecraft:mob_effect: Object did not get ID it asked for. Name: caerula_arbor:deduct_one_sanity Expected: 67 Got: 78
[088月2026 14:53:57.587] [main/WARN] [net.minecraftforge.registries.ForgeRegistry/REGISTRIES]: Registry minecraft:mob_effect: Object did not get ID it asked for. Name: caerula_arbor:add_attack_percly Expected: 68 Got: 79
[088月2026 14:53:57.587] [main/WARN] [net.minecraftforge.registries.ForgeRegistry/REGISTRIES]: Registry minecraft:mob_effect: Object did not get ID it asked for. Name: caerula_arbor:running_on_trail Expected: 69 Got: 80
[088月2026 14:53:57.587] [main/WARN] [net.minecraftforge.registries.ForgeRegistry/REGISTRIES]: Registry minecraft:mob_effect: Object did not get ID it asked for. Name: caerula_arbor:anger_of_bishop Expected: 70 Got: 81
[088月2026 14:53:57.587] [main/WARN] [net.minecraftforge.registries.ForgeRegistry/REGISTRIES]: Registry minecraft:mob_effect: Object did not get ID it asked for. Name: caerula_arbor:fake_death Expected: 71 Got: 82
[088月2026 14:53:57.587] [main/WARN] [net.minecraftforge.registries.ForgeRegistry/REGISTRIES]: Registry minecraft:mob_effect: Object did not get ID it asked for. Name: caerula_arbor:seek_of_fractal Expected: 72 Got: 83
[088月2026 14:53:57.588] [main/WARN] [net.minecraftforge.registries.ForgeRegistry/REGISTRIES]: Registry minecraft:mob_effect: Object did not get ID it asked for. Name: caerula_arbor:mute Expected: 73 Got: 84
[088月2026 14:53:57.588] [main/WARN] [net.minecraftforge.registries.ForgeRegistry/REGISTRIES]: Registry minecraft:mob_effect: Object did not get ID it asked for. Name: caerula_arbor:guide_path_ahead Expected: 74 Got: 85
[088月2026 14:53:57.588] [main/WARN] [net.minecraftforge.registries.ForgeRegistry/REGISTRIES]: Registry minecraft:mob_effect: Object did not get ID it asked for. Name: caerula_arbor:fadingshadow Expected: 75 Got: 86
[088月2026 14:53:57.588] [main/WARN] [net.minecraftforge.registries.ForgeRegistry/REGISTRIES]: Registry minecraft:mob_effect: Object did not get ID it asked for. Name: caerula_arbor:hemostatic Expected: 76 Got: 87
[088月2026 14:53:57.588] [main/WARN] [net.minecraftforge.registries.ForgeRegistry/REGISTRIES]: Registry minecraft:mob_effect: Object did not get ID it asked for. Name: caerula_arbor:path_to_uncover Expected: 77 Got: 88
[088月2026 14:53:57.588] [main/WARN] [net.minecraftforge.registries.ForgeRegistry/REGISTRIES]: Registry minecraft:mob_effect: Object did not get ID it asked for. Name: caerula_arbor:less_attackspeed Expected: 78 Got: 89
[088月2026 14:53:57.588] [main/WARN] [net.minecraftforge.registries.ForgeRegistry/REGISTRIES]: Registry minecraft:mob_effect: Object did not get ID it asked for. Name: caerula_arbor:cow_buff Expected: 79 Got: 90
[088月2026 14:53:57.588] [main/WARN] [net.minecraftforge.registries.ForgeRegistry/REGISTRIES]: Registry minecraft:mob_effect: Object did not get ID it asked for. Name: caerula_arbor:unripe_thoughts Expected: 80 Got: 91
[088月2026 14:53:57.588] [main/WARN] [net.minecraftforge.registries.ForgeRegistry/REGISTRIES]: Registry minecraft:mob_effect: Object did not get ID it asked for. Name: caerula_arbor:izumik_learn Expected: 81 Got: 92
[088月2026 14:53:57.588] [main/WARN] [net.minecraftforge.registries.ForgeRegistry/REGISTRIES]: Registry minecraft:mob_effect: Object did not get ID it asked for. Name: caerula_arbor:izumik_shock Expected: 82 Got: 93
[088月2026 14:53:57.589] [main/WARN] [net.minecraftforge.registries.ForgeRegistry/REGISTRIES]: Registry minecraft:mob_effect: Object did not get ID it asked for. Name: caerula_arbor:infantry Expected: 83 Got: 94
[088月2026 14:53:57.589] [main/WARN] [net.minecraftforge.registries.ForgeRegistry/REGISTRIES]: Registry minecraft:mob_effect: Object did not get ID it asked for. Name: caerula_arbor:guided_evo Expected: 84 Got: 95
[088月2026 14:53:57.589] [main/WARN] [net.minecraftforge.registries.ForgeRegistry/REGISTRIES]: Registry minecraft:mob_effect: Object did not get ID it asked for. Name: caerula_arbor:sub_haemo Expected: 85 Got: 96
[088月2026 14:53:57.589] [main/WARN] [net.minecraftforge.registries.ForgeRegistry/REGISTRIES]: Registry minecraft:mob_effect: Object did not get ID it asked for. Name: caerula_arbor:fast_swim Expected: 86 Got: 97
[088月2026 14:53:57.589] [main/WARN] [net.minecraftforge.registries.ForgeRegistry/REGISTRIES]: Registry minecraft:mob_effect: Object did not get ID it asked for. Name: caerula_arbor:martus_protection Expected: 87 Got: 98
[088月2026 14:53:57.589] [main/WARN] [net.minecraftforge.registries.ForgeRegistry/REGISTRIES]: Registry minecraft:mob_effect: Object did not get ID it asked for. Name: caerula_arbor:endspeaer_brandguide_buff Expected: 88 Got: 99
[088月2026 14:53:57.589] [main/WARN] [net.minecraftforge.registries.ForgeRegistry/REGISTRIES]: Registry minecraft:mob_effect: Object did not get ID it asked for. Name: caerula_arbor:flexibility_buff Expected: 89 Got: 100
[088月2026 14:53:57.589] [main/WARN] [net.minecraftforge.registries.ForgeRegistry/REGISTRIES]: Registry minecraft:mob_effect: Object did not get ID it asked for. Name: caerula_arbor:magic_resis_buff Expected: 90 Got: 101
[088月2026 14:53:57.589] [main/WARN] [net.minecraftforge.registries.ForgeRegistry/REGISTRIES]: Registry minecraft:mob_effect: Object did not get ID it asked for. Name: caerula_arbor:essence_resistance Expected: 91 Got: 102
[088月2026 14:53:57.589] [main/WARN] [net.minecraftforge.registries.ForgeRegistry/REGISTRIES]: Registry minecraft:mob_effect: Object did not get ID it asked for. Name: caerula_arbor:immortal Expected: 92 Got: 103
[088月2026 14:53:57.589] [main/WARN] [net.minecraftforge.registries.ForgeRegistry/REGISTRIES]: Registry minecraft:mob_effect: Object did not get ID it asked for. Name: caerula_arbor:add_health_percly Expected: 93 Got: 104
[088月2026 14:53:57.589] [main/WARN] [net.minecraftforge.registries.ForgeRegistry/REGISTRIES]: Registry minecraft:mob_effect: Object did not get ID it asked for. Name: caerula_arbor:isharmla_curse Expected: 94 Got: 105
[088月2026 14:53:57.590] [main/WARN] [net.minecraftforge.registries.ForgeRegistry/REGISTRIES]: Registry minecraft:mob_effect: Object did not get ID it asked for. Name: caerula_arbor:regeneration_percly Expected: 95 Got: 106
[088月2026 14:53:57.590] [main/WARN] [net.minecraftforge.registries.ForgeRegistry/REGISTRIES]: Registry minecraft:mob_effect: Object did not get ID it asked for. Name: caerula_arbor:shulker_buff Expected: 96 Got: 107
[088月2026 14:53:57.590] [main/WARN] [net.minecraftforge.registries.ForgeRegistry/REGISTRIES]: Registry minecraft:mob_effect: Object did not get ID it asked for. Name: caerula_arbor:more_fall_damage Expected: 97 Got: 108
[088月2026 14:53:57.590] [main/WARN] [net.minecraftforge.registries.ForgeRegistry/REGISTRIES]: Registry minecraft:mob_effect: Object did not get ID it asked for. Name: caerula_arbor:under_break Expected: 98 Got: 109
[088月2026 14:53:57.590] [main/WARN] [net.minecraftforge.registries.ForgeRegistry/REGISTRIES]: Registry minecraft:mob_effect: Object did not get ID it asked for. Name: caerula_arbor:add_def_tiny Expected: 99 Got: 110
[088月2026 14:53:57.590] [main/WARN] [net.minecraftforge.registries.ForgeRegistry/REGISTRIES]: Registry minecraft:mob_effect: Object did not get ID it asked for. Name: caerula_arbor:add_def_percly_tiny Expected: 100 Got: 111
[088月2026 14:53:57.590] [main/WARN] [net.minecraftforge.registries.ForgeRegistry/REGISTRIES]: Registry minecraft:mob_effect: Object did not get ID it asked for. Name: caerula_arbor:add_resis_tiny Expected: 101 Got: 112
[088月2026 14:53:57.590] [main/WARN] [net.minecraftforge.registries.ForgeRegistry/REGISTRIES]: Registry minecraft:mob_effect: Object did not get ID it asked for. Name: caerula_arbor:add_attack_speed_tiny Expected: 102 Got: 113
[088月2026 14:53:57.590] [main/WARN] [net.minecraftforge.registries.ForgeRegistry/REGISTRIES]: Registry minecraft:mob_effect: Object did not get ID it asked for. Name: caerula_arbor:reduce_sanity_modifier Expected: 103 Got: 114
[088月2026 14:53:57.591] [main/WARN] [net.minecraftforge.registries.ForgeRegistry/REGISTRIES]: Registry minecraft:mob_effect: Object did not get ID it asked for. Name: caerula_arbor:add_miss_rate Expected: 104 Got: 115
[088月2026 14:53:57.591] [main/WARN] [net.minecraftforge.registries.ForgeRegistry/REGISTRIES]: Registry minecraft:mob_effect: Object did not get ID it asked for. Name: caerula_arbor:add_damage_tiny Expected: 105 Got: 116
[088月2026 14:53:57.591] [main/WARN] [net.minecraftforge.registries.ForgeRegistry/REGISTRIES]: Registry minecraft:mob_effect: Object did not get ID it asked for. Name: caerula_arbor:counter_back Expected: 106 Got: 117
[088月2026 14:53:57.591] [main/WARN] [net.minecraftforge.registries.ForgeRegistry/REGISTRIES]: Registry minecraft:mob_effect: Object did not get ID it asked for. Name: caerula_arbor:move_faster Expected: 107 Got: 118
[088月2026 14:53:57.591] [main/WARN] [net.minecraftforge.registries.ForgeRegistry/REGISTRIES]: Registry minecraft:mob_effect: Object did not get ID it asked for. Name: caerula_arbor:brute_power Expected: 108 Got: 119
[088月2026 14:53:57.591] [main/WARN] [net.minecraftforge.registries.ForgeRegistry/REGISTRIES]: Registry minecraft:mob_effect: Object did not get ID it asked for. Name: caerula_arbor:seaborn_decrease Expected: 109 Got: 120
[088月2026 14:53:57.591] [main/WARN] [net.minecraftforge.registries.ForgeRegistry/REGISTRIES]: Registry minecraft:mob_effect: Object did not get ID it asked for. Name: caerula_arbor:add_sanity_resistance Expected: 110 Got: 121
[088月2026 14:53:57.591] [main/WARN] [net.minecraftforge.registries.ForgeRegistry/REGISTRIES]: Registry minecraft:mob_effect: Object did not get ID it asked for. Name: caerula_arbor:add_knockack_resistanvce Expected: 111 Got: 122
[088月2026 14:53:57.591] [main/WARN] [net.minecraftforge.registries.ForgeRegistry/REGISTRIES]: Registry minecraft:mob_effect: Object did not get ID it asked for. Name: caerula_arbor:echo_fight Expected: 112 Got: 123
[088月2026 14:53:57.591] [main/WARN] [net.minecraftforge.registries.ForgeRegistry/REGISTRIES]: Registry minecraft:mob_effect: Object did not get ID it asked for. Name: caerula_arbor:echo_feed Expected: 113 Got: 124
[088月2026 14:53:57.591] [main/WARN] [net.minecraftforge.registries.ForgeRegistry/REGISTRIES]: Registry minecraft:mob_effect: Object did not get ID it asked for. Name: caerula_arbor:echo_crowd Expected: 114 Got: 125
[088月2026 14:53:57.591] [main/WARN] [net.minecraftforge.registries.ForgeRegistry/REGISTRIES]: Registry minecraft:mob_effect: Object did not get ID it asked for. Name: caerula_arbor:less_armor_immue Expected: 115 Got: 126
[088月2026 14:53:57.591] [main/WARN] [net.minecraftforge.registries.ForgeRegistry/REGISTRIES]: Registry minecraft:mob_effect: Object did not get ID it asked for. Name: caerula_arbor:electric_conduction Expected: 116 Got: 127
[088月2026 14:53:57.592] [main/WARN] [net.minecraftforge.registries.ForgeRegistry/REGISTRIES]: Registry minecraft:mob_effect: Object did not get ID it asked for. Name: caerula_arbor:revive_one_lights Expected: 117 Got: 128
[088月2026 14:53:57.592] [main/WARN] [net.minecraftforge.registries.ForgeRegistry/REGISTRIES]: Registry minecraft:mob_effect: Object did not get ID it asked for. Name: caerula_arbor:trapped Expected: 118 Got: 129
[088月2026 14:53:57.592] [main/WARN] [net.minecraftforge.registries.ForgeRegistry/REGISTRIES]: Registry minecraft:mob_effect: Object did not get ID it asked for. Name: epca:contempt_inorganic Expected: 123 Got: 130
[088月2026 14:53:57.593] [main/WARN] [net.minecraftforge.registries.ForgeRegistry/REGISTRIES]: Registry minecraft:sound_event: Object did not get ID it asked for. Name: caerula_arbor:target_damaged Expected: 1474 Got: 1499
[088月2026 14:53:57.593] [main/WARN] [net.minecraftforge.registries.ForgeRegistry/REGISTRIES]: Registry minecraft:sound_event: Object did not get ID it asked for. Name: caerula_arbor:pceanwish Expected: 1475 Got: 1500
[088月2026 14:53:57.593] [main/WARN] [net.minecraftforge.registries.ForgeRegistry/REGISTRIES]: Registry minecraft:sound_event: Object did not get ID it asked for. Name: caerula_arbor:flutesong Expected: 1476 Got: 1501
[088月2026 14:53:57.593] [main/WARN] [net.minecraftforge.registries.ForgeRegistry/REGISTRIES]: Registry minecraft:sound_event: Object did not get ID it asked for. Name: caerula_arbor:bloodywolf_openmouth Expected: 1477 Got: 1502
[088月2026 14:53:57.593] [main/WARN] [net.minecraftforge.registries.ForgeRegistry/REGISTRIES]: Registry minecraft:sound_event: Object did not get ID it asked for. Name: caerula_arbor:grow1 Expected: 1478 Got: 1503
[088月2026 14:53:57.593] [main/WARN] [net.minecraftforge.registries.ForgeRegistry/REGISTRIES]: Registry minecraft:sound_event: Object did not get ID it asked for. Name: caerula_arbor:grow2 Expected: 1479 Got: 1504
[088月2026 14:53:57.593] [main/WARN] [net.minecraftforge.registries.ForgeRegistry/REGISTRIES]: Registry minecraft:sound_event: Object did not get ID it asked for. Name: caerula_arbor:subsisting1 Expected: 1480 Got: 1505
[088月2026 14:53:57.593] [main/WARN] [net.minecraftforge.registries.ForgeRegistry/REGISTRIES]: Registry minecraft:sound_event: Object did not get ID it asked for. Name: caerula_arbor:subsisting2 Expected: 1481 Got: 1506
[088月2026 14:53:57.593] [main/WARN] [net.minecraftforge.registries.ForgeRegistry/REGISTRIES]: Registry minecraft:sound_event: Object did not get ID it asked for. Name: caerula_arbor:breed1 Expected: 1482 Got: 1507
[088月2026 14:53:57.593] [main/WARN] [net.minecraftforge.registries.ForgeRegistry/REGISTRIES]: Registry minecraft:sound_event: Object did not get ID it asked for. Name: caerula_arbor:breed2 Expected: 1483 Got: 1508
[088月2026 14:53:57.593] [main/WARN] [net.minecraftforge.registries.ForgeRegistry/REGISTRIES]: Registry minecraft:sound_event: Object did not get ID it asked for. Name: caerula_arbor:migration1 Expected: 1484 Got: 1509
[088月2026 14:53:57.593] [main/WARN] [net.minecraftforge.registries.ForgeRegistry/REGISTRIES]: Registry minecraft:sound_event: Object did not get ID it asked for. Name: caerula_arbor:migration2 Expected: 1485 Got: 1510
[088月2026 14:53:57.593] [main/WARN] [net.minecraftforge.registries.ForgeRegistry/REGISTRIES]: Registry minecraft:sound_event: Object did not get ID it asked for. Name: caerula_arbor:silence1 Expected: 1486 Got: 1511
[088月2026 14:53:57.593] [main/WARN] [net.minecraftforge.registries.ForgeRegistry/REGISTRIES]: Registry minecraft:sound_event: Object did not get ID it asked for. Name: caerula_arbor:silence2 Expected: 1487 Got: 1512
[088月2026 14:53:57.593] [main/WARN] [net.minecraftforge.registries.ForgeRegistry/REGISTRIES]: Registry minecraft:sound_event: Object did not get ID it asked for. Name: caerula_arbor:silence3 Expected: 1488 Got: 1513
[088月2026 14:53:57.593] [main/WARN] [net.minecraftforge.registries.ForgeRegistry/REGISTRIES]: Registry minecraft:sound_event: Object did not get ID it asked for. Name: caerula_arbor:silence4 Expected: 1489 Got: 1514
[088月2026 14:53:57.594] [main/WARN] [net.minecraftforge.registries.ForgeRegistry/REGISTRIES]: Registry minecraft:sound_event: Object did not get ID it asked for. Name: caerula_arbor:ocarino Expected: 1490 Got: 1515
[088月2026 14:53:57.594] [main/WARN] [net.minecraftforge.registries.ForgeRegistry/REGISTRIES]: Registry minecraft:sound_event: Object did not get ID it asked for. Name: caerula_arbor:scythe_highmore Expected: 1491 Got: 1516
[088月2026 14:53:57.594] [main/WARN] [net.minecraftforge.registries.ForgeRegistry/REGISTRIES]: Registry minecraft:sound_event: Object did not get ID it asked for. Name: caerula_arbor:bloody_wolf Expected: 1492 Got: 1517
[088月2026 14:53:57.594] [main/WARN] [net.minecraftforge.registries.ForgeRegistry/REGISTRIES]: Registry minecraft:sound_event: Object did not get ID it asked for. Name: caerula_arbor:skadi_hit Expected: 1493 Got: 1518
[088月2026 14:53:57.594] [main/WARN] [net.minecraftforge.registries.ForgeRegistry/REGISTRIES]: Registry minecraft:sound_event: Object did not get ID it asked for. Name: caerula_arbor:skadi_died Expected: 1494 Got: 1519
[088月2026 14:53:57.594] [main/WARN] [net.minecraftforge.registries.ForgeRegistry/REGISTRIES]: Registry minecraft:sound_event: Object did not get ID it asked for. Name: caerula_arbor:anchor_attack Expected: 1495 Got: 1520
[088月2026 14:53:57.594] [main/WARN] [net.minecraftforge.registries.ForgeRegistry/REGISTRIES]: Registry minecraft:sound_event: Object did not get ID it asked for. Name: caerula_arbor:anchor_throw Expected: 1496 Got: 1521
[088月2026 14:53:57.594] [main/WARN] [net.minecraftforge.registries.ForgeRegistry/REGISTRIES]: Registry minecraft:sound_event: Object did not get ID it asked for. Name: caerula_arbor:anchor_skill Expected: 1497 Got: 1522
[088月2026 14:53:57.594] [main/WARN] [net.minecraftforge.registries.ForgeRegistry/REGISTRIES]: Registry minecraft:sound_event: Object did not get ID it asked for. Name: caerula_arbor:anchor_skillattack Expected: 1498 Got: 1523
[088月2026 14:53:57.594] [main/WARN] [net.minecraftforge.registries.ForgeRegistry/REGISTRIES]: Registry minecraft:sound_event: Object did not get ID it asked for. Name: caerula_arbor:saw_cut Expected: 1499 Got: 1524
[088月2026 14:53:57.594] [main/WARN] [net.minecraftforge.registries.ForgeRegistry/REGISTRIES]: Registry minecraft:sound_event: Object did not get ID it asked for. Name: caerula_arbor:piglin_hurt Expected: 1500 Got: 1525
[088月2026 14:53:57.594] [main/WARN] [net.minecraftforge.registries.ForgeRegistry/REGISTRIES]: Registry minecraft:sound_event: Object did not get ID it asked for. Name: caerula_arbor:piglin_ambient Expected: 1501 Got: 1526
[088月2026 14:53:57.594] [main/WARN] [net.minecraftforge.registries.ForgeRegistry/REGISTRIES]: Registry minecraft:sound_event: Object did not get ID it asked for. Name: caerula_arbor:piglin_death Expected: 1502 Got: 1527
[088月2026 14:53:57.594] [main/WARN] [net.minecraftforge.registries.ForgeRegistry/REGISTRIES]: Registry minecraft:sound_event: Object did not get ID it asked for. Name: caerula_arbor:brute_ambient Expected: 1503 Got: 1528
[088月2026 14:53:57.595] [main/WARN] [net.minecraftforge.registries.ForgeRegistry/REGISTRIES]: Registry minecraft:sound_event: Object did not get ID it asked for. Name: caerula_arbor:brute_hurt Expected: 1504 Got: 1529
[088月2026 14:53:57.595] [main/WARN] [net.minecraftforge.registries.ForgeRegistry/REGISTRIES]: Registry minecraft:sound_event: Object did not get ID it asked for. Name: caerula_arbor:brute_die Expected: 1505 Got: 1530
[088月2026 14:53:57.595] [main/WARN] [net.minecraftforge.registries.ForgeRegistry/REGISTRIES]: Registry minecraft:sound_event: Object did not get ID it asked for. Name: caerula_arbor:witch_ambient Expected: 1506 Got: 1531
[088月2026 14:53:57.595] [main/WARN] [net.minecraftforge.registries.ForgeRegistry/REGISTRIES]: Registry minecraft:sound_event: Object did not get ID it asked for. Name: caerula_arbor:witch_hurt Expected: 1507 Got: 1532
[088月2026 14:53:57.595] [main/WARN] [net.minecraftforge.registries.ForgeRegistry/REGISTRIES]: Registry minecraft:sound_event: Object did not get ID it asked for. Name: caerula_arbor:witch_die Expected: 1508 Got: 1533
[088月2026 14:53:57.595] [main/WARN] [net.minecraftforge.registries.ForgeRegistry/REGISTRIES]: Registry minecraft:sound_event: Object did not get ID it asked for. Name: caerula_arbor:izumik_hit Expected: 1509 Got: 1534
[088月2026 14:53:57.595] [main/WARN] [net.minecraftforge.registries.ForgeRegistry/REGISTRIES]: Registry minecraft:sound_event: Object did not get ID it asked for. Name: caerula_arbor:izumik_die Expected: 1510 Got: 1535
[088月2026 14:53:57.595] [main/WARN] [net.minecraftforge.registries.ForgeRegistry/REGISTRIES]: Registry minecraft:sound_event: Object did not get ID it asked for. Name: caerula_arbor:izumik_ambient Expected: 1511 Got: 1536
[088月2026 14:53:57.595] [main/WARN] [net.minecraftforge.registries.ForgeRegistry/REGISTRIES]: Registry minecraft:sound_event: Object did not get ID it asked for. Name: caerula_arbor:izumik_attack Expected: 1512 Got: 1537
[088月2026 14:53:57.595] [main/WARN] [net.minecraftforge.registries.ForgeRegistry/REGISTRIES]: Registry minecraft:sound_event: Object did not get ID it asked for. Name: caerula_arbor:izumik_learn Expected: 1513 Got: 1538
[088月2026 14:53:57.596] [main/WARN] [net.minecraftforge.registries.ForgeRegistry/REGISTRIES]: Registry minecraft:sound_event: Object did not get ID it asked for. Name: caerula_arbor:izumik_shock Expected: 1514 Got: 1539
[088月2026 14:53:57.596] [main/WARN] [net.minecraftforge.registries.ForgeRegistry/REGISTRIES]: Registry minecraft:sound_event: Object did not get ID it asked for. Name: caerula_arbor:start Expected: 1515 Got: 1540
[088月2026 14:53:57.596] [main/WARN] [net.minecraftforge.registries.ForgeRegistry/REGISTRIES]: Registry minecraft:sound_event: Object did not get ID it asked for. Name: caerula_arbor:notice Expected: 1516 Got: 1541
[088月2026 14:53:57.596] [main/WARN] [net.minecraftforge.registries.ForgeRegistry/REGISTRIES]: Registry minecraft:sound_event: Object did not get ID it asked for. Name: caerula_arbor:quit Expected: 1517 Got: 1542
[088月2026 14:53:57.596] [main/WARN] [net.minecraftforge.registries.ForgeRegistry/REGISTRIES]: Registry minecraft:sound_event: Object did not get ID it asked for. Name: caerula_arbor:alert Expected: 1518 Got: 1543
[088月2026 14:53:57.596] [main/WARN] [net.minecraftforge.registries.ForgeRegistry/REGISTRIES]: Registry minecraft:sound_event: Object did not get ID it asked for. Name: caerula_arbor:tap Expected: 1519 Got: 1544
[088月2026 14:53:57.596] [main/WARN] [net.minecraftforge.registries.ForgeRegistry/REGISTRIES]: Registry minecraft:sound_event: Object did not get ID it asked for. Name: caerula_arbor:skadi_attack Expected: 1520 Got: 1545
[088月2026 14:53:57.596] [main/WARN] [net.minecraftforge.registries.ForgeRegistry/REGISTRIES]: Registry minecraft:sound_event: Object did not get ID it asked for. Name: caerula_arbor:skadi_talk Expected: 1521 Got: 1546
[088月2026 14:53:57.596] [main/WARN] [net.minecraftforge.registries.ForgeRegistry/REGISTRIES]: Registry minecraft:sound_event: Object did not get ID it asked for. Name: caerula_arbor:medic_normal Expected: 1522 Got: 1547
[088月2026 14:53:57.596] [main/WARN] [net.minecraftforge.registries.ForgeRegistry/REGISTRIES]: Registry minecraft:sound_event: Object did not get ID it asked for. Name: caerula_arbor:medic_strong Expected: 1523 Got: 1548
[088月2026 14:53:57.596] [main/WARN] [net.minecraftforge.registries.ForgeRegistry/REGISTRIES]: Registry minecraft:sound_event: Object did not get ID it asked for. Name: caerula_arbor:medic_blast Expected: 1524 Got: 1549
[088月2026 14:53:57.597] [main/WARN] [net.minecraftforge.registries.ForgeRegistry/REGISTRIES]: Registry minecraft:sound_event: Object did not get ID it asked for. Name: caerula_arbor:medic_attack Expected: 1525 Got: 1550
[088月2026 14:53:57.597] [main/WARN] [net.minecraftforge.registries.ForgeRegistry/REGISTRIES]: Registry minecraft:sound_event: Object did not get ID it asked for. Name: caerula_arbor:saw_cut_spect Expected: 1526 Got: 1551
[088月2026 14:53:57.597] [main/WARN] [net.minecraftforge.registries.ForgeRegistry/REGISTRIES]: Registry minecraft:sound_event: Object did not get ID it asked for. Name: caerula_arbor:saw_spect_skill Expected: 1527 Got: 1552
[088月2026 14:53:57.597] [main/WARN] [net.minecraftforge.registries.ForgeRegistry/REGISTRIES]: Registry minecraft:sound_event: Object did not get ID it asked for. Name: caerula_arbor:saw_heavy Expected: 1528 Got: 1553
[088月2026 14:53:57.597] [main/WARN] [net.minecraftforge.registries.ForgeRegistry/REGISTRIES]: Registry minecraft:sound_event: Object did not get ID it asked for. Name: caerula_arbor:saw_spect_1 Expected: 1529 Got: 1554
[088月2026 14:53:57.597] [main/WARN] [net.minecraftforge.registries.ForgeRegistry/REGISTRIES]: Registry minecraft:sound_event: Object did not get ID it asked for. Name: caerula_arbor:whisper_illusion Expected: 1530 Got: 1555
[088月2026 14:53:57.597] [main/WARN] [net.minecraftforge.registries.ForgeRegistry/REGISTRIES]: Registry minecraft:sound_event: Object did not get ID it asked for. Name: caerula_arbor:seaborn_generic_hit Expected: 1531 Got: 1556
[088月2026 14:53:57.597] [main/WARN] [net.minecraftforge.registries.ForgeRegistry/REGISTRIES]: Registry minecraft:sound_event: Object did not get ID it asked for. Name: caerula_arbor:seaborn_death Expected: 1532 Got: 1557
[088月2026 14:53:57.597] [main/WARN] [net.minecraftforge.registries.ForgeRegistry/REGISTRIES]: Registry minecraft:sound_event: Object did not get ID it asked for. Name: caerula_arbor:brandguider_hit Expected: 1533 Got: 1558
[088月2026 14:53:57.597] [main/WARN] [net.minecraftforge.registries.ForgeRegistry/REGISTRIES]: Registry minecraft:sound_event: Object did not get ID it asked for. Name: caerula_arbor:brandguider_death Expected: 1534 Got: 1559
[088月2026 14:53:57.598] [main/WARN] [net.minecraftforge.registries.ForgeRegistry/REGISTRIES]: Registry minecraft:sound_event: Object did not get ID it asked for. Name: caerula_arbor:highmore_hit Expected: 1535 Got: 1560
[088月2026 14:53:57.598] [main/WARN] [net.minecraftforge.registries.ForgeRegistry/REGISTRIES]: Registry minecraft:sound_event: Object did not get ID it asked for. Name: caerula_arbor:highmore_death Expected: 1536 Got: 1561
[088月2026 14:53:57.598] [main/WARN] [net.minecraftforge.registries.ForgeRegistry/REGISTRIES]: Registry minecraft:sound_event: Object did not get ID it asked for. Name: caerula_arbor:highmore_preamble Expected: 1537 Got: 1562
[088月2026 14:53:57.598] [main/WARN] [net.minecraftforge.registries.ForgeRegistry/REGISTRIES]: Registry minecraft:sound_event: Object did not get ID it asked for. Name: caerula_arbor:reefbreaker_attack Expected: 1538 Got: 1563
[088月2026 14:53:57.598] [main/WARN] [net.minecraftforge.registries.ForgeRegistry/REGISTRIES]: Registry minecraft:sound_event: Object did not get ID it asked for. Name: caerula_arbor:wardenis_die Expected: 1539 Got: 1564
[088月2026 14:53:57.598] [main/WARN] [net.minecraftforge.registries.ForgeRegistry/REGISTRIES]: Registry minecraft:sound_event: Object did not get ID it asked for. Name: caerula_arbor:wardenis_idle Expected: 1540 Got: 1565
[088月2026 14:53:57.598] [main/WARN] [net.minecraftforge.registries.ForgeRegistry/REGISTRIES]: Registry minecraft:sound_event: Object did not get ID it asked for. Name: caerula_arbor:wardenis_hurt Expected: 1541 Got: 1566
[088月2026 14:53:57.598] [main/WARN] [net.minecraftforge.registries.ForgeRegistry/REGISTRIES]: Registry minecraft:sound_event: Object did not get ID it asked for. Name: caerula_arbor:money_in Expected: 1542 Got: 1567
[088月2026 14:53:57.598] [main/WARN] [net.minecraftforge.registries.ForgeRegistry/REGISTRIES]: Registry minecraft:sound_event: Object did not get ID it asked for. Name: caerula_arbor:money_out Expected: 1543 Got: 1568
[088月2026 14:53:57.598] [main/WARN] [net.minecraftforge.registries.ForgeRegistry/REGISTRIES]: Registry minecraft:sound_event: Object did not get ID it asked for. Name: caerula_arbor:bell_ring Expected: 1544 Got: 1569
[088月2026 14:53:57.598] [main/WARN] [net.minecraftforge.registries.ForgeRegistry/REGISTRIES]: Registry minecraft:sound_event: Object did not get ID it asked for. Name: caerula_arbor:endospore Expected: 1545 Got: 1570
[088月2026 14:53:57.599] [main/WARN] [net.minecraftforge.registries.ForgeRegistry/REGISTRIES]: Registry minecraft:sound_event: Object did not get ID it asked for. Name: caerula_arbor:ocean_wither_hurt Expected: 1546 Got: 1571
[088月2026 14:53:57.599] [main/WARN] [net.minecraftforge.registries.ForgeRegistry/REGISTRIES]: Registry minecraft:sound_event: Object did not get ID it asked for. Name: caerula_arbor:ocean_wither_idle Expected: 1547 Got: 1572
[088月2026 14:53:57.599] [main/WARN] [net.minecraftforge.registries.ForgeRegistry/REGISTRIES]: Registry minecraft:sound_event: Object did not get ID it asked for. Name: caerula_arbor:ocean_wither_die Expected: 1548 Got: 1573
[088月2026 14:53:57.599] [main/WARN] [net.minecraftforge.registries.ForgeRegistry/REGISTRIES]: Registry minecraft:sound_event: Object did not get ID it asked for. Name: caerula_arbor:ocean_wither_spawn Expected: 1549 Got: 1574
[088月2026 14:53:57.599] [main/WARN] [net.minecraftforge.registries.ForgeRegistry/REGISTRIES]: Registry minecraft:sound_event: Object did not get ID it asked for. Name: caerula_arbor:wither_scythe_pre Expected: 1550 Got: 1575
[088月2026 14:53:57.599] [main/WARN] [net.minecraftforge.registries.ForgeRegistry/REGISTRIES]: Registry minecraft:sound_event: Object did not get ID it asked for. Name: caerula_arbor:wither_scythe_attack Expected: 1551 Got: 1576
[088月2026 14:53:57.599] [main/WARN] [net.minecraftforge.registries.ForgeRegistry/REGISTRIES]: Registry minecraft:sound_event: Object did not get ID it asked for. Name: caerula_arbor:only_path_ahead Expected: 1552 Got: 1577
[088月2026 14:53:57.599] [main/WARN] [net.minecraftforge.registries.ForgeRegistry/REGISTRIES]: Registry minecraft:sound_event: Object did not get ID it asked for. Name: caerula_arbor:last_knight_attack Expected: 1553 Got: 1578
[088月2026 14:53:57.599] [main/WARN] [net.minecraftforge.registries.ForgeRegistry/REGISTRIES]: Registry minecraft:sound_event: Object did not get ID it asked for. Name: caerula_arbor:last_knight_hit Expected: 1554 Got: 1579
[088月2026 14:53:57.599] [main/WARN] [net.minecraftforge.registries.ForgeRegistry/REGISTRIES]: Registry minecraft:sound_event: Object did not get ID it asked for. Name: caerula_arbor:last_jnight_freeze Expected: 1555 Got: 1580
[088月2026 14:53:57.599] [main/WARN] [net.minecraftforge.registries.ForgeRegistry/REGISTRIES]: Registry minecraft:sound_event: Object did not get ID it asked for. Name: caerula_arbor:nervous_break Expected: 1556 Got: 1581
[088月2026 14:53:57.599] [main/WARN] [net.minecraftforge.registries.ForgeRegistry/REGISTRIES]: Registry minecraft:sound_event: Object did not get ID it asked for. Name: caerula_arbor:apocata_die Expected: 1557 Got: 1582
[088月2026 14:53:57.600] [main/WARN] [net.minecraftforge.registries.ForgeRegistry/REGISTRIES]: Registry minecraft:sound_event: Object did not get ID it asked for. Name: caerula_arbor:apocata_interact Expected: 1558 Got: 1583
[088月2026 14:53:57.600] [main/WARN] [net.minecraftforge.registries.ForgeRegistry/REGISTRIES]: Registry minecraft:sound_event: Object did not get ID it asked for. Name: caerula_arbor:endspeaker_attack_pre Expected: 1559 Got: 1584
[088月2026 14:53:57.600] [main/WARN] [net.minecraftforge.registries.ForgeRegistry/REGISTRIES]: Registry minecraft:sound_event: Object did not get ID it asked for. Name: caerula_arbor:endspeaker_attack_hit Expected: 1560 Got: 1585
[088月2026 14:53:57.600] [main/WARN] [net.minecraftforge.registries.ForgeRegistry/REGISTRIES]: Registry minecraft:sound_event: Object did not get ID it asked for. Name: caerula_arbor:endspeaker_eat Expected: 1561 Got: 1586
[088月2026 14:53:57.600] [main/WARN] [net.minecraftforge.registries.ForgeRegistry/REGISTRIES]: Registry minecraft:sound_event: Object did not get ID it asked for. Name: caerula_arbor:clean_bot_move Expected: 1562 Got: 1587
[088月2026 14:53:57.600] [main/WARN] [net.minecraftforge.registries.ForgeRegistry/REGISTRIES]: Registry minecraft:sound_event: Object did not get ID it asked for. Name: caerula_arbor:clean_bot_start Expected: 1563 Got: 1588
[088月2026 14:53:57.600] [main/WARN] [net.minecraftforge.registries.ForgeRegistry/REGISTRIES]: Registry minecraft:sound_event: Object did not get ID it asked for. Name: caerula_arbor:al1s_dep Expected: 1564 Got: 1589
[088月2026 14:53:57.600] [main/WARN] [net.minecraftforge.registries.ForgeRegistry/REGISTRIES]: Registry minecraft:sound_event: Object did not get ID it asked for. Name: caerula_arbor:al1s_break Expected: 1565 Got: 1590
[088月2026 14:53:57.600] [main/WARN] [net.minecraftforge.registries.ForgeRegistry/REGISTRIES]: Registry minecraft:sound_event: Object did not get ID it asked for. Name: caerula_arbor:al1s_spec Expected: 1566 Got: 1591
[088月2026 14:53:57.601] [main/WARN] [net.minecraftforge.registries.ForgeRegistry/REGISTRIES]: Registry minecraft:sound_event: Object did not get ID it asked for. Name: caerula_arbor:al1s_work Expected: 1567 Got: 1592
[088月2026 14:53:57.601] [main/WARN] [net.minecraftforge.registries.ForgeRegistry/REGISTRIES]: Registry minecraft:sound_event: Object did not get ID it asked for. Name: caerula_arbor:skill_release Expected: 1568 Got: 1593
[088月2026 14:53:57.601] [main/WARN] [net.minecraftforge.registries.ForgeRegistry/REGISTRIES]: Registry minecraft:sound_event: Object did not get ID it asked for. Name: caerula_arbor:anchor_pre Expected: 1569 Got: 1594
[088月2026 14:53:57.601] [main/WARN] [net.minecraftforge.registries.ForgeRegistry/REGISTRIES]: Registry minecraft:sound_event: Object did not get ID it asked for. Name: caerula_arbor:ulpians_pul_pre Expected: 1570 Got: 1595
[088月2026 14:53:57.601] [main/WARN] [net.minecraftforge.registries.ForgeRegistry/REGISTRIES]: Registry minecraft:sound_event: Object did not get ID it asked for. Name: caerula_arbor:ulpians_pull_throw Expected: 1571 Got: 1596
[088月2026 14:53:57.601] [main/WARN] [net.minecraftforge.registries.ForgeRegistry/REGISTRIES]: Registry minecraft:sound_event: Object did not get ID it asked for. Name: caerula_arbor:ulpians_pull_hit Expected: 1572 Got: 1597
[088月2026 14:53:57.601] [main/WARN] [net.minecraftforge.registries.ForgeRegistry/REGISTRIES]: Registry minecraft:sound_event: Object did not get ID it asked for. Name: caerula_arbor:ulpians_pull_pull Expected: 1573 Got: 1598
[088月2026 14:53:57.601] [main/WARN] [net.minecraftforge.registries.ForgeRegistry/REGISTRIES]: Registry minecraft:sound_event: Object did not get ID it asked for. Name: caerula_arbor:ulpians_die Expected: 1574 Got: 1599
[088月2026 14:53:57.601] [main/WARN] [net.minecraftforge.registries.ForgeRegistry/REGISTRIES]: Registry minecraft:sound_event: Object did not get ID it asked for. Name: caerula_arbor:ulpians_skill Expected: 1575 Got: 1600
[088月2026 14:53:57.601] [main/WARN] [net.minecraftforge.registries.ForgeRegistry/REGISTRIES]: Registry minecraft:sound_event: Object did not get ID it asked for. Name: caerula_arbor:gladiia_attack_pre Expected: 1576 Got: 1601
[088月2026 14:53:57.601] [main/WARN] [net.minecraftforge.registries.ForgeRegistry/REGISTRIES]: Registry minecraft:sound_event: Object did not get ID it asked for. Name: caerula_arbor:gladiia_attack_hit Expected: 1577 Got: 1602
[088月2026 14:53:57.602] [main/WARN] [net.minecraftforge.registries.ForgeRegistry/REGISTRIES]: Registry minecraft:sound_event: Object did not get ID it asked for. Name: caerula_arbor:gladiia_pull_pre Expected: 1578 Got: 1603
[088月2026 14:53:57.602] [main/WARN] [net.minecraftforge.registries.ForgeRegistry/REGISTRIES]: Registry minecraft:sound_event: Object did not get ID it asked for. Name: caerula_arbor:gladiia_pull_pull Expected: 1579 Got: 1604
[088月2026 14:53:57.602] [main/WARN] [net.minecraftforge.registries.ForgeRegistry/REGISTRIES]: Registry minecraft:sound_event: Object did not get ID it asked for. Name: caerula_arbor:gladiia_skill_release Expected: 1580 Got: 1605
[088月2026 14:53:57.602] [main/WARN] [net.minecraftforge.registries.ForgeRegistry/REGISTRIES]: Registry minecraft:sound_event: Object did not get ID it asked for. Name: caerula_arbor:gladiia_skill_rim Expected: 1581 Got: 1606
[088月2026 14:53:57.602] [main/WARN] [net.minecraftforge.registries.ForgeRegistry/REGISTRIES]: Registry minecraft:sound_event: Object did not get ID it asked for. Name: caerula_arbor:gladiia_hurt Expected: 1582 Got: 1607
[088月2026 14:53:57.602] [main/WARN] [net.minecraftforge.registries.ForgeRegistry/REGISTRIES]: Registry minecraft:sound_event: Object did not get ID it asked for. Name: caerula_arbor:gladiia_die Expected: 1583 Got: 1608
[088月2026 14:53:57.602] [main/WARN] [net.minecraftforge.registries.ForgeRegistry/REGISTRIES]: Registry minecraft:sound_event: Object did not get ID it asked for. Name: caerula_arbor:gladiia_skill Expected: 1584 Got: 1609
[088月2026 14:53:57.602] [main/WARN] [net.minecraftforge.registries.ForgeRegistry/REGISTRIES]: Registry minecraft:sound_event: Object did not get ID it asked for. Name: caerula_arbor:ulpians_hit Expected: 1585 Got: 1610
[088月2026 14:53:57.602] [main/WARN] [net.minecraftforge.registries.ForgeRegistry/REGISTRIES]: Registry minecraft:sound_event: Object did not get ID it asked for. Name: caerula_arbor:flyfish_attack Expected: 1586 Got: 1611
[088月2026 14:53:57.603] [main/WARN] [net.minecraftforge.registries.ForgeRegistry/REGISTRIES]: Registry minecraft:sound_event: Object did not get ID it asked for. Name: caerula_arbor:splasher_attack Expected: 1587 Got: 1612
[088月2026 14:53:57.603] [main/WARN] [net.minecraftforge.registries.ForgeRegistry/REGISTRIES]: Registry minecraft:sound_event: Object did not get ID it asked for. Name: caerula_arbor:puncturefish_attack Expected: 1588 Got: 1613
[088月2026 14:53:57.603] [main/WARN] [net.minecraftforge.registries.ForgeRegistry/REGISTRIES]: Registry minecraft:sound_event: Object did not get ID it asked for. Name: caerula_arbor:bishopfish_attack Expected: 1589 Got: 1614
[088月2026 14:53:57.603] [main/WARN] [net.minecraftforge.registries.ForgeRegistry/REGISTRIES]: Registry minecraft:sound_event: Object did not get ID it asked for. Name: caerula_arbor:bishopfish_flap Expected: 1590 Got: 1615
[088月2026 14:53:57.603] [main/WARN] [net.minecraftforge.registries.ForgeRegistry/REGISTRIES]: Registry minecraft:sound_event: Object did not get ID it asked for. Name: caerula_arbor:bishopfish_blast Expected: 1591 Got: 1616
[088月2026 14:53:57.603] [main/WARN] [net.minecraftforge.registries.ForgeRegistry/REGISTRIES]: Registry minecraft:sound_event: Object did not get ID it asked for. Name: caerula_arbor:firstteller_skill Expected: 1592 Got: 1617
[088月2026 14:53:57.603] [main/WARN] [net.minecraftforge.registries.ForgeRegistry/REGISTRIES]: Registry minecraft:sound_event: Object did not get ID it asked for. Name: caerula_arbor:firstteller_attack Expected: 1593 Got: 1618
[088月2026 14:53:57.603] [main/WARN] [net.minecraftforge.registries.ForgeRegistry/REGISTRIES]: Registry minecraft:sound_event: Object did not get ID it asked for. Name: caerula_arbor:firetteller_skill_attack Expected: 1594 Got: 1619
[088月2026 14:53:57.603] [main/WARN] [net.minecraftforge.registries.ForgeRegistry/REGISTRIES]: Registry minecraft:sound_event: Object did not get ID it asked for. Name: caerula_arbor:creeper_fish_explode Expected: 1595 Got: 1620
[088月2026 14:53:57.603] [main/WARN] [net.minecraftforge.registries.ForgeRegistry/REGISTRIES]: Registry minecraft:sound_event: Object did not get ID it asked for. Name: caerula_arbor:specter_attack Expected: 1596 Got: 1621
[088月2026 14:53:57.603] [main/WARN] [net.minecraftforge.registries.ForgeRegistry/REGISTRIES]: Registry minecraft:sound_event: Object did not get ID it asked for. Name: caerula_arbor:specter_doll_ambient Expected: 1597 Got: 1622
[088月2026 14:53:57.604] [main/WARN] [net.minecraftforge.registries.ForgeRegistry/REGISTRIES]: Registry minecraft:sound_event: Object did not get ID it asked for. Name: caerula_arbor:specter_skill_on Expected: 1598 Got: 1623
[088月2026 14:53:57.604] [main/WARN] [net.minecraftforge.registries.ForgeRegistry/REGISTRIES]: Registry minecraft:sound_event: Object did not get ID it asked for. Name: caerula_arbor:specter_hit Expected: 1599 Got: 1624
[088月2026 14:53:57.604] [main/WARN] [net.minecraftforge.registries.ForgeRegistry/REGISTRIES]: Registry minecraft:sound_event: Object did not get ID it asked for. Name: caerula_arbor:specter_die Expected: 1600 Got: 1625
[088月2026 14:53:57.604] [main/WARN] [net.minecraftforge.registries.ForgeRegistry/REGISTRIES]: Registry minecraft:sound_event: Object did not get ID it asked for. Name: caerula_arbor:specter_doll_die Expected: 1601 Got: 1626
[088月2026 14:53:57.604] [main/WARN] [net.minecraftforge.registries.ForgeRegistry/REGISTRIES]: Registry minecraft:sound_event: Object did not get ID it asked for. Name: caerula_arbor:specter_skill Expected: 1602 Got: 1627
[088月2026 14:53:57.604] [main/WARN] [net.minecraftforge.registries.ForgeRegistry/REGISTRIES]: Registry minecraft:sound_event: Object did not get ID it asked for. Name: caerula_arbor:irene_attack Expected: 1603 Got: 1628
[088月2026 14:53:57.604] [main/WARN] [net.minecraftforge.registries.ForgeRegistry/REGISTRIES]: Registry minecraft:sound_event: Object did not get ID it asked for. Name: caerula_arbor:irene_fly Expected: 1604 Got: 1629
[088月2026 14:53:57.604] [main/WARN] [net.minecraftforge.registries.ForgeRegistry/REGISTRIES]: Registry minecraft:sound_event: Object did not get ID it asked for. Name: caerula_arbor:irene_gun Expected: 1605 Got: 1630
[088月2026 14:53:57.604] [main/WARN] [net.minecraftforge.registries.ForgeRegistry/REGISTRIES]: Registry minecraft:sound_event: Object did not get ID it asked for. Name: caerula_arbor:irene_skill_fly Expected: 1606 Got: 1631
[088月2026 14:53:57.604] [main/WARN] [net.minecraftforge.registries.ForgeRegistry/REGISTRIES]: Registry minecraft:sound_event: Object did not get ID it asked for. Name: caerula_arbor:irene_skill_loop Expected: 1607 Got: 1632
[088月2026 14:53:57.604] [main/WARN] [net.minecraftforge.registries.ForgeRegistry/REGISTRIES]: Registry minecraft:sound_event: Object did not get ID it asked for. Name: caerula_arbor:irene_skill_gun Expected: 1608 Got: 1633
[088月2026 14:53:57.605] [main/WARN] [net.minecraftforge.registries.ForgeRegistry/REGISTRIES]: Registry minecraft:sound_event: Object did not get ID it asked for. Name: caerula_arbor:irene_reload Expected: 1609 Got: 1634
[088月2026 14:53:57.605] [main/WARN] [net.minecraftforge.registries.ForgeRegistry/REGISTRIES]: Registry minecraft:sound_event: Object did not get ID it asked for. Name: caerula_arbor:irene_skill Expected: 1610 Got: 1635
[088月2026 14:53:57.605] [main/WARN] [net.minecraftforge.registries.ForgeRegistry/REGISTRIES]: Registry minecraft:sound_event: Object did not get ID it asked for. Name: caerula_arbor:irene_interact Expected: 1611 Got: 1636
[088月2026 14:53:57.605] [main/WARN] [net.minecraftforge.registries.ForgeRegistry/REGISTRIES]: Registry minecraft:sound_event: Object did not get ID it asked for. Name: caerula_arbor:irene_hit Expected: 1612 Got: 1637
[088月2026 14:53:57.605] [main/WARN] [net.minecraftforge.registries.ForgeRegistry/REGISTRIES]: Registry minecraft:sound_event: Object did not get ID it asked for. Name: caerula_arbor:irene_die Expected: 1613 Got: 1638
[088月2026 14:53:57.605] [main/WARN] [net.minecraftforge.registries.ForgeRegistry/REGISTRIES]: Registry minecraft:sound_event: Object did not get ID it asked for. Name: caerula_arbor:corrupted_convert Expected: 1614 Got: 1639
[088月2026 14:53:57.605] [main/WARN] [net.minecraftforge.registries.ForgeRegistry/REGISTRIES]: Registry minecraft:sound_event: Object did not get ID it asked for. Name: caerula_arbor:corrupted_corrupt Expected: 1615 Got: 1640
[088月2026 14:53:57.605] [main/WARN] [net.minecraftforge.registries.ForgeRegistry/REGISTRIES]: Registry minecraft:sound_event: Object did not get ID it asked for. Name: caerula_arbor:isharmla_tear_hurt_0 Expected: 1616 Got: 1641
[088月2026 14:53:57.605] [main/WARN] [net.minecraftforge.registries.ForgeRegistry/REGISTRIES]: Registry minecraft:sound_event: Object did not get ID it asked for. Name: caerula_arbor:isharmla_tear_hurt_1 Expected: 1617 Got: 1642
[088月2026 14:53:57.606] [main/WARN] [net.minecraftforge.registries.ForgeRegistry/REGISTRIES]: Registry minecraft:sound_event: Object did not get ID it asked for. Name: caerula_arbor:isharmla_tear_place Expected: 1618 Got: 1643
[088月2026 14:53:57.606] [main/WARN] [net.minecraftforge.registries.ForgeRegistry/REGISTRIES]: Registry minecraft:sound_event: Object did not get ID it asked for. Name: caerula_arbor:undertides Expected: 1619 Got: 1644
[088月2026 14:53:57.606] [main/WARN] [net.minecraftforge.registries.ForgeRegistry/REGISTRIES]: Registry minecraft:sound_event: Object did not get ID it asked for. Name: caerula_arbor:operation_deepness Expected: 1620 Got: 1645
[088月2026 14:53:57.606] [main/WARN] [net.minecraftforge.registries.ForgeRegistry/REGISTRIES]: Registry minecraft:sound_event: Object did not get ID it asked for. Name: caerula_arbor:carmen_melee Expected: 1621 Got: 1646
[088月2026 14:53:57.606] [main/WARN] [net.minecraftforge.registries.ForgeRegistry/REGISTRIES]: Registry minecraft:sound_event: Object did not get ID it asked for. Name: caerula_arbor:carmen_shoot Expected: 1622 Got: 1647
[088月2026 14:53:57.606] [main/WARN] [net.minecraftforge.registries.ForgeRegistry/REGISTRIES]: Registry minecraft:sound_event: Object did not get ID it asked for. Name: caerula_arbor:carmen_big_shoot Expected: 1623 Got: 1648
[088月2026 14:53:57.606] [main/WARN] [net.minecraftforge.registries.ForgeRegistry/REGISTRIES]: Registry minecraft:sound_event: Object did not get ID it asked for. Name: caerula_arbor:reaper_angry Expected: 1624 Got: 1649
[088月2026 14:53:57.606] [main/WARN] [net.minecraftforge.registries.ForgeRegistry/REGISTRIES]: Registry minecraft:sound_event: Object did not get ID it asked for. Name: caerula_arbor:isharmla_attack_pre Expected: 1625 Got: 1650
[088月2026 14:53:57.607] [main/WARN] [net.minecraftforge.registries.ForgeRegistry/REGISTRIES]: Registry minecraft:sound_event: Object did not get ID it asked for. Name: caerula_arbor:isharmla_attack_launch Expected: 1626 Got: 1651
[088月2026 14:53:57.607] [main/WARN] [net.minecraftforge.registries.ForgeRegistry/REGISTRIES]: Registry minecraft:sound_event: Object did not get ID it asked for. Name: caerula_arbor:isharmla_attack_hit Expected: 1627 Got: 1652
[088月2026 14:53:57.607] [main/WARN] [net.minecraftforge.registries.ForgeRegistry/REGISTRIES]: Registry minecraft:sound_event: Object did not get ID it asked for. Name: caerula_arbor:isharmla_to_human Expected: 1628 Got: 1653
[088月2026 14:53:57.607] [main/WARN] [net.minecraftforge.registries.ForgeRegistry/REGISTRIES]: Registry minecraft:sound_event: Object did not get ID it asked for. Name: caerula_arbor:isharmla_to_monsterr Expected: 1629 Got: 1654
[088月2026 14:53:57.607] [main/WARN] [net.minecraftforge.registries.ForgeRegistry/REGISTRIES]: Registry minecraft:sound_event: Object did not get ID it asked for. Name: caerula_arbor:isharmla_heal Expected: 1630 Got: 1655
[088月2026 14:53:57.607] [main/WARN] [net.minecraftforge.registries.ForgeRegistry/REGISTRIES]: Registry minecraft:sound_event: Object did not get ID it asked for. Name: caerula_arbor:conquerer Expected: 1631 Got: 1656
[088月2026 14:53:57.607] [main/WARN] [net.minecraftforge.registries.ForgeRegistry/REGISTRIES]: Registry minecraft:sound_event: Object did not get ID it asked for. Name: caerula_arbor:caster_pre Expected: 1632 Got: 1657
[088月2026 14:53:57.607] [main/WARN] [net.minecraftforge.registries.ForgeRegistry/REGISTRIES]: Registry minecraft:sound_event: Object did not get ID it asked for. Name: caerula_arbor:caster_cast Expected: 1633 Got: 1658
[088月2026 14:53:57.607] [main/WARN] [net.minecraftforge.registries.ForgeRegistry/REGISTRIES]: Registry minecraft:sound_event: Object did not get ID it asked for. Name: caerula_arbor:caster_skill Expected: 1634 Got: 1659
[088月2026 14:53:57.607] [main/WARN] [net.minecraftforge.registries.ForgeRegistry/REGISTRIES]: Registry minecraft:sound_event: Object did not get ID it asked for. Name: caerula_arbor:caster_explode Expected: 1635 Got: 1660
[088月2026 14:53:57.608] [main/WARN] [net.minecraftforge.registries.ForgeRegistry/REGISTRIES]: Registry minecraft:sound_event: Object did not get ID it asked for. Name: caerula_arbor:caster_crystal_explode Expected: 1636 Got: 1661
[088月2026 14:53:57.608] [main/WARN] [net.minecraftforge.registries.ForgeRegistry/REGISTRIES]: Registry minecraft:sound_event: Object did not get ID it asked for. Name: caerula_arbor:caster_hurt Expected: 1637 Got: 1662
[088月2026 14:53:57.608] [main/WARN] [net.minecraftforge.registries.ForgeRegistry/REGISTRIES]: Registry minecraft:sound_event: Object did not get ID it asked for. Name: caerula_arbor:caster_die Expected: 1638 Got: 1663
[088月2026 14:53:57.608] [main/WARN] [net.minecraftforge.registries.ForgeRegistry/REGISTRIES]: Registry minecraft:sound_event: Object did not get ID it asked for. Name: caerula_arbor:living_barrier Expected: 1639 Got: 1664
[088月2026 14:53:57.608] [main/WARN] [net.minecraftforge.registries.ForgeRegistry/REGISTRIES]: Registry minecraft:sound_event: Object did not get ID it asked for. Name: caerula_arbor:layered_barrier Expected: 1640 Got: 1665
[088月2026 14:53:57.608] [main/WARN] [net.minecraftforge.registries.ForgeRegistry/REGISTRIES]: Registry minecraft:sound_event: Object did not get ID it asked for. Name: caerula_arbor:sublimation_1 Expected: 1641 Got: 1666
[088月2026 14:53:57.608] [main/WARN] [net.minecraftforge.registries.ForgeRegistry/REGISTRIES]: Registry minecraft:sound_event: Object did not get ID it asked for. Name: caerula_arbor:sublimation_2 Expected: 1642 Got: 1667
[088月2026 14:53:57.608] [main/WARN] [net.minecraftforge.registries.ForgeRegistry/REGISTRIES]: Registry minecraft:sound_event: Object did not get ID it asked for. Name: caerula_arbor:sublimation_trigger Expected: 1643 Got: 1668
[088月2026 14:53:57.608] [main/WARN] [net.minecraftforge.registries.ForgeRegistry/REGISTRIES]: Registry minecraft:sound_event: Object did not get ID it asked for. Name: caerula_arbor:oceanwish_fullset Expected: 1644 Got: 1669
[088月2026 14:53:57.608] [main/WARN] [net.minecraftforge.registries.ForgeRegistry/REGISTRIES]: Registry minecraft:sound_event: Object did not get ID it asked for. Name: caerula_arbor:operation_underdawn Expected: 1645 Got: 1670
[088月2026 14:53:57.609] [main/WARN] [net.minecraftforge.registries.ForgeRegistry/REGISTRIES]: Registry minecraft:sound_event: Object did not get ID it asked for. Name: caerula_arbor:runvolution_hurt Expected: 1646 Got: 1671
[088月2026 14:53:57.609] [main/WARN] [net.minecraftforge.registries.ForgeRegistry/REGISTRIES]: Registry minecraft:sound_event: Object did not get ID it asked for. Name: caerula_arbor:runvolution_die Expected: 1647 Got: 1672
[088月2026 14:53:57.609] [main/WARN] [net.minecraftforge.registries.ForgeRegistry/REGISTRIES]: Registry minecraft:sound_event: Object did not get ID it asked for. Name: caerula_arbor:runvolution_attack Expected: 1648 Got: 1673
[088月2026 14:53:57.609] [main/WARN] [net.minecraftforge.registries.ForgeRegistry/REGISTRIES]: Registry minecraft:sound_event: Object did not get ID it asked for. Name: caerula_arbor:runvolution_skill Expected: 1649 Got: 1674
[088月2026 14:53:57.609] [main/WARN] [net.minecraftforge.registries.ForgeRegistry/REGISTRIES]: Registry minecraft:sound_event: Object did not get ID it asked for. Name: caerula_arbor:runvolution_release Expected: 1650 Got: 1675
[088月2026 14:53:57.609] [main/WARN] [net.minecraftforge.registries.ForgeRegistry/REGISTRIES]: Registry minecraft:sound_event: Object did not get ID it asked for. Name: caerula_arbor:mortar_shoot_0 Expected: 1651 Got: 1676
[088月2026 14:53:57.609] [main/WARN] [net.minecraftforge.registries.ForgeRegistry/REGISTRIES]: Registry minecraft:sound_event: Object did not get ID it asked for. Name: caerula_arbor:mortar_shoot_1 Expected: 1652 Got: 1677
[088月2026 14:53:57.609] [main/WARN] [net.minecraftforge.registries.ForgeRegistry/REGISTRIES]: Registry minecraft:sound_event: Object did not get ID it asked for. Name: caerula_arbor:mortar_shoot_2 Expected: 1653 Got: 1678
[088月2026 14:53:57.609] [main/WARN] [net.minecraftforge.registries.ForgeRegistry/REGISTRIES]: Registry minecraft:sound_event: Object did not get ID it asked for. Name: caerula_arbor:mortar_explode_0 Expected: 1654 Got: 1679
[088月2026 14:53:57.609] [main/WARN] [net.minecraftforge.registries.ForgeRegistry/REGISTRIES]: Registry minecraft:sound_event: Object did not get ID it asked for. Name: caerula_arbor:mortar_explode_1 Expected: 1655 Got: 1680
[088月2026 14:53:57.610] [main/WARN] [net.minecraftforge.registries.ForgeRegistry/REGISTRIES]: Registry minecraft:sound_event: Object did not get ID it asked for. Name: caerula_arbor:mortar_explode_2 Expected: 1656 Got: 1681
[088月2026 14:53:57.610] [main/WARN] [net.minecraftforge.registries.ForgeRegistry/REGISTRIES]: Registry minecraft:sound_event: Object did not get ID it asked for. Name: caerula_arbor:mortar_deploy Expected: 1657 Got: 1682
[088月2026 14:53:57.610] [main/WARN] [net.minecraftforge.registries.ForgeRegistry/REGISTRIES]: Registry minecraft:sound_event: Object did not get ID it asked for. Name: caerula_arbor:echo_trigger Expected: 1658 Got: 1683
[088月2026 14:53:57.610] [main/WARN] [net.minecraftforge.registries.ForgeRegistry/REGISTRIES]: Registry minecraft:sound_event: Object did not get ID it asked for. Name: caerula_arbor:numbness Expected: 1659 Got: 1684
[088月2026 14:53:57.610] [main/WARN] [net.minecraftforge.registries.ForgeRegistry/REGISTRIES]: Registry minecraft:sound_event: Object did not get ID it asked for. Name: caerula_arbor:crossbow_super_hit Expected: 1660 Got: 1685
[088月2026 14:53:57.610] [main/WARN] [net.minecraftforge.registries.ForgeRegistry/REGISTRIES]: Registry minecraft:sound_event: Object did not get ID it asked for. Name: caerula_arbor:crossbow_special_shot Expected: 1661 Got: 1686
[088月2026 14:53:57.610] [main/WARN] [net.minecraftforge.registries.ForgeRegistry/REGISTRIES]: Registry minecraft:sound_event: Object did not get ID it asked for. Name: caerula_arbor:crossbow_super_shot Expected: 1662 Got: 1687
[088月2026 14:53:57.610] [main/WARN] [net.minecraftforge.registries.ForgeRegistry/REGISTRIES]: Registry minecraft:sound_event: Object did not get ID it asked for. Name: caerula_arbor:sword_skill Expected: 1663 Got: 1688
[088月2026 14:53:57.610] [main/WARN] [net.minecraftforge.registries.ForgeRegistry/REGISTRIES]: Registry minecraft:sound_event: Object did not get ID it asked for. Name: caerula_arbor:axe_skill Expected: 1664 Got: 1689
[088月2026 14:53:57.610] [main/WARN] [net.minecraftforge.registries.ForgeRegistry/REGISTRIES]: Registry minecraft:sound_event: Object did not get ID it asked for. Name: caerula_arbor:mare_natus Expected: 1665 Got: 1690
[088月2026 14:53:57.610] [main/WARN] [net.minecraftforge.registries.ForgeRegistry/REGISTRIES]: Registry minecraft:sound_event: Object did not get ID it asked for. Name: caerula_arbor:indigo_shoot Expected: 1666 Got: 1691
[088月2026 14:53:57.611] [main/WARN] [net.minecraftforge.registries.ForgeRegistry/REGISTRIES]: Registry minecraft:sound_event: Object did not get ID it asked for. Name: caerula_arbor:indigo_hit Expected: 1667 Got: 1692
[088月2026 14:53:57.611] [main/WARN] [net.minecraftforge.registries.ForgeRegistry/REGISTRIES]: Registry minecraft:sound_event: Object did not get ID it asked for. Name: caerula_arbor:indigo_hit_critical Expected: 1668 Got: 1693
[088月2026 14:53:57.611] [main/WARN] [net.minecraftforge.registries.ForgeRegistry/REGISTRIES]: Registry minecraft:sound_event: Object did not get ID it asked for. Name: caerula_arbor:indigo_charge Expected: 1669 Got: 1694
[088月2026 14:53:57.611] [main/WARN] [net.minecraftforge.registries.ForgeRegistry/REGISTRIES]: Registry minecraft:sound_event: Object did not get ID it asked for. Name: caerula_arbor:indigo_trap Expected: 1670 Got: 1695
[088月2026 14:53:57.611] [main/WARN] [net.minecraftforge.registries.ForgeRegistry/REGISTRIES]: Registry minecraft:sound_event: Object did not get ID it asked for. Name: caerula_arbor:mons_attack Expected: 1671 Got: 1696
[088月2026 14:53:57.611] [main/WARN] [net.minecraftforge.registries.ForgeRegistry/REGISTRIES]: Registry minecraft:sound_event: Object did not get ID it asked for. Name: caerula_arbor:mons_attack_pre Expected: 1672 Got: 1697
[088月2026 14:53:57.611] [main/WARN] [net.minecraftforge.registries.ForgeRegistry/REGISTRIES]: Registry minecraft:sound_event: Object did not get ID it asked for. Name: caerula_arbor:mons_die Expected: 1673 Got: 1698
[088月2026 14:53:57.611] [main/WARN] [net.minecraftforge.registries.ForgeRegistry/REGISTRIES]: Registry minecraft:sound_event: Object did not get ID it asked for. Name: caerula_arbor:mons_hit Expected: 1674 Got: 1699
[088月2026 14:53:57.611] [main/WARN] [net.minecraftforge.registries.ForgeRegistry/REGISTRIES]: Registry minecraft:sound_event: Object did not get ID it asked for. Name: caerula_arbor:mons_shoot Expected: 1675 Got: 1700
[088月2026 14:53:57.611] [main/WARN] [net.minecraftforge.registries.ForgeRegistry/REGISTRIES]: Registry minecraft:sound_event: Object did not get ID it asked for. Name: caerula_arbor:mons_skill_charge Expected: 1676 Got: 1701
[088月2026 14:53:57.611] [main/WARN] [net.minecraftforge.registries.ForgeRegistry/REGISTRIES]: Registry minecraft:sound_event: Object did not get ID it asked for. Name: caerula_arbor:mons_skill_hit Expected: 1677 Got: 1702
[088月2026 14:53:57.612] [main/WARN] [net.minecraftforge.registries.ForgeRegistry/REGISTRIES]: Registry minecraft:sound_event: Object did not get ID it asked for. Name: caerula_arbor:mons_skill_pre Expected: 1678 Got: 1703
[088月2026 14:53:57.612] [main/WARN] [net.minecraftforge.registries.ForgeRegistry/REGISTRIES]: Registry minecraft:sound_event: Object did not get ID it asked for. Name: epca:small_explosion Expected: 1679 Got: 1704
[088月2026 14:53:57.612] [main/WARN] [net.minecraftforge.registries.ForgeRegistry/REGISTRIES]: Registry minecraft:sound_event: Object did not get ID it asked for. Name: epca:big_explosion Expected: 1680 Got: 1705
[088月2026 14:53:57.612] [main/WARN] [net.minecraftforge.registries.ForgeRegistry/REGISTRIES]: Registry minecraft:sound_event: Object did not get ID it asked for. Name: epca:slam Expected: 1681 Got: 1706
[088月2026 14:53:57.612] [main/WARN] [net.minecraftforge.registries.ForgeRegistry/REGISTRIES]: Registry minecraft:sound_event: Object did not get ID it asked for. Name: epca:incomplete_form_idle Expected: 1686 Got: 1707
[088月2026 14:53:57.612] [main/WARN] [net.minecraftforge.registries.ForgeRegistry/REGISTRIES]: Registry minecraft:sound_event: Object did not get ID it asked for. Name: epca:incomplete_form_hurt Expected: 1687 Got: 1708
[088月2026 14:53:57.612] [main/WARN] [net.minecraftforge.registries.ForgeRegistry/REGISTRIES]: Registry minecraft:sound_event: Object did not get ID it asked for. Name: epca:incomplete_form_death Expected: 1688 Got: 1709
[088月2026 14:53:57.612] [main/WARN] [net.minecraftforge.registries.ForgeRegistry/REGISTRIES]: Registry minecraft:sound_event: Object did not get ID it asked for. Name: epca:walking_head_death Expected: 1689 Got: 1710
[088月2026 14:53:57.612] [main/WARN] [net.minecraftforge.registries.ForgeRegistry/REGISTRIES]: Registry minecraft:sound_event: Object did not get ID it asked for. Name: epca:walking_head_say Expected: 1690 Got: 1711
[088月2026 14:53:57.612] [main/WARN] [net.minecraftforge.registries.ForgeRegistry/REGISTRIES]: Registry minecraft:sound_event: Object did not get ID it asked for. Name: epca:infested_cow_death Expected: 1691 Got: 1712
[088月2026 14:53:57.612] [main/WARN] [net.minecraftforge.registries.ForgeRegistry/REGISTRIES]: Registry minecraft:sound_event: Object did not get ID it asked for. Name: epca:infested_cow_hurt Expected: 1692 Got: 1713
[088月2026 14:53:57.613] [main/WARN] [net.minecraftforge.registries.ForgeRegistry/REGISTRIES]: Registry minecraft:sound_event: Object did not get ID it asked for. Name: epca:infested_cow_idle Expected: 1693 Got: 1714
[088月2026 14:53:57.613] [main/WARN] [net.minecraftforge.registries.ForgeRegistry/REGISTRIES]: Registry minecraft:sound_event: Object did not get ID it asked for. Name: epca:infested_cow_step Expected: 1694 Got: 1715
[088月2026 14:53:57.613] [main/WARN] [net.minecraftforge.registries.ForgeRegistry/REGISTRIES]: Registry minecraft:sound_event: Object did not get ID it asked for. Name: epca:infested_enderman_portal Expected: 1695 Got: 1716
[088月2026 14:53:57.613] [main/WARN] [net.minecraftforge.registries.ForgeRegistry/REGISTRIES]: Registry minecraft:sound_event: Object did not get ID it asked for. Name: epca:infested_enderman_scream Expected: 1696 Got: 1717
[088月2026 14:53:57.613] [main/WARN] [net.minecraftforge.registries.ForgeRegistry/REGISTRIES]: Registry minecraft:sound_event: Object did not get ID it asked for. Name: epca:infested_enderman_idle Expected: 1697 Got: 1718
[088月2026 14:53:57.613] [main/WARN] [net.minecraftforge.registries.ForgeRegistry/REGISTRIES]: Registry minecraft:sound_event: Object did not get ID it asked for. Name: epca:infested_enderman_hurt Expected: 1698 Got: 1719
[088月2026 14:53:57.613] [main/WARN] [net.minecraftforge.registries.ForgeRegistry/REGISTRIES]: Registry minecraft:sound_event: Object did not get ID it asked for. Name: epca:infested_enderman_death Expected: 1699 Got: 1720
[088月2026 14:53:57.613] [main/WARN] [net.minecraftforge.registries.ForgeRegistry/REGISTRIES]: Registry minecraft:sound_event: Object did not get ID it asked for. Name: epca:infested_enderman_targeting Expected: 1700 Got: 1721
[088月2026 14:53:57.613] [main/WARN] [net.minecraftforge.registries.ForgeRegistry/REGISTRIES]: Registry minecraft:sound_event: Object did not get ID it asked for. Name: epca:infested_pig_death Expected: 1701 Got: 1722
[088月2026 14:53:57.613] [main/WARN] [net.minecraftforge.registries.ForgeRegistry/REGISTRIES]: Registry minecraft:sound_event: Object did not get ID it asked for. Name: epca:infested_pig_hurt Expected: 1702 Got: 1723
[088月2026 14:53:57.613] [main/WARN] [net.minecraftforge.registries.ForgeRegistry/REGISTRIES]: Registry minecraft:sound_event: Object did not get ID it asked for. Name: epca:infested_pig_idle Expected: 1703 Got: 1724
[088月2026 14:53:57.614] [main/WARN] [net.minecraftforge.registries.ForgeRegistry/REGISTRIES]: Registry minecraft:sound_event: Object did not get ID it asked for. Name: epca:infested_pig_step Expected: 1704 Got: 1725
[088月2026 14:53:57.614] [main/WARN] [net.minecraftforge.registries.ForgeRegistry/REGISTRIES]: Registry minecraft:sound_event: Object did not get ID it asked for. Name: epca:infested_husk_death Expected: 1705 Got: 1726
[088月2026 14:53:57.614] [main/WARN] [net.minecraftforge.registries.ForgeRegistry/REGISTRIES]: Registry minecraft:sound_event: Object did not get ID it asked for. Name: epca:infested_husk_hurt Expected: 1706 Got: 1727
[088月2026 14:53:57.614] [main/WARN] [net.minecraftforge.registries.ForgeRegistry/REGISTRIES]: Registry minecraft:sound_event: Object did not get ID it asked for. Name: epca:infested_husk_idle Expected: 1707 Got: 1728
[088月2026 14:53:57.614] [main/WARN] [net.minecraftforge.registries.ForgeRegistry/REGISTRIES]: Registry minecraft:sound_event: Object did not get ID it asked for. Name: epca:infested_sheep_death Expected: 1708 Got: 1729
[088月2026 14:53:57.614] [main/WARN] [net.minecraftforge.registries.ForgeRegistry/REGISTRIES]: Registry minecraft:sound_event: Object did not get ID it asked for. Name: epca:infested_sheep_hurt Expected: 1709 Got: 1730
[088月2026 14:53:57.614] [main/WARN] [net.minecraftforge.registries.ForgeRegistry/REGISTRIES]: Registry minecraft:sound_event: Object did not get ID it asked for. Name: epca:infested_sheep_idle Expected: 1710 Got: 1731
[088月2026 14:53:57.614] [main/WARN] [net.minecraftforge.registries.ForgeRegistry/REGISTRIES]: Registry minecraft:sound_event: Object did not get ID it asked for. Name: epca:infested_sheep_step Expected: 1711 Got: 1732
[088月2026 14:53:57.614] [main/WARN] [net.minecraftforge.registries.ForgeRegistry/REGISTRIES]: Registry minecraft:sound_event: Object did not get ID it asked for. Name: epca:infested_villager_death Expected: 1712 Got: 1733
[088月2026 14:53:57.614] [main/WARN] [net.minecraftforge.registries.ForgeRegistry/REGISTRIES]: Registry minecraft:sound_event: Object did not get ID it asked for. Name: epca:infested_villager_hurt Expected: 1713 Got: 1734
[088月2026 14:53:57.614] [main/WARN] [net.minecraftforge.registries.ForgeRegistry/REGISTRIES]: Registry minecraft:sound_event: Object did not get ID it asked for. Name: epca:infested_villager_idle Expected: 1714 Got: 1735
[088月2026 14:53:57.615] [main/WARN] [net.minecraftforge.registries.ForgeRegistry/REGISTRIES]: Registry minecraft:sound_event: Object did not get ID it asked for. Name: epca:infested_zombie_death Expected: 1715 Got: 1736
[088月2026 14:53:57.615] [main/WARN] [net.minecraftforge.registries.ForgeRegistry/REGISTRIES]: Registry minecraft:sound_event: Object did not get ID it asked for. Name: epca:infested_zombie_hurt Expected: 1716 Got: 1737
[088月2026 14:53:57.615] [main/WARN] [net.minecraftforge.registries.ForgeRegistry/REGISTRIES]: Registry minecraft:sound_event: Object did not get ID it asked for. Name: epca:infested_zombie_idle Expected: 1717 Got: 1738
[088月2026 14:53:57.615] [main/WARN] [net.minecraftforge.registries.ForgeRegistry/REGISTRIES]: Registry minecraft:sound_event: Object did not get ID it asked for. Name: epca:infested_vindicator_death Expected: 1718 Got: 1739
[088月2026 14:53:57.615] [main/WARN] [net.minecraftforge.registries.ForgeRegistry/REGISTRIES]: Registry minecraft:sound_event: Object did not get ID it asked for. Name: epca:infested_vindicator_hurt Expected: 1719 Got: 1740
[088月2026 14:53:57.615] [main/WARN] [net.minecraftforge.registries.ForgeRegistry/REGISTRIES]: Registry minecraft:sound_event: Object did not get ID it asked for. Name: epca:infested_vindicator_idle Expected: 1720 Got: 1741
[088月2026 14:53:57.615] [main/WARN] [net.minecraftforge.registries.ForgeRegistry/REGISTRIES]: Registry minecraft:sound_event: Object did not get ID it asked for. Name: epca:infested_vindicator_targeting Expected: 1721 Got: 1742
[088月2026 14:53:57.615] [main/WARN] [net.minecraftforge.registries.ForgeRegistry/REGISTRIES]: Registry minecraft:sound_event: Object did not get ID it asked for. Name: epca:infested_wolf_death Expected: 1722 Got: 1743
[088月2026 14:53:57.615] [main/WARN] [net.minecraftforge.registries.ForgeRegistry/REGISTRIES]: Registry minecraft:sound_event: Object did not get ID it asked for. Name: epca:infested_wolf_growl Expected: 1723 Got: 1744
[088月2026 14:53:57.615] [main/WARN] [net.minecraftforge.registries.ForgeRegistry/REGISTRIES]: Registry minecraft:sound_event: Object did not get ID it asked for. Name: epca:infested_wolf_howl Expected: 1724 Got: 1745
[088月2026 14:53:57.616] [main/WARN] [net.minecraftforge.registries.ForgeRegistry/REGISTRIES]: Registry minecraft:sound_event: Object did not get ID it asked for. Name: epca:infested_wolf_hurt Expected: 1725 Got: 1746
[088月2026 14:53:57.616] [main/WARN] [net.minecraftforge.registries.ForgeRegistry/REGISTRIES]: Registry minecraft:sound_event: Object did not get ID it asked for. Name: epca:infested_wolf_whine Expected: 1726 Got: 1747
[088月2026 14:53:57.616] [main/WARN] [net.minecraftforge.registries.ForgeRegistry/REGISTRIES]: Registry minecraft:sound_event: Object did not get ID it asked for. Name: epca:infested_skeleton_death Expected: 1727 Got: 1748
[088月2026 14:53:57.616] [main/WARN] [net.minecraftforge.registries.ForgeRegistry/REGISTRIES]: Registry minecraft:sound_event: Object did not get ID it asked for. Name: epca:infested_skeleton_hurt Expected: 1728 Got: 1749
[088月2026 14:53:57.616] [main/WARN] [net.minecraftforge.registries.ForgeRegistry/REGISTRIES]: Registry minecraft:sound_event: Object did not get ID it asked for. Name: epca:infested_skeleton_idle Expected: 1729 Got: 1750
[088月2026 14:53:57.616] [main/WARN] [net.minecraftforge.registries.ForgeRegistry/REGISTRIES]: Registry minecraft:sound_event: Object did not get ID it asked for. Name: epca:infested_skeleton_step Expected: 1730 Got: 1751
[088月2026 14:53:57.616] [main/WARN] [net.minecraftforge.registries.ForgeRegistry/REGISTRIES]: Registry minecraft:sound_event: Object did not get ID it asked for. Name: epca:infested_fox_aggro Expected: 1731 Got: 1752
[088月2026 14:53:57.616] [main/WARN] [net.minecraftforge.registries.ForgeRegistry/REGISTRIES]: Registry minecraft:sound_event: Object did not get ID it asked for. Name: epca:infested_fox_bite Expected: 1732 Got: 1753
[088月2026 14:53:57.616] [main/WARN] [net.minecraftforge.registries.ForgeRegistry/REGISTRIES]: Registry minecraft:sound_event: Object did not get ID it asked for. Name: epca:infested_fox_death Expected: 1733 Got: 1754
[088月2026 14:53:57.616] [main/WARN] [net.minecraftforge.registries.ForgeRegistry/REGISTRIES]: Registry minecraft:sound_event: Object did not get ID it asked for. Name: epca:infested_fox_hurt Expected: 1734 Got: 1755
[088月2026 14:53:57.617] [main/WARN] [net.minecraftforge.registries.ForgeRegistry/REGISTRIES]: Registry minecraft:sound_event: Object did not get ID it asked for. Name: epca:infested_fox_screech Expected: 1735 Got: 1756
[088月2026 14:53:57.617] [main/WARN] [net.minecraftforge.registries.ForgeRegistry/REGISTRIES]: Registry minecraft:sound_event: Object did not get ID it asked for. Name: epca:reshape_step Expected: 1736 Got: 1757
[088月2026 14:53:57.617] [main/WARN] [net.minecraftforge.registries.ForgeRegistry/REGISTRIES]: Registry minecraft:sound_event: Object did not get ID it asked for. Name: epca:reshape_longarms_death Expected: 1737 Got: 1758
[088月2026 14:53:57.617] [main/WARN] [net.minecraftforge.registries.ForgeRegistry/REGISTRIES]: Registry minecraft:sound_event: Object did not get ID it asked for. Name: epca:reshape_longarms_hurt Expected: 1738 Got: 1759
[088月2026 14:53:57.617] [main/WARN] [net.minecraftforge.registries.ForgeRegistry/REGISTRIES]: Registry minecraft:sound_event: Object did not get ID it asked for. Name: epca:reshape_longarms_idle Expected: 1739 Got: 1760
[088月2026 14:53:57.617] [main/WARN] [net.minecraftforge.registries.ForgeRegistry/REGISTRIES]: Registry minecraft:sound_event: Object did not get ID it asked for. Name: epca:reshape_yelloweye_attack Expected: 1740 Got: 1761
[088月2026 14:53:57.617] [main/WARN] [net.minecraftforge.registries.ForgeRegistry/REGISTRIES]: Registry minecraft:sound_event: Object did not get ID it asked for. Name: epca:reshape_yelloweye_gassing Expected: 1741 Got: 1762
[088月2026 14:53:57.617] [main/WARN] [net.minecraftforge.registries.ForgeRegistry/REGISTRIES]: Registry minecraft:sound_event: Object did not get ID it asked for. Name: epca:reshape_yelloweye_idle Expected: 1742 Got: 1763
[088月2026 14:53:57.617] [main/WARN] [net.minecraftforge.registries.ForgeRegistry/REGISTRIES]: Registry minecraft:sound_event: Object did not get ID it asked for. Name: epca:reshape_yelloweye_hurt Expected: 1743 Got: 1764
[088月2026 14:53:57.617] [main/WARN] [net.minecraftforge.registries.ForgeRegistry/REGISTRIES]: Registry minecraft:sound_event: Object did not get ID it asked for. Name: epca:beckon_stage1 Expected: 1744 Got: 1765
[088月2026 14:53:57.617] [main/WARN] [net.minecraftforge.registries.ForgeRegistry/REGISTRIES]: Registry minecraft:sound_event: Object did not get ID it asked for. Name: epca:beckon_stage2 Expected: 1745 Got: 1766
[088月2026 14:53:57.618] [main/WARN] [net.minecraftforge.registries.ForgeRegistry/REGISTRIES]: Registry minecraft:sound_event: Object did not get ID it asked for. Name: epca:ripper_idle Expected: 1746 Got: 1767
[088月2026 14:53:57.618] [main/WARN] [net.minecraftforge.registries.ForgeRegistry/REGISTRIES]: Registry minecraft:sound_event: Object did not get ID it asked for. Name: epca:ripper_step Expected: 1747 Got: 1768
[088月2026 14:53:57.618] [main/WARN] [net.minecraftforge.registries.ForgeRegistry/REGISTRIES]: Registry minecraft:sound_event: Object did not get ID it asked for. Name: epca:ripper_hurt Expected: 1748 Got: 1769
[088月2026 14:53:57.618] [main/WARN] [net.minecraftforge.registries.ForgeRegistry/REGISTRIES]: Registry minecraft:sound_event: Object did not get ID it asked for. Name: epca:ripper_death Expected: 1749 Got: 1770
[088月2026 14:53:57.618] [main/WARN] [net.minecraftforge.registries.ForgeRegistry/REGISTRIES]: Registry minecraft:sound_event: Object did not get ID it asked for. Name: epca:curbug_evolve Expected: 1750 Got: 1771
[088月2026 14:53:57.618] [main/WARN] [net.minecraftforge.registries.ForgeRegistry/REGISTRIES]: Registry minecraft:sound_event: Object did not get ID it asked for. Name: epca:curbug_say Expected: 1751 Got: 1772
[088月2026 14:53:57.618] [main/WARN] [net.minecraftforge.registries.ForgeRegistry/REGISTRIES]: Registry minecraft:sound_event: Object did not get ID it asked for. Name: epca:mozzie_idle Expected: 1752 Got: 1773
[088月2026 14:53:57.618] [main/WARN] [net.minecraftforge.registries.ForgeRegistry/REGISTRIES]: Registry minecraft:sound_event: Object did not get ID it asked for. Name: epca:mozzie_hurt Expected: 1753 Got: 1774
[088月2026 14:53:57.618] [main/WARN] [net.minecraftforge.registries.ForgeRegistry/REGISTRIES]: Registry minecraft:sound_event: Object did not get ID it asked for. Name: epca:mozzie_death Expected: 1754 Got: 1775
[088月2026 14:53:57.618] [main/WARN] [net.minecraftforge.registries.ForgeRegistry/REGISTRIES]: Registry minecraft:sound_event: Object did not get ID it asked for. Name: epca:phase0 Expected: 1755 Got: 1776
[088月2026 14:53:57.618] [main/WARN] [net.minecraftforge.registries.ForgeRegistry/REGISTRIES]: Registry minecraft:sound_event: Object did not get ID it asked for. Name: epca:phase1 Expected: 1756 Got: 1777
[088月2026 14:53:57.619] [main/WARN] [net.minecraftforge.registries.ForgeRegistry/REGISTRIES]: Registry minecraft:sound_event: Object did not get ID it asked for. Name: epca:phase2 Expected: 1757 Got: 1778
[088月2026 14:53:57.619] [main/WARN] [net.minecraftforge.registries.ForgeRegistry/REGISTRIES]: Registry minecraft:sound_event: Object did not get ID it asked for. Name: epca:phase3 Expected: 1758 Got: 1779
[088月2026 14:53:57.619] [main/WARN] [net.minecraftforge.registries.ForgeRegistry/REGISTRIES]: Registry minecraft:sound_event: Object did not get ID it asked for. Name: epca:phase4 Expected: 1759 Got: 1780
[088月2026 14:53:57.619] [main/WARN] [net.minecraftforge.registries.ForgeRegistry/REGISTRIES]: Registry minecraft:sound_event: Object did not get ID it asked for. Name: epca:phase5 Expected: 1760 Got: 1781
[088月2026 14:53:57.619] [main/WARN] [net.minecraftforge.registries.ForgeRegistry/REGISTRIES]: Registry minecraft:sound_event: Object did not get ID it asked for. Name: epca:phase6 Expected: 1761 Got: 1782
[088月2026 14:53:57.619] [main/WARN] [net.minecraftforge.registries.ForgeRegistry/REGISTRIES]: Registry minecraft:sound_event: Object did not get ID it asked for. Name: epca:phase7 Expected: 1762 Got: 1783
[088月2026 14:53:57.619] [main/WARN] [net.minecraftforge.registries.ForgeRegistry/REGISTRIES]: Registry minecraft:sound_event: Object did not get ID it asked for. Name: epca:phase8 Expected: 1763 Got: 1784
[088月2026 14:53:57.619] [main/WARN] [net.minecraftforge.registries.ForgeRegistry/REGISTRIES]: Registry minecraft:sound_event: Object did not get ID it asked for. Name: epca:phase9 Expected: 1764 Got: 1785
[088月2026 14:53:57.619] [main/WARN] [net.minecraftforge.registries.ForgeRegistry/REGISTRIES]: Registry minecraft:sound_event: Object did not get ID it asked for. Name: epca:phase10 Expected: 1765 Got: 1786
[088月2026 14:53:57.619] [main/WARN] [net.minecraftforge.registries.ForgeRegistry/REGISTRIES]: Registry minecraft:sound_event: Object did not get ID it asked for. Name: epca:parcial_adaptation Expected: 1766 Got: 1787
[088月2026 14:53:57.619] [main/WARN] [net.minecraftforge.registries.ForgeRegistry/REGISTRIES]: Registry minecraft:sound_event: Object did not get ID it asked for. Name: epca:full_adaptation Expected: 1767 Got: 1788
[088月2026 14:53:57.619] [main/WARN] [net.minecraftforge.registries.ForgeRegistry/REGISTRIES]: Registry minecraft:sound_event: Object did not get ID it asked for. Name: geckolib:jack_in_the_box_music Expected: 1768 Got: 1789
[088月2026 14:53:57.620] [main/WARN] [net.minecraftforge.registries.ForgeRegistry/REGISTRIES]: Registry minecraft:sound_event: Object did not get ID it asked for. Name: patchouli:book_open Expected: 1769 Got: 1790
[088月2026 14:53:57.620] [main/WARN] [net.minecraftforge.registries.ForgeRegistry/REGISTRIES]: Registry minecraft:sound_event: Object did not get ID it asked for. Name: patchouli:book_flip Expected: 1770 Got: 1791
[088月2026 14:53:57.620] [main/WARN] [net.minecraftforge.registries.ForgeRegistry/REGISTRIES]: Registry minecraft:entity_type: Object did not get ID it asked for. Name: caerula_arbor:run_fish Expected: 124 Got: 184
[088月2026 14:53:57.620] [main/WARN] [net.minecraftforge.registries.ForgeRegistry/REGISTRIES]: Registry minecraft:entity_type: Object did not get ID it asked for. Name: caerula_arbor:slider_fish Expected: 125 Got: 185
[088月2026 14:53:57.620] [main/WARN] [net.minecraftforge.registries.ForgeRegistry/REGISTRIES]: Registry minecraft:entity_type: Object did not get ID it asked for. Name: caerula_arbor:super_slider Expected: 126 Got: 186
[088月2026 14:53:57.621] [main/WARN] [net.minecraftforge.registries.ForgeRegistry/REGISTRIES]: Registry minecraft:entity_type: Object did not get ID it asked for. Name: caerula_arbor:shooter_fish Expected: 127 Got: 187
[088月2026 14:53:57.621] [main/WARN] [net.minecraftforge.registries.ForgeRegistry/REGISTRIES]: Registry minecraft:entity_type: Object did not get ID it asked for. Name: caerula_arbor:fish_shoot Expected: 128 Got: 188
[088月2026 14:53:57.621] [main/WARN] [net.minecraftforge.registries.ForgeRegistry/REGISTRIES]: Registry minecraft:entity_type: Object did not get ID it asked for. Name: caerula_arbor:fly_fish Expected: 129 Got: 189
[088月2026 14:53:57.621] [main/WARN] [net.minecraftforge.registries.ForgeRegistry/REGISTRIES]: Registry minecraft:entity_type: Object did not get ID it asked for. Name: caerula_arbor:reaper_fish Expected: 130 Got: 190
[088月2026 14:53:57.621] [main/WARN] [net.minecraftforge.registries.ForgeRegistry/REGISTRIES]: Registry minecraft:entity_type: Object did not get ID it asked for. Name: caerula_arbor:creeper_fish Expected: 131 Got: 191
[088月2026 14:53:57.621] [main/WARN] [net.minecraftforge.registries.ForgeRegistry/REGISTRIES]: Registry minecraft:entity_type: Object did not get ID it asked for. Name: caerula_arbor:puncture_fish Expected: 132 Got: 192
[088月2026 14:53:57.621] [main/WARN] [net.minecraftforge.registries.ForgeRegistry/REGISTRIES]: Registry minecraft:entity_type: Object did not get ID it asked for. Name: caerula_arbor:baselayer_abyssal Expected: 133 Got: 193
[088月2026 14:53:57.621] [main/WARN] [net.minecraftforge.registries.ForgeRegistry/REGISTRIES]: Registry minecraft:entity_type: Object did not get ID it asked for. Name: caerula_arbor:predator_abyssal Expected: 134 Got: 194
[088月2026 14:53:57.621] [main/WARN] [net.minecraftforge.registries.ForgeRegistry/REGISTRIES]: Registry minecraft:entity_type: Object did not get ID it asked for. Name: caerula_arbor:guide_abyssal Expected: 135 Got: 195
[088月2026 14:53:57.621] [main/WARN] [net.minecraftforge.registries.ForgeRegistry/REGISTRIES]: Registry minecraft:entity_type: Object did not get ID it asked for. Name: caerula_arbor:splasher_abyssal Expected: 136 Got: 196
[088月2026 14:53:57.622] [main/WARN] [net.minecraftforge.registries.ForgeRegistry/REGISTRIES]: Registry minecraft:entity_type: Object did not get ID it asked for. Name: caerula_arbor:fish_splash Expected: 137 Got: 197
[088月2026 14:53:57.622] [main/WARN] [net.minecraftforge.registries.ForgeRegistry/REGISTRIES]: Registry minecraft:entity_type: Object did not get ID it asked for. Name: caerula_arbor:umbrella_abyssal Expected: 138 Got: 198
[088月2026 14:53:57.622] [main/WARN] [net.minecraftforge.registries.ForgeRegistry/REGISTRIES]: Registry minecraft:entity_type: Object did not get ID it asked for. Name: caerula_arbor:cracker_abyssal Expected: 139 Got: 199
[088月2026 14:53:57.622] [main/WARN] [net.minecraftforge.registries.ForgeRegistry/REGISTRIES]: Registry minecraft:entity_type: Object did not get ID it asked for. Name: caerula_arbor:collector_prokaryote Expected: 140 Got: 200
[088月2026 14:53:57.622] [main/WARN] [net.minecraftforge.registries.ForgeRegistry/REGISTRIES]: Registry minecraft:entity_type: Object did not get ID it asked for. Name: caerula_arbor:bone_fish Expected: 141 Got: 201
[088月2026 14:53:57.622] [main/WARN] [net.minecraftforge.registries.ForgeRegistry/REGISTRIES]: Registry minecraft:entity_type: Object did not get ID it asked for. Name: caerula_arbor:chiseler_fish Expected: 142 Got: 202
[088月2026 14:53:57.622] [main/WARN] [net.minecraftforge.registries.ForgeRegistry/REGISTRIES]: Registry minecraft:entity_type: Object did not get ID it asked for. Name: caerula_arbor:fakergg_shoot Expected: 143 Got: 203
[088月2026 14:53:57.622] [main/WARN] [net.minecraftforge.registries.ForgeRegistry/REGISTRIES]: Registry minecraft:entity_type: Object did not get ID it asked for. Name: caerula_arbor:pregnant_fish Expected: 144 Got: 204
[088月2026 14:53:57.622] [main/WARN] [net.minecraftforge.registries.ForgeRegistry/REGISTRIES]: Registry minecraft:entity_type: Object did not get ID it asked for. Name: caerula_arbor:fake_offspring Expected: 145 Got: 205
[088月2026 14:53:57.622] [main/WARN] [net.minecraftforge.registries.ForgeRegistry/REGISTRIES]: Registry minecraft:entity_type: Object did not get ID it asked for. Name: caerula_arbor:fleefish_bullet Expected: 146 Got: 206
[088月2026 14:53:57.622] [main/WARN] [net.minecraftforge.registries.ForgeRegistry/REGISTRIES]: Registry minecraft:entity_type: Object did not get ID it asked for. Name: caerula_arbor:flee_fish Expected: 147 Got: 207
[088月2026 14:53:57.623] [main/WARN] [net.minecraftforge.registries.ForgeRegistry/REGISTRIES]: Registry minecraft:entity_type: Object did not get ID it asked for. Name: caerula_arbor:route_shaper Expected: 148 Got: 208
[088月2026 14:53:57.623] [main/WARN] [net.minecraftforge.registries.ForgeRegistry/REGISTRIES]: Registry minecraft:entity_type: Object did not get ID it asked for. Name: caerula_arbor:route_fractal Expected: 149 Got: 209
[088月2026 14:53:57.623] [main/WARN] [net.minecraftforge.registries.ForgeRegistry/REGISTRIES]: Registry minecraft:entity_type: Object did not get ID it asked for. Name: caerula_arbor:teller_shot Expected: 150 Got: 210
[088月2026 14:53:57.623] [main/WARN] [net.minecraftforge.registries.ForgeRegistry/REGISTRIES]: Registry minecraft:entity_type: Object did not get ID it asked for. Name: caerula_arbor:first_to_talk Expected: 151 Got: 211
[088月2026 14:53:57.623] [main/WARN] [net.minecraftforge.registries.ForgeRegistry/REGISTRIES]: Registry minecraft:entity_type: Object did not get ID it asked for. Name: caerula_arbor:reaper_pet Expected: 152 Got: 212
[088月2026 14:53:57.623] [main/WARN] [net.minecraftforge.registries.ForgeRegistry/REGISTRIES]: Registry minecraft:entity_type: Object did not get ID it asked for. Name: caerula_arbor:bishop_fish Expected: 153 Got: 213
[088月2026 14:53:57.623] [main/WARN] [net.minecraftforge.registries.ForgeRegistry/REGISTRIES]: Registry minecraft:entity_type: Object did not get ID it asked for. Name: caerula_arbor:tide_bishop Expected: 154 Got: 214
[088月2026 14:53:57.623] [main/WARN] [net.minecraftforge.registries.ForgeRegistry/REGISTRIES]: Registry minecraft:entity_type: Object did not get ID it asked for. Name: caerula_arbor:sons Expected: 155 Got: 215
[088月2026 14:53:57.623] [main/WARN] [net.minecraftforge.registries.ForgeRegistry/REGISTRIES]: Registry minecraft:entity_type: Object did not get ID it asked for. Name: caerula_arbor:floater_prokaryote Expected: 156 Got: 216
[088月2026 14:53:57.623] [main/WARN] [net.minecraftforge.registries.ForgeRegistry/REGISTRIES]: Registry minecraft:entity_type: Object did not get ID it asked for. Name: caerula_arbor:chitin_golem Expected: 157 Got: 217
[088月2026 14:53:57.623] [main/WARN] [net.minecraftforge.registries.ForgeRegistry/REGISTRIES]: Registry minecraft:entity_type: Object did not get ID it asked for. Name: caerula_arbor:tide_deathrepeller Expected: 158 Got: 218
[088月2026 14:53:57.623] [main/WARN] [net.minecraftforge.registries.ForgeRegistry/REGISTRIES]: Registry minecraft:entity_type: Object did not get ID it asked for. Name: caerula_arbor:mega_chest Expected: 159 Got: 219
[088月2026 14:53:57.624] [main/WARN] [net.minecraftforge.registries.ForgeRegistry/REGISTRIES]: Registry minecraft:entity_type: Object did not get ID it asked for. Name: caerula_arbor:apostle_prokaryote Expected: 160 Got: 220
[088月2026 14:53:57.624] [main/WARN] [net.minecraftforge.registries.ForgeRegistry/REGISTRIES]: Registry minecraft:entity_type: Object did not get ID it asked for. Name: caerula_arbor:highmore_shoot Expected: 161 Got: 221
[088月2026 14:53:57.624] [main/WARN] [net.minecraftforge.registries.ForgeRegistry/REGISTRIES]: Registry minecraft:entity_type: Object did not get ID it asked for. Name: caerula_arbor:highmore Expected: 162 Got: 222
[088月2026 14:53:57.624] [main/WARN] [net.minecraftforge.registries.ForgeRegistry/REGISTRIES]: Registry minecraft:entity_type: Object did not get ID it asked for. Name: caerula_arbor:accumulator_prokaryote Expected: 163 Got: 223
[088月2026 14:53:57.624] [main/WARN] [net.minecraftforge.registries.ForgeRegistry/REGISTRIES]: Registry minecraft:entity_type: Object did not get ID it asked for. Name: caerula_arbor:feeder_prokaryote Expected: 164 Got: 224
[088月2026 14:53:57.624] [main/WARN] [net.minecraftforge.registries.ForgeRegistry/REGISTRIES]: Registry minecraft:entity_type: Object did not get ID it asked for. Name: caerula_arbor:chest_fish Expected: 165 Got: 225
[088月2026 14:53:57.624] [main/WARN] [net.minecraftforge.registries.ForgeRegistry/REGISTRIES]: Registry minecraft:entity_type: Object did not get ID it asked for. Name: caerula_arbor:spike_chest Expected: 166 Got: 226
[088月2026 14:53:57.624] [main/WARN] [net.minecraftforge.registries.ForgeRegistry/REGISTRIES]: Registry minecraft:entity_type: Object did not get ID it asked for. Name: caerula_arbor:skadi Expected: 167 Got: 227
[088月2026 14:53:57.624] [main/WARN] [net.minecraftforge.registries.ForgeRegistry/REGISTRIES]: Registry minecraft:entity_type: Object did not get ID it asked for. Name: caerula_arbor:depositer_prokaryote Expected: 168 Got: 228
[088月2026 14:53:57.624] [main/WARN] [net.minecraftforge.registries.ForgeRegistry/REGISTRIES]: Registry minecraft:entity_type: Object did not get ID it asked for. Name: caerula_arbor:oceanized_villager Expected: 169 Got: 229
[088月2026 14:53:57.624] [main/WARN] [net.minecraftforge.registries.ForgeRegistry/REGISTRIES]: Registry minecraft:entity_type: Object did not get ID it asked for. Name: caerula_arbor:oceanized_vindicator Expected: 170 Got: 230
[088月2026 14:53:57.625] [main/WARN] [net.minecraftforge.registries.ForgeRegistry/REGISTRIES]: Registry minecraft:entity_type: Object did not get ID it asked for. Name: caerula_arbor:shot_ocean_arrow Expected: 171 Got: 231
[088月2026 14:53:57.625] [main/WARN] [net.minecraftforge.registries.ForgeRegistry/REGISTRIES]: Registry minecraft:entity_type: Object did not get ID it asked for. Name: caerula_arbor:oceanized_pillager Expected: 172 Got: 232
[088月2026 14:53:57.625] [main/WARN] [net.minecraftforge.registries.ForgeRegistry/REGISTRIES]: Registry minecraft:entity_type: Object did not get ID it asked for. Name: caerula_arbor:anchor_fly Expected: 173 Got: 233
[088月2026 14:53:57.625] [main/WARN] [net.minecraftforge.registries.ForgeRegistry/REGISTRIES]: Registry minecraft:entity_type: Object did not get ID it asked for. Name: caerula_arbor:oceanized_pig Expected: 174 Got: 234
[088月2026 14:53:57.625] [main/WARN] [net.minecraftforge.registries.ForgeRegistry/REGISTRIES]: Registry minecraft:entity_type: Object did not get ID it asked for. Name: caerula_arbor:oceanized_cow Expected: 175 Got: 235
[088月2026 14:53:57.625] [main/WARN] [net.minecraftforge.registries.ForgeRegistry/REGISTRIES]: Registry minecraft:entity_type: Object did not get ID it asked for. Name: caerula_arbor:oceanized_sheep Expected: 176 Got: 236
[088月2026 14:53:57.625] [main/WARN] [net.minecraftforge.registries.ForgeRegistry/REGISTRIES]: Registry minecraft:entity_type: Object did not get ID it asked for. Name: caerula_arbor:oceanized_horse Expected: 177 Got: 237
[088月2026 14:53:57.625] [main/WARN] [net.minecraftforge.registries.ForgeRegistry/REGISTRIES]: Registry minecraft:entity_type: Object did not get ID it asked for. Name: caerula_arbor:oceanized_piglin Expected: 178 Got: 238
[088月2026 14:53:57.625] [main/WARN] [net.minecraftforge.registries.ForgeRegistry/REGISTRIES]: Registry minecraft:entity_type: Object did not get ID it asked for. Name: caerula_arbor:oceanized_brute Expected: 179 Got: 239
[088月2026 14:53:57.626] [main/WARN] [net.minecraftforge.registries.ForgeRegistry/REGISTRIES]: Registry minecraft:entity_type: Object did not get ID it asked for. Name: caerula_arbor:oceanized_spider Expected: 180 Got: 240
[088月2026 14:53:57.626] [main/WARN] [net.minecraftforge.registries.ForgeRegistry/REGISTRIES]: Registry minecraft:entity_type: Object did not get ID it asked for. Name: caerula_arbor:oceanized_enderman Expected: 181 Got: 241
[088月2026 14:53:57.626] [main/WARN] [net.minecraftforge.registries.ForgeRegistry/REGISTRIES]: Registry minecraft:entity_type: Object did not get ID it asked for. Name: caerula_arbor:oceanized_wolf Expected: 182 Got: 242
[088月2026 14:53:57.626] [main/WARN] [net.minecraftforge.registries.ForgeRegistry/REGISTRIES]: Registry minecraft:entity_type: Object did not get ID it asked for. Name: caerula_arbor:oceanized_dog Expected: 183 Got: 243
[088月2026 14:53:57.626] [main/WARN] [net.minecraftforge.registries.ForgeRegistry/REGISTRIES]: Registry minecraft:entity_type: Object did not get ID it asked for. Name: caerula_arbor:oceanized_ravager Expected: 184 Got: 244
[088月2026 14:53:57.626] [main/WARN] [net.minecraftforge.registries.ForgeRegistry/REGISTRIES]: Registry minecraft:entity_type: Object did not get ID it asked for. Name: caerula_arbor:oceanized_witch Expected: 185 Got: 245
[088月2026 14:53:57.626] [main/WARN] [net.minecraftforge.registries.ForgeRegistry/REGISTRIES]: Registry minecraft:entity_type: Object did not get ID it asked for. Name: caerula_arbor:throwable_potion Expected: 186 Got: 246
[088月2026 14:53:57.626] [main/WARN] [net.minecraftforge.registries.ForgeRegistry/REGISTRIES]: Registry minecraft:entity_type: Object did not get ID it asked for. Name: caerula_arbor:izumik_offspring Expected: 187 Got: 247
[088月2026 14:53:57.626] [main/WARN] [net.minecraftforge.registries.ForgeRegistry/REGISTRIES]: Registry minecraft:entity_type: Object did not get ID it asked for. Name: caerula_arbor:izumik Expected: 188 Got: 248
[088月2026 14:53:57.627] [main/WARN] [net.minecraftforge.registries.ForgeRegistry/REGISTRIES]: Registry minecraft:entity_type: Object did not get ID it asked for. Name: caerula_arbor:divicellular_go Expected: 189 Got: 249
[088月2026 14:53:57.627] [main/WARN] [net.minecraftforge.registries.ForgeRegistry/REGISTRIES]: Registry minecraft:entity_type: Object did not get ID it asked for. Name: caerula_arbor:oceanized_evoker Expected: 190 Got: 250
[088月2026 14:53:57.627] [main/WARN] [net.minecraftforge.registries.ForgeRegistry/REGISTRIES]: Registry minecraft:entity_type: Object did not get ID it asked for. Name: caerula_arbor:junior_warrior_priest Expected: 191 Got: 251
[088月2026 14:53:57.627] [main/WARN] [net.minecraftforge.registries.ForgeRegistry/REGISTRIES]: Registry minecraft:entity_type: Object did not get ID it asked for. Name: caerula_arbor:warrior_priest Expected: 192 Got: 252
[088月2026 14:53:57.627] [main/WARN] [net.minecraftforge.registries.ForgeRegistry/REGISTRIES]: Registry minecraft:entity_type: Object did not get ID it asked for. Name: caerula_arbor:correctional_phalanxy_infantry Expected: 193 Got: 253
[088月2026 14:53:57.627] [main/WARN] [net.minecraftforge.registries.ForgeRegistry/REGISTRIES]: Registry minecraft:entity_type: Object did not get ID it asked for. Name: caerula_arbor:correctional_phalax_vanguard Expected: 194 Got: 254
[088月2026 14:53:57.627] [main/WARN] [net.minecraftforge.registries.ForgeRegistry/REGISTRIES]: Registry minecraft:entity_type: Object did not get ID it asked for. Name: caerula_arbor:tribunal_healer Expected: 195 Got: 255
[088月2026 14:53:57.627] [main/WARN] [net.minecraftforge.registries.ForgeRegistry/REGISTRIES]: Registry minecraft:entity_type: Object did not get ID it asked for. Name: caerula_arbor:heal_bulllet Expected: 196 Got: 256
[088月2026 14:53:57.627] [main/WARN] [net.minecraftforge.registries.ForgeRegistry/REGISTRIES]: Registry minecraft:entity_type: Object did not get ID it asked for. Name: caerula_arbor:martus Expected: 197 Got: 257
[088月2026 14:53:57.627] [main/WARN] [net.minecraftforge.registries.ForgeRegistry/REGISTRIES]: Registry minecraft:entity_type: Object did not get ID it asked for. Name: caerula_arbor:the_abandoned Expected: 198 Got: 258
[088月2026 14:53:57.627] [main/WARN] [net.minecraftforge.registries.ForgeRegistry/REGISTRIES]: Registry minecraft:entity_type: Object did not get ID it asked for. Name: caerula_arbor:abandoned_shoot Expected: 199 Got: 259
[088月2026 14:53:57.627] [main/WARN] [net.minecraftforge.registries.ForgeRegistry/REGISTRIES]: Registry minecraft:entity_type: Object did not get ID it asked for. Name: caerula_arbor:gunmu Expected: 200 Got: 260
[088月2026 14:53:57.628] [main/WARN] [net.minecraftforge.registries.ForgeRegistry/REGISTRIES]: Registry minecraft:entity_type: Object did not get ID it asked for. Name: caerula_arbor:oceanized_warden Expected: 201 Got: 261
[088月2026 14:53:57.628] [main/WARN] [net.minecraftforge.registries.ForgeRegistry/REGISTRIES]: Registry minecraft:entity_type: Object did not get ID it asked for. Name: caerula_arbor:oceanized_cat Expected: 202 Got: 262
[088月2026 14:53:57.628] [main/WARN] [net.minecraftforge.registries.ForgeRegistry/REGISTRIES]: Registry minecraft:entity_type: Object did not get ID it asked for. Name: caerula_arbor:super_big_cat Expected: 203 Got: 263
[088月2026 14:53:57.628] [main/WARN] [net.minecraftforge.registries.ForgeRegistry/REGISTRIES]: Registry minecraft:entity_type: Object did not get ID it asked for. Name: caerula_arbor:complex_chitin_golem Expected: 204 Got: 264
[088月2026 14:53:57.628] [main/WARN] [net.minecraftforge.registries.ForgeRegistry/REGISTRIES]: Registry minecraft:entity_type: Object did not get ID it asked for. Name: caerula_arbor:oceanized_wardenis Expected: 205 Got: 265
[088月2026 14:53:57.628] [main/WARN] [net.minecraftforge.registries.ForgeRegistry/REGISTRIES]: Registry minecraft:entity_type: Object did not get ID it asked for. Name: caerula_arbor:nucleic_maleficent Expected: 206 Got: 266
[088月2026 14:53:57.628] [main/WARN] [net.minecraftforge.registries.ForgeRegistry/REGISTRIES]: Registry minecraft:entity_type: Object did not get ID it asked for. Name: caerula_arbor:oceanized_wither Expected: 207 Got: 267
[088月2026 14:53:57.628] [main/WARN] [net.minecraftforge.registries.ForgeRegistry/REGISTRIES]: Registry minecraft:entity_type: Object did not get ID it asked for. Name: caerula_arbor:wither_shoot_pre Expected: 208 Got: 268
[088月2026 14:53:57.628] [main/WARN] [net.minecraftforge.registries.ForgeRegistry/REGISTRIES]: Registry minecraft:entity_type: Object did not get ID it asked for. Name: caerula_arbor:oceanized_witheria Expected: 209 Got: 269
[088月2026 14:53:57.628] [main/WARN] [net.minecraftforge.registries.ForgeRegistry/REGISTRIES]: Registry minecraft:entity_type: Object did not get ID it asked for. Name: caerula_arbor:the_last_knight Expected: 210 Got: 270
[088月2026 14:53:57.629] [main/WARN] [net.minecraftforge.registries.ForgeRegistry/REGISTRIES]: Registry minecraft:entity_type: Object did not get ID it asked for. Name: caerula_arbor:last_knight_and_horse Expected: 211 Got: 271
[088月2026 14:53:57.629] [main/WARN] [net.minecraftforge.registries.ForgeRegistry/REGISTRIES]: Registry minecraft:entity_type: Object did not get ID it asked for. Name: caerula_arbor:rocinante Expected: 212 Got: 272
[088月2026 14:53:57.629] [main/WARN] [net.minecraftforge.registries.ForgeRegistry/REGISTRIES]: Registry minecraft:entity_type: Object did not get ID it asked for. Name: caerula_arbor:apocata Expected: 213 Got: 273
[088月2026 14:53:57.629] [main/WARN] [net.minecraftforge.registries.ForgeRegistry/REGISTRIES]: Registry minecraft:entity_type: Object did not get ID it asked for. Name: caerula_arbor:oceanized_fox Expected: 214 Got: 274
[088月2026 14:53:57.629] [main/WARN] [net.minecraftforge.registries.ForgeRegistry/REGISTRIES]: Registry minecraft:entity_type: Object did not get ID it asked for. Name: caerula_arbor:tidutant_excrescence Expected: 215 Got: 275
[088月2026 14:53:57.629] [main/WARN] [net.minecraftforge.registries.ForgeRegistry/REGISTRIES]: Registry minecraft:entity_type: Object did not get ID it asked for. Name: caerula_arbor:oceanized_polar_bear Expected: 216 Got: 276
[088月2026 14:53:57.629] [main/WARN] [net.minecraftforge.registries.ForgeRegistry/REGISTRIES]: Registry minecraft:entity_type: Object did not get ID it asked for. Name: caerula_arbor:tidutant_rock_spider Expected: 217 Got: 277
[088月2026 14:53:57.630] [main/WARN] [net.minecraftforge.registries.ForgeRegistry/REGISTRIES]: Registry minecraft:entity_type: Object did not get ID it asked for. Name: caerula_arbor:endspeaker_0 Expected: 218 Got: 278
[088月2026 14:53:57.630] [main/WARN] [net.minecraftforge.registries.ForgeRegistry/REGISTRIES]: Registry minecraft:entity_type: Object did not get ID it asked for. Name: caerula_arbor:endspeaker_1 Expected: 219 Got: 279
[088月2026 14:53:57.630] [main/WARN] [net.minecraftforge.registries.ForgeRegistry/REGISTRIES]: Registry minecraft:entity_type: Object did not get ID it asked for. Name: caerula_arbor:endspeaker_2 Expected: 220 Got: 280
[088月2026 14:53:57.630] [main/WARN] [net.minecraftforge.registries.ForgeRegistry/REGISTRIES]: Registry minecraft:entity_type: Object did not get ID it asked for. Name: caerula_arbor:endspeaker_3 Expected: 221 Got: 281
[088月2026 14:53:57.630] [main/WARN] [net.minecraftforge.registries.ForgeRegistry/REGISTRIES]: Registry minecraft:entity_type: Object did not get ID it asked for. Name: caerula_arbor:lingering_pathshaper Expected: 222 Got: 282
[088月2026 14:53:57.630] [main/WARN] [net.minecraftforge.registries.ForgeRegistry/REGISTRIES]: Registry minecraft:entity_type: Object did not get ID it asked for. Name: caerula_arbor:lingering_fractal Expected: 223 Got: 283
[088月2026 14:53:57.630] [main/WARN] [net.minecraftforge.registries.ForgeRegistry/REGISTRIES]: Registry minecraft:entity_type: Object did not get ID it asked for. Name: caerula_arbor:little_helper Expected: 224 Got: 284
[088月2026 14:53:57.631] [main/WARN] [net.minecraftforge.registries.ForgeRegistry/REGISTRIES]: Registry minecraft:entity_type: Object did not get ID it asked for. Name: caerula_arbor:al_1_s_helper Expected: 225 Got: 285
[088月2026 14:53:57.631] [main/WARN] [net.minecraftforge.registries.ForgeRegistry/REGISTRIES]: Registry minecraft:entity_type: Object did not get ID it asked for. Name: caerula_arbor:damage_tester Expected: 226 Got: 286
[088月2026 14:53:57.631] [main/WARN] [net.minecraftforge.registries.ForgeRegistry/REGISTRIES]: Registry minecraft:entity_type: Object did not get ID it asked for. Name: caerula_arbor:ulpians Expected: 227 Got: 287
[088月2026 14:53:57.631] [main/WARN] [net.minecraftforge.registries.ForgeRegistry/REGISTRIES]: Registry minecraft:entity_type: Object did not get ID it asked for. Name: caerula_arbor:gladiia Expected: 228 Got: 288
[088月2026 14:53:57.631] [main/WARN] [net.minecraftforge.registries.ForgeRegistry/REGISTRIES]: Registry minecraft:entity_type: Object did not get ID it asked for. Name: caerula_arbor:gladiia_whirl Expected: 229 Got: 289
[088月2026 14:53:57.631] [main/WARN] [net.minecraftforge.registries.ForgeRegistry/REGISTRIES]: Registry minecraft:entity_type: Object did not get ID it asked for. Name: caerula_arbor:specter Expected: 230 Got: 290
[088月2026 14:53:57.631] [main/WARN] [net.minecraftforge.registries.ForgeRegistry/REGISTRIES]: Registry minecraft:entity_type: Object did not get ID it asked for. Name: caerula_arbor:specter_doll Expected: 231 Got: 291
[088月2026 14:53:57.631] [main/WARN] [net.minecraftforge.registries.ForgeRegistry/REGISTRIES]: Registry minecraft:entity_type: Object did not get ID it asked for. Name: caerula_arbor:irene Expected: 232 Got: 292
[088月2026 14:53:57.631] [main/WARN] [net.minecraftforge.registries.ForgeRegistry/REGISTRIES]: Registry minecraft:entity_type: Object did not get ID it asked for. Name: caerula_arbor:tide_chimera Expected: 233 Got: 293
[088月2026 14:53:57.631] [main/WARN] [net.minecraftforge.registries.ForgeRegistry/REGISTRIES]: Registry minecraft:entity_type: Object did not get ID it asked for. Name: caerula_arbor:skadi_corrupted Expected: 234 Got: 294
[088月2026 14:53:57.631] [main/WARN] [net.minecraftforge.registries.ForgeRegistry/REGISTRIES]: Registry minecraft:entity_type: Object did not get ID it asked for. Name: caerula_arbor:oceanize_rabbit Expected: 235 Got: 295
[088月2026 14:53:57.632] [main/WARN] [net.minecraftforge.registries.ForgeRegistry/REGISTRIES]: Registry minecraft:entity_type: Object did not get ID it asked for. Name: caerula_arbor:saint_carmen Expected: 236 Got: 296
[088月2026 14:53:57.632] [main/WARN] [net.minecraftforge.registries.ForgeRegistry/REGISTRIES]: Registry minecraft:entity_type: Object did not get ID it asked for. Name: caerula_arbor:carmen_bullet Expected: 237 Got: 297
[088月2026 14:53:57.632] [main/WARN] [net.minecraftforge.registries.ForgeRegistry/REGISTRIES]: Registry minecraft:entity_type: Object did not get ID it asked for. Name: caerula_arbor:oceanized_illusioner Expected: 238 Got: 298
[088月2026 14:53:57.632] [main/WARN] [net.minecraftforge.registries.ForgeRegistry/REGISTRIES]: Registry minecraft:entity_type: Object did not get ID it asked for. Name: caerula_arbor:ocean_illusion Expected: 239 Got: 299
[088月2026 14:53:57.632] [main/WARN] [net.minecraftforge.registries.ForgeRegistry/REGISTRIES]: Registry minecraft:entity_type: Object did not get ID it asked for. Name: caerula_arbor:flamarine_statue Expected: 240 Got: 300
[088月2026 14:53:57.632] [main/WARN] [net.minecraftforge.registries.ForgeRegistry/REGISTRIES]: Registry minecraft:entity_type: Object did not get ID it asked for. Name: caerula_arbor:nautilus_headhunter Expected: 241 Got: 301
[088月2026 14:53:57.632] [main/WARN] [net.minecraftforge.registries.ForgeRegistry/REGISTRIES]: Registry minecraft:entity_type: Object did not get ID it asked for. Name: caerula_arbor:xantis Expected: 242 Got: 302
[088月2026 14:53:57.632] [main/WARN] [net.minecraftforge.registries.ForgeRegistry/REGISTRIES]: Registry minecraft:entity_type: Object did not get ID it asked for. Name: caerula_arbor:flamarine_golem Expected: 243 Got: 303
[088月2026 14:53:57.632] [main/WARN] [net.minecraftforge.registries.ForgeRegistry/REGISTRIES]: Registry minecraft:entity_type: Object did not get ID it asked for. Name: caerula_arbor:oceanized_vex Expected: 244 Got: 304
[088月2026 14:53:57.632] [main/WARN] [net.minecraftforge.registries.ForgeRegistry/REGISTRIES]: Registry minecraft:entity_type: Object did not get ID it asked for. Name: caerula_arbor:isharmla Expected: 245 Got: 305
[088月2026 14:53:57.633] [main/WARN] [net.minecraftforge.registries.ForgeRegistry/REGISTRIES]: Registry minecraft:entity_type: Object did not get ID it asked for. Name: caerula_arbor:qunyou_wanted_isharmla Expected: 246 Got: 306
[088月2026 14:53:57.633] [main/WARN] [net.minecraftforge.registries.ForgeRegistry/REGISTRIES]: Registry minecraft:entity_type: Object did not get ID it asked for. Name: caerula_arbor:isharmla_tear Expected: 247 Got: 307
[088月2026 14:53:57.633] [main/WARN] [net.minecraftforge.registries.ForgeRegistry/REGISTRIES]: Registry minecraft:entity_type: Object did not get ID it asked for. Name: caerula_arbor:prayer_splash Expected: 248 Got: 308
[088月2026 14:53:57.633] [main/WARN] [net.minecraftforge.registries.ForgeRegistry/REGISTRIES]: Registry minecraft:entity_type: Object did not get ID it asked for. Name: caerula_arbor:compassion_prayer Expected: 249 Got: 309
[088月2026 14:53:57.633] [main/WARN] [net.minecraftforge.registries.ForgeRegistry/REGISTRIES]: Registry minecraft:entity_type: Object did not get ID it asked for. Name: caerula_arbor:oceanized_enderina Expected: 250 Got: 310
[088月2026 14:53:57.633] [main/WARN] [net.minecraftforge.registries.ForgeRegistry/REGISTRIES]: Registry minecraft:entity_type: Object did not get ID it asked for. Name: caerula_arbor:moist_dragon_breath Expected: 251 Got: 311
[088月2026 14:53:57.633] [main/WARN] [net.minecraftforge.registries.ForgeRegistry/REGISTRIES]: Registry minecraft:entity_type: Object did not get ID it asked for. Name: caerula_arbor:moist_ender_crystal Expected: 252 Got: 312
[088月2026 14:53:57.633] [main/WARN] [net.minecraftforge.registries.ForgeRegistry/REGISTRIES]: Registry minecraft:entity_type: Object did not get ID it asked for. Name: caerula_arbor:thirster Expected: 253 Got: 313
[088月2026 14:53:57.633] [main/WARN] [net.minecraftforge.registries.ForgeRegistry/REGISTRIES]: Registry minecraft:entity_type: Object did not get ID it asked for. Name: caerula_arbor:absorber_limb Expected: 254 Got: 314
[088月2026 14:53:57.633] [main/WARN] [net.minecraftforge.registries.ForgeRegistry/REGISTRIES]: Registry minecraft:entity_type: Object did not get ID it asked for. Name: caerula_arbor:scream_chest_fish Expected: 255 Got: 315
[088月2026 14:53:57.633] [main/WARN] [net.minecraftforge.registries.ForgeRegistry/REGISTRIES]: Registry minecraft:entity_type: Object did not get ID it asked for. Name: caerula_arbor:oceanized_chicken Expected: 256 Got: 316
[088月2026 14:53:57.634] [main/WARN] [net.minecraftforge.registries.ForgeRegistry/REGISTRIES]: Registry minecraft:entity_type: Object did not get ID it asked for. Name: caerula_arbor:nethersea_slime Expected: 257 Got: 317
[088月2026 14:53:57.634] [main/WARN] [net.minecraftforge.registries.ForgeRegistry/REGISTRIES]: Registry minecraft:entity_type: Object did not get ID it asked for. Name: caerula_arbor:oceanized_shulker Expected: 258 Got: 318
[088月2026 14:53:57.634] [main/WARN] [net.minecraftforge.registries.ForgeRegistry/REGISTRIES]: Registry minecraft:entity_type: Object did not get ID it asked for. Name: caerula_arbor:oceanized_sniffer Expected: 259 Got: 319
[088月2026 14:53:57.634] [main/WARN] [net.minecraftforge.registries.ForgeRegistry/REGISTRIES]: Registry minecraft:entity_type: Object did not get ID it asked for. Name: caerula_arbor:oceanized_sniffer_egg Expected: 260 Got: 320
[088月2026 14:53:57.634] [main/WARN] [net.minecraftforge.registries.ForgeRegistry/REGISTRIES]: Registry minecraft:entity_type: Object did not get ID it asked for. Name: caerula_arbor:caerula_offspring Expected: 261 Got: 321
[088月2026 14:53:57.634] [main/WARN] [net.minecraftforge.registries.ForgeRegistry/REGISTRIES]: Registry minecraft:entity_type: Object did not get ID it asked for. Name: caerula_arbor:runvolution Expected: 262 Got: 322
[088月2026 14:53:57.634] [main/WARN] [net.minecraftforge.registries.ForgeRegistry/REGISTRIES]: Registry minecraft:entity_type: Object did not get ID it asked for. Name: caerula_arbor:runvolution_wave Expected: 263 Got: 323
[088月2026 14:53:57.634] [main/WARN] [net.minecraftforge.registries.ForgeRegistry/REGISTRIES]: Registry minecraft:entity_type: Object did not get ID it asked for. Name: caerula_arbor:tombstone_undertides Expected: 264 Got: 324
[088月2026 14:53:57.634] [main/WARN] [net.minecraftforge.registries.ForgeRegistry/REGISTRIES]: Registry minecraft:entity_type: Object did not get ID it asked for. Name: caerula_arbor:tombstone_undertide_small Expected: 265 Got: 325
[088月2026 14:53:57.634] [main/WARN] [net.minecraftforge.registries.ForgeRegistry/REGISTRIES]: Registry minecraft:entity_type: Object did not get ID it asked for. Name: caerula_arbor:tombstone_stultifera Expected: 266 Got: 326
[088月2026 14:53:57.634] [main/WARN] [net.minecraftforge.registries.ForgeRegistry/REGISTRIES]: Registry minecraft:entity_type: Object did not get ID it asked for. Name: caerula_arbor:tombstone_stultifera_small Expected: 267 Got: 327
[088月2026 14:53:57.635] [main/WARN] [net.minecraftforge.registries.ForgeRegistry/REGISTRIES]: Registry minecraft:entity_type: Object did not get ID it asked for. Name: caerula_arbor:tombstone_living Expected: 268 Got: 328
[088月2026 14:53:57.635] [main/WARN] [net.minecraftforge.registries.ForgeRegistry/REGISTRIES]: Registry minecraft:entity_type: Object did not get ID it asked for. Name: caerula_arbor:oceanized_endermite Expected: 269 Got: 329
[088月2026 14:53:57.635] [main/WARN] [net.minecraftforge.registries.ForgeRegistry/REGISTRIES]: Registry minecraft:entity_type: Object did not get ID it asked for. Name: caerula_arbor:chiesler_pet Expected: 270 Got: 330
[088月2026 14:53:57.635] [main/WARN] [net.minecraftforge.registries.ForgeRegistry/REGISTRIES]: Registry minecraft:entity_type: Object did not get ID it asked for. Name: caerula_arbor:creeper_pet Expected: 271 Got: 331
[088月2026 14:53:57.635] [main/WARN] [net.minecraftforge.registries.ForgeRegistry/REGISTRIES]: Registry minecraft:entity_type: Object did not get ID it asked for. Name: caerula_arbor:oceanized_silverfish Expected: 272 Got: 332
[088月2026 14:53:57.635] [main/WARN] [net.minecraftforge.registries.ForgeRegistry/REGISTRIES]: Registry minecraft:entity_type: Object did not get ID it asked for. Name: caerula_arbor:izumil_doll Expected: 273 Got: 333
[088月2026 14:53:57.635] [main/WARN] [net.minecraftforge.registries.ForgeRegistry/REGISTRIES]: Registry minecraft:entity_type: Object did not get ID it asked for. Name: caerula_arbor:aegir_mortar Expected: 274 Got: 334
[088月2026 14:53:57.635] [main/WARN] [net.minecraftforge.registries.ForgeRegistry/REGISTRIES]: Registry minecraft:entity_type: Object did not get ID it asked for. Name: caerula_arbor:slider_ball Expected: 275 Got: 335
[088月2026 14:53:57.635] [main/WARN] [net.minecraftforge.registries.ForgeRegistry/REGISTRIES]: Registry minecraft:entity_type: Object did not get ID it asked for. Name: caerula_arbor:oceanized_llama Expected: 276 Got: 336
[088月2026 14:53:57.635] [main/WARN] [net.minecraftforge.registries.ForgeRegistry/REGISTRIES]: Registry minecraft:entity_type: Object did not get ID it asked for. Name: caerula_arbor:elect_shoot Expected: 277 Got: 337
[088月2026 14:53:57.635] [main/WARN] [net.minecraftforge.registries.ForgeRegistry/REGISTRIES]: Registry minecraft:entity_type: Object did not get ID it asked for. Name: caerula_arbor:nethersea_boat Expected: 278 Got: 338
[088月2026 14:53:57.635] [main/WARN] [net.minecraftforge.registries.ForgeRegistry/REGISTRIES]: Registry minecraft:entity_type: Object did not get ID it asked for. Name: caerula_arbor:nethersea_chest_boat Expected: 279 Got: 339
[088月2026 14:53:57.636] [main/WARN] [net.minecraftforge.registries.ForgeRegistry/REGISTRIES]: Registry minecraft:entity_type: Object did not get ID it asked for. Name: caerula_arbor:chitin_trident_thrown Expected: 280 Got: 340
[088月2026 14:53:57.636] [main/WARN] [net.minecraftforge.registries.ForgeRegistry/REGISTRIES]: Registry minecraft:entity_type: Object did not get ID it asked for. Name: caerula_arbor:complex_chitin_trident_thrown Expected: 281 Got: 341
[088月2026 14:53:57.636] [main/WARN] [net.minecraftforge.registries.ForgeRegistry/REGISTRIES]: Registry minecraft:entity_type: Object did not get ID it asked for. Name: caerula_arbor:trailrite_trident_thrown Expected: 282 Got: 342
[088月2026 14:53:57.636] [main/WARN] [net.minecraftforge.registries.ForgeRegistry/REGISTRIES]: Registry minecraft:entity_type: Object did not get ID it asked for. Name: caerula_arbor:slider_ball_huge Expected: 283 Got: 343
[088月2026 14:53:57.636] [main/WARN] [net.minecraftforge.registries.ForgeRegistry/REGISTRIES]: Registry minecraft:entity_type: Object did not get ID it asked for. Name: caerula_arbor:ishmael Expected: 284 Got: 344
[088月2026 14:53:57.636] [main/WARN] [net.minecraftforge.registries.ForgeRegistry/REGISTRIES]: Registry minecraft:entity_type: Object did not get ID it asked for. Name: caerula_arbor:iberia_monstrosity Expected: 285 Got: 345
[088月2026 14:53:57.636] [main/WARN] [net.minecraftforge.registries.ForgeRegistry/REGISTRIES]: Registry minecraft:entity_type: Object did not get ID it asked for. Name: caerula_arbor:monstrosity_rocket Expected: 286 Got: 346
[088月2026 14:53:57.636] [main/WARN] [net.minecraftforge.registries.ForgeRegistry/REGISTRIES]: Registry minecraft:entity_type: Object did not get ID it asked for. Name: caerula_arbor:raid_sign Expected: 287 Got: 347
[088月2026 14:53:57.636] [main/WARN] [net.minecraftforge.registries.ForgeRegistry/REGISTRIES]: Registry minecraft:entity_type: Object did not get ID it asked for. Name: epca:curbug Expected: 288 Got: 348
[088月2026 14:53:57.636] [main/WARN] [net.minecraftforge.registries.ForgeRegistry/REGISTRIES]: Registry minecraft:entity_type: Object did not get ID it asked for. Name: epca:ripper Expected: 289 Got: 349
[088月2026 14:53:57.636] [main/WARN] [net.minecraftforge.registries.ForgeRegistry/REGISTRIES]: Registry minecraft:entity_type: Object did not get ID it asked for. Name: epca:mozzie Expected: 291 Got: 350
[088月2026 14:53:57.636] [main/WARN] [net.minecraftforge.registries.ForgeRegistry/REGISTRIES]: Registry minecraft:entity_type: Object did not get ID it asked for. Name: epca:light_carrier Expected: 293 Got: 351
[088月2026 14:53:57.637] [main/WARN] [net.minecraftforge.registries.ForgeRegistry/REGISTRIES]: Registry minecraft:entity_type: Object did not get ID it asked for. Name: epca:reshape_longarms Expected: 306 Got: 352
[088月2026 14:53:57.637] [main/WARN] [net.minecraftforge.registries.ForgeRegistry/REGISTRIES]: Registry minecraft:entity_type: Object did not get ID it asked for. Name: epca:reshape_yelloweye Expected: 307 Got: 353
[088月2026 14:53:57.637] [main/WARN] [net.minecraftforge.registries.ForgeRegistry/REGISTRIES]: Registry minecraft:entity_type: Object did not get ID it asked for. Name: epca:infested_zombie Expected: 308 Got: 354
[088月2026 14:53:57.637] [main/WARN] [net.minecraftforge.registries.ForgeRegistry/REGISTRIES]: Registry minecraft:entity_type: Object did not get ID it asked for. Name: epca:infested_husk Expected: 310 Got: 355
[088月2026 14:53:57.637] [main/WARN] [net.minecraftforge.registries.ForgeRegistry/REGISTRIES]: Registry minecraft:entity_type: Object did not get ID it asked for. Name: epca:infested_drowned Expected: 312 Got: 356
[088月2026 14:53:57.637] [main/WARN] [net.minecraftforge.registries.ForgeRegistry/REGISTRIES]: Registry minecraft:entity_type: Object did not get ID it asked for. Name: epca:infested_pillager Expected: 314 Got: 357
[088月2026 14:53:57.637] [main/WARN] [net.minecraftforge.registries.ForgeRegistry/REGISTRIES]: Registry minecraft:entity_type: Object did not get ID it asked for. Name: epca:infested_vindicator Expected: 316 Got: 358
[088月2026 14:53:57.637] [main/WARN] [net.minecraftforge.registries.ForgeRegistry/REGISTRIES]: Registry minecraft:entity_type: Object did not get ID it asked for. Name: epca:infested_pig Expected: 320 Got: 359
[088月2026 14:53:57.637] [main/WARN] [net.minecraftforge.registries.ForgeRegistry/REGISTRIES]: Registry minecraft:entity_type: Object did not get ID it asked for. Name: epca:infested_sheep Expected: 322 Got: 360
[088月2026 14:53:57.637] [main/WARN] [net.minecraftforge.registries.ForgeRegistry/REGISTRIES]: Registry minecraft:entity_type: Object did not get ID it asked for. Name: epca:infested_cow Expected: 324 Got: 361
[088月2026 14:53:57.637] [main/WARN] [net.minecraftforge.registries.ForgeRegistry/REGISTRIES]: Registry minecraft:entity_type: Object did not get ID it asked for. Name: epca:infested_chicken Expected: 326 Got: 362
[088月2026 14:53:57.637] [main/WARN] [net.minecraftforge.registries.ForgeRegistry/REGISTRIES]: Registry minecraft:entity_type: Object did not get ID it asked for. Name: epca:infested_endermite Expected: 329 Got: 363
[088月2026 14:53:57.637] [main/WARN] [net.minecraftforge.registries.ForgeRegistry/REGISTRIES]: Registry minecraft:entity_type: Object did not get ID it asked for. Name: epca:infested_silverfish Expected: 330 Got: 364
[088月2026 14:53:57.637] [main/WARN] [net.minecraftforge.registries.ForgeRegistry/REGISTRIES]: Registry minecraft:entity_type: Object did not get ID it asked for. Name: epca:infested_skeleton Expected: 331 Got: 365
[088月2026 14:53:57.638] [main/WARN] [net.minecraftforge.registries.ForgeRegistry/REGISTRIES]: Registry minecraft:entity_type: Object did not get ID it asked for. Name: epca:walking_skeleton_head Expected: 332 Got: 366
[088月2026 14:53:57.638] [main/WARN] [net.minecraftforge.registries.ForgeRegistry/REGISTRIES]: Registry minecraft:entity_type: Object did not get ID it asked for. Name: epca:infested_fox Expected: 333 Got: 367
[088月2026 14:53:57.638] [main/WARN] [net.minecraftforge.registries.ForgeRegistry/REGISTRIES]: Registry minecraft:entity_type: Object did not get ID it asked for. Name: epca:walking_fox_head Expected: 334 Got: 368
[088月2026 14:53:57.638] [main/WARN] [net.minecraftforge.registries.ForgeRegistry/REGISTRIES]: Registry minecraft:entity_type: Object did not get ID it asked for. Name: epca:infested_slime_size0 Expected: 335 Got: 369
[088月2026 14:53:57.638] [main/WARN] [net.minecraftforge.registries.ForgeRegistry/REGISTRIES]: Registry minecraft:entity_type: Object did not get ID it asked for. Name: epca:infested_slime_size1 Expected: 336 Got: 370
[088月2026 14:53:57.638] [main/WARN] [net.minecraftforge.registries.ForgeRegistry/REGISTRIES]: Registry minecraft:entity_type: Object did not get ID it asked for. Name: epca:infested_slime_size3 Expected: 337 Got: 371
[088月2026 14:53:57.638] [main/WARN] [net.minecraftforge.registries.ForgeRegistry/REGISTRIES]: Registry minecraft:entity_type: Object did not get ID it asked for. Name: epca:infested_villager Expected: 338 Got: 372
[088月2026 14:53:57.638] [main/WARN] [net.minecraftforge.registries.ForgeRegistry/REGISTRIES]: Registry minecraft:entity_type: Object did not get ID it asked for. Name: epca:infested_zombie_villager Expected: 339 Got: 373
[088月2026 14:53:57.638] [main/WARN] [net.minecraftforge.registries.ForgeRegistry/REGISTRIES]: Registry minecraft:entity_type: Object did not get ID it asked for. Name: epca:infested_wolf Expected: 340 Got: 374
[088月2026 14:53:57.639] [main/WARN] [net.minecraftforge.registries.ForgeRegistry/REGISTRIES]: Registry minecraft:entity_type: Object did not get ID it asked for. Name: epca:infested_enderman Expected: 341 Got: 375
[088月2026 14:53:57.639] [main/WARN] [net.minecraftforge.registries.ForgeRegistry/REGISTRIES]: Registry minecraft:entity_type: Object did not get ID it asked for. Name: epca:infested_player Expected: 345 Got: 376
[088月2026 14:53:57.639] [main/WARN] [net.minecraftforge.registries.ForgeRegistry/REGISTRIES]: Registry minecraft:entity_type: Object did not get ID it asked for. Name: epca:bone_arrow Expected: 352 Got: 377
[088月2026 14:53:57.639] [main/WARN] [net.minecraftforge.registries.ForgeRegistry/REGISTRIES]: Registry minecraft:entity_type: Object did not get ID it asked for. Name: epca:bone_fragment Expected: 353 Got: 378
[088月2026 14:53:57.639] [main/WARN] [net.minecraftforge.registries.ForgeRegistry/REGISTRIES]: Registry minecraft:entity_type: Object did not get ID it asked for. Name: epca:infested_ender_pearl Expected: 354 Got: 379
[088月2026 14:53:57.639] [main/WARN] [net.minecraftforge.registries.ForgeRegistry/REGISTRIES]: Registry minecraft:entity_type: Object did not get ID it asked for. Name: epca:thrown_wooden_spear Expected: 355 Got: 380
[088月2026 14:53:57.639] [main/WARN] [net.minecraftforge.registries.ForgeRegistry/REGISTRIES]: Registry minecraft:entity_type: Object did not get ID it asked for. Name: epca:thrown_stone_spear Expected: 356 Got: 381
[088月2026 14:53:57.639] [main/WARN] [net.minecraftforge.registries.ForgeRegistry/REGISTRIES]: Registry minecraft:entity_type: Object did not get ID it asked for. Name: epca:thrown_flint_spear Expected: 357 Got: 382
[088月2026 14:53:57.639] [main/WARN] [net.minecraftforge.registries.ForgeRegistry/REGISTRIES]: Registry minecraft:entity_type: Object did not get ID it asked for. Name: epca:thrown_copper_spear Expected: 358 Got: 383
[088月2026 14:53:57.639] [main/WARN] [net.minecraftforge.registries.ForgeRegistry/REGISTRIES]: Registry minecraft:entity_type: Object did not get ID it asked for. Name: epca:thrown_iron_spear Expected: 359 Got: 384
[088月2026 14:53:57.639] [main/WARN] [net.minecraftforge.registries.ForgeRegistry/REGISTRIES]: Registry minecraft:entity_type: Object did not get ID it asked for. Name: epca:thrown_golden_spear Expected: 360 Got: 385
[088月2026 14:53:57.639] [main/WARN] [net.minecraftforge.registries.ForgeRegistry/REGISTRIES]: Registry minecraft:entity_type: Object did not get ID it asked for. Name: epca:thrown_diamond_spear Expected: 361 Got: 386
[088月2026 14:53:57.640] [main/WARN] [net.minecraftforge.registries.ForgeRegistry/REGISTRIES]: Registry minecraft:entity_type: Object did not get ID it asked for. Name: epca:thrown_netherite_spear Expected: 362 Got: 387
[088月2026 14:53:57.640] [main/WARN] [net.minecraftforge.registries.ForgeRegistry/REGISTRIES]: Registry minecraft:entity_type: Object did not get ID it asked for. Name: geckolib:bat Expected: 363 Got: 388
[088月2026 14:53:57.640] [main/WARN] [net.minecraftforge.registries.ForgeRegistry/REGISTRIES]: Registry minecraft:entity_type: Object did not get ID it asked for. Name: geckolib:bike Expected: 364 Got: 389
[088月2026 14:53:57.640] [main/WARN] [net.minecraftforge.registries.ForgeRegistry/REGISTRIES]: Registry minecraft:entity_type: Object did not get ID it asked for. Name: geckolib:race_car Expected: 365 Got: 390
[088月2026 14:53:57.640] [main/WARN] [net.minecraftforge.registries.ForgeRegistry/REGISTRIES]: Registry minecraft:entity_type: Object did not get ID it asked for. Name: geckolib:parasite Expected: 366 Got: 391
[088月2026 14:53:57.640] [main/WARN] [net.minecraftforge.registries.ForgeRegistry/REGISTRIES]: Registry minecraft:entity_type: Object did not get ID it asked for. Name: geckolib:mutant_zombie Expected: 367 Got: 392
[088月2026 14:53:57.640] [main/WARN] [net.minecraftforge.registries.ForgeRegistry/REGISTRIES]: Registry minecraft:entity_type: Object did not get ID it asked for. Name: geckolib:fake_glass Expected: 368 Got: 393
[088月2026 14:53:57.640] [main/WARN] [net.minecraftforge.registries.ForgeRegistry/REGISTRIES]: Registry minecraft:entity_type: Object did not get ID it asked for. Name: geckolib:cool_kid Expected: 369 Got: 394
[088月2026 14:53:57.640] [main/WARN] [net.minecraftforge.registries.ForgeRegistry/REGISTRIES]: Registry minecraft:entity_type: Object did not get ID it asked for. Name: geckolib:gremlin Expected: 370 Got: 395
[088月2026 14:53:57.691] [main/DEBUG] [net.minecraftforge.registries.ForgeRegistry/REGISTRIES]: Registry minecraft:block Sync: ACTIVE -> STAGING
[088月2026 14:53:57.705] [main/DEBUG] [net.minecraftforge.registries.ForgeRegistry/REGISTRIES]: Registry minecraft:fluid Sync: ACTIVE -> STAGING
[088月2026 14:53:57.705] [main/DEBUG] [net.minecraftforge.registries.ForgeRegistry/REGISTRIES]: Registry minecraft:item Sync: ACTIVE -> STAGING
[088月2026 14:53:57.722] [main/DEBUG] [net.minecraftforge.registries.ForgeRegistry/REGISTRIES]: Registry minecraft:mob_effect Sync: ACTIVE -> STAGING
[088月2026 14:53:57.723] [main/DEBUG] [net.minecraftforge.registries.ForgeRegistry/REGISTRIES]: Registry minecraft:sound_event Sync: ACTIVE -> STAGING
[088月2026 14:53:57.735] [main/DEBUG] [net.minecraftforge.registries.ForgeRegistry/REGISTRIES]: Registry minecraft:potion Sync: ACTIVE -> STAGING
[088月2026 14:53:57.735] [main/DEBUG] [net.minecraftforge.registries.ForgeRegistry/REGISTRIES]: Registry minecraft:enchantment Sync: ACTIVE -> STAGING
[088月2026 14:53:57.736] [main/DEBUG] [net.minecraftforge.registries.ForgeRegistry/REGISTRIES]: Registry minecraft:entity_type Sync: ACTIVE -> STAGING
[088月2026 14:53:57.738] [main/DEBUG] [net.minecraftforge.registries.ForgeRegistry/REGISTRIES]: Registry minecraft:block_entity_type Sync: ACTIVE -> STAGING
[088月2026 14:53:57.739] [main/DEBUG] [net.minecraftforge.registries.ForgeRegistry/REGISTRIES]: Registry minecraft:particle_type Sync: ACTIVE -> STAGING
[088月2026 14:53:57.740] [main/DEBUG] [net.minecraftforge.registries.ForgeRegistry/REGISTRIES]: Registry minecraft:menu Sync: ACTIVE -> STAGING
[088月2026 14:53:57.740] [main/DEBUG] [net.minecraftforge.registries.ForgeRegistry/REGISTRIES]: Registry minecraft:painting_variant Sync: ACTIVE -> STAGING
[088月2026 14:53:57.740] [main/DEBUG] [net.minecraftforge.registries.ForgeRegistry/REGISTRIES]: Registry minecraft:recipe_type Sync: ACTIVE -> STAGING
[088月2026 14:53:57.740] [main/DEBUG] [net.minecraftforge.registries.ForgeRegistry/REGISTRIES]: Registry minecraft:recipe_serializer Sync: ACTIVE -> STAGING
[088月2026 14:53:57.741] [main/DEBUG] [net.minecraftforge.registries.ForgeRegistry/REGISTRIES]: Registry minecraft:attribute Sync: ACTIVE -> STAGING
[088月2026 14:53:57.742] [main/DEBUG] [net.minecraftforge.registries.ForgeRegistry/REGISTRIES]: Registry minecraft:stat_type Sync: ACTIVE -> STAGING
[088月2026 14:53:57.742] [main/DEBUG] [net.minecraftforge.registries.ForgeRegistry/REGISTRIES]: Registry minecraft:command_argument_type Sync: ACTIVE -> STAGING
[088月2026 14:53:57.742] [main/DEBUG] [net.minecraftforge.registries.ForgeRegistry/REGISTRIES]: Registry minecraft:villager_profession Sync: ACTIVE -> STAGING
[088月2026 14:53:57.743] [main/DEBUG] [net.minecraftforge.registries.ForgeRegistry/REGISTRIES]: Registry minecraft:point_of_interest_type Sync: ACTIVE -> STAGING
[088月2026 14:53:57.745] [main/DEBUG] [net.minecraftforge.registries.ForgeRegistry/REGISTRIES]: Registry minecraft:memory_module_type Sync: ACTIVE -> STAGING
[088月2026 14:53:57.746] [main/DEBUG] [net.minecraftforge.registries.ForgeRegistry/REGISTRIES]: Registry minecraft:sensor_type Sync: ACTIVE -> STAGING
[088月2026 14:53:57.746] [main/DEBUG] [net.minecraftforge.registries.ForgeRegistry/REGISTRIES]: Registry minecraft:schedule Sync: ACTIVE -> STAGING
[088月2026 14:53:57.746] [main/DEBUG] [net.minecraftforge.registries.ForgeRegistry/REGISTRIES]: Registry minecraft:activity Sync: ACTIVE -> STAGING
[088月2026 14:53:57.746] [main/DEBUG] [net.minecraftforge.registries.ForgeRegistry/REGISTRIES]: Registry minecraft:worldgen/carver Sync: ACTIVE -> STAGING
[088月2026 14:53:57.747] [main/DEBUG] [net.minecraftforge.registries.ForgeRegistry/REGISTRIES]: Registry minecraft:worldgen/feature Sync: ACTIVE -> STAGING
[088月2026 14:53:57.747] [main/DEBUG] [net.minecraftforge.registries.ForgeRegistry/REGISTRIES]: Registry minecraft:chunk_status Sync: ACTIVE -> STAGING
[088月2026 14:53:57.747] [main/DEBUG] [net.minecraftforge.registries.ForgeRegistry/REGISTRIES]: Registry minecraft:worldgen/block_state_provider_type Sync: ACTIVE -> STAGING
[088月2026 14:53:57.748] [main/DEBUG] [net.minecraftforge.registries.ForgeRegistry/REGISTRIES]: Registry minecraft:worldgen/foliage_placer_type Sync: ACTIVE -> STAGING
[088月2026 14:53:57.748] [main/DEBUG] [net.minecraftforge.registries.ForgeRegistry/REGISTRIES]: Registry minecraft:worldgen/tree_decorator_type Sync: ACTIVE -> STAGING
[088月2026 14:53:57.748] [main/DEBUG] [net.minecraftforge.registries.ForgeRegistry/REGISTRIES]: Registry minecraft:worldgen/biome Sync: ACTIVE -> STAGING
[088月2026 14:53:57.748] [main/DEBUG] [net.minecraftforge.registries.ForgeRegistry/REGISTRIES]: Registry forge:entity_data_serializers Sync: ACTIVE -> STAGING
[088月2026 14:53:57.748] [main/DEBUG] [net.minecraftforge.registries.ForgeRegistry/REGISTRIES]: Registry forge:global_loot_modifier_serializers Sync: ACTIVE -> STAGING
[088月2026 14:53:57.748] [main/DEBUG] [net.minecraftforge.registries.ForgeRegistry/REGISTRIES]: Registry forge:biome_modifier_serializers Sync: ACTIVE -> STAGING
[088月2026 14:53:57.749] [main/DEBUG] [net.minecraftforge.registries.ForgeRegistry/REGISTRIES]: Registry forge:fluid_type Sync: ACTIVE -> STAGING
[088月2026 14:53:57.749] [main/DEBUG] [net.minecraftforge.registries.ForgeRegistry/REGISTRIES]: Registry forge:structure_modifier_serializers Sync: ACTIVE -> STAGING
[088月2026 14:53:57.749] [main/DEBUG] [net.minecraftforge.registries.ForgeRegistry/REGISTRIES]: Registry forge:holder_set_type Sync: ACTIVE -> STAGING
[088月2026 14:53:57.749] [main/DEBUG] [net.minecraftforge.registries.ForgeRegistry/REGISTRIES]: Registry forge:display_contexts Sync: ACTIVE -> STAGING
[088月2026 14:54:00.971] [main/DEBUG] [net.minecraftforge.registries.ObjectHolderRegistry/REGISTRIES]: Applying holder lookups
[088月2026 14:54:00.978] [main/DEBUG] [net.minecraftforge.registries.ObjectHolderRegistry/REGISTRIES]: Holder lookups applied
[088月2026 14:54:01.031] [main/WARN] [net.minecraft.server.packs.VanillaPackResourcesBuilder/]: Assets URL 'union:/G:/epca/epca/build/fg_cache/net/minecraftforge/forge/1.20.1-47.2.0_mapped_official_1.20.1/forge-1.20.1-47.2.0_mapped_official_1.20.1.jar%23191!/assets/.mcassetsroot' uses unexpected schema
[088月2026 14:54:01.031] [main/WARN] [net.minecraft.server.packs.VanillaPackResourcesBuilder/]: Assets URL 'union:/G:/epca/epca/build/fg_cache/net/minecraftforge/forge/1.20.1-47.2.0_mapped_official_1.20.1/forge-1.20.1-47.2.0_mapped_official_1.20.1.jar%23191!/data/.mcassetsroot' uses unexpected schema
[088月2026 14:54:01.045] [main/DEBUG] [mixin/]: Mixing PackConfigMixin from ldlib-common.mixins.json into net.minecraft.server.WorldLoader$PackConfig
[088月2026 14:54:01.073] [main/DEBUG] [mixin/]: Mixing WorldLoaderMixin from ldlib-common.mixins.json into net.minecraft.server.WorldLoader
[088月2026 14:54:01.142] [main/DEBUG] [net.minecraftforge.server.ServerLifecycleHooks/CORE]: Generating PackInfo named mod:caerula_arbor for mod file F:\bu\caches\forge_gradle\deobf_dependencies\curse\maven\ca-1264722\8546534_mapped_official_1.20.1\ca-1264722-8546534_mapped_official_1.20.1.jar
[088月2026 14:54:01.142] [main/DEBUG] [net.minecraftforge.server.ServerLifecycleHooks/CORE]: Generating PackInfo named mod:mixinextras for mod file 
[088月2026 14:54:01.152] [main/DEBUG] [net.minecraftforge.server.ServerLifecycleHooks/CORE]: Generating PackInfo named mod:epca for mod file G:\epca\epca\build\resources\main
[088月2026 14:54:01.153] [main/DEBUG] [net.minecraftforge.server.ServerLifecycleHooks/CORE]: Generating PackInfo named mod:jade for mod file F:\bu\caches\forge_gradle\deobf_dependencies\curse\maven\jade-324717\6855440_mapped_official_1.20.1\jade-324717-6855440_mapped_official_1.20.1.jar
[088月2026 14:54:01.153] [main/DEBUG] [net.minecraftforge.server.ServerLifecycleHooks/CORE]: Generating PackInfo named mod:geckolib for mod file F:\bu\caches\forge_gradle\deobf_dependencies\software\bernie\geckolib\geckolib-forge-1.20.1\4.7.1_mapped_official_1.20.1\geckolib-forge-1.20.1-4.7.1_mapped_official_1.20.1.jar
[088月2026 14:54:01.154] [main/DEBUG] [net.minecraftforge.server.ServerLifecycleHooks/CORE]: Generating PackInfo named mod:ldlib for mod file F:\bu\caches\forge_gradle\deobf_dependencies\curse\maven\ldlib-626676\6417175_mapped_official_1.20.1\ldlib-626676-6417175_mapped_official_1.20.1.jar
[088月2026 14:54:01.154] [main/DEBUG] [net.minecraftforge.server.ServerLifecycleHooks/CORE]: Generating PackInfo named mod:awcapi for mod file F:\bu\caches\forge_gradle\deobf_dependencies\com\nyfaria\awcapi\awcapi\1.0.2_mapped_official_1.20.1\awcapi-1.0.2_mapped_official_1.20.1.jar
[088月2026 14:54:01.154] [main/DEBUG] [net.minecraftforge.server.ServerLifecycleHooks/CORE]: Generating PackInfo named mod:photon for mod file F:\bu\caches\forge_gradle\deobf_dependencies\curse\maven\photon-871522\6878530_mapped_official_1.20.1\photon-871522-6878530_mapped_official_1.20.1.jar
[088月2026 14:54:01.154] [main/DEBUG] [net.minecraftforge.server.ServerLifecycleHooks/CORE]: Generating PackInfo named mod:yawning_neko_api for mod file F:\bu\caches\forge_gradle\deobf_dependencies\org\tdddd\yawning_neko_api\yawningapi\1.0.0_mapped_official_1.20.1\yawningapi-1.0.0_mapped_official_1.20.1.jar
[088月2026 14:54:01.155] [main/DEBUG] [net.minecraftforge.server.ServerLifecycleHooks/CORE]: Generating PackInfo named mod:forge for mod file /
[088月2026 14:54:01.155] [main/DEBUG] [net.minecraftforge.server.ServerLifecycleHooks/CORE]: Generating PackInfo named mod:patchouli for mod file F:\bu\caches\forge_gradle\deobf_dependencies\curse\maven\patchouli-306770\7731017_mapped_official_1.20.1\patchouli-306770-7731017_mapped_official_1.20.1.jar
[088月2026 14:54:02.613] [main/DEBUG] [net.minecraftforge.coremod.transformer.CoreModBaseTransformer/COREMOD]: Transforming net/minecraft/server/commands/SummonCommand
[088月2026 14:54:04.703] [Worker-Main-5/DEBUG] [net.minecraftforge.coremod.transformer.CoreModBaseTransformer/COREMOD]: Transforming net/minecraft/world/entity/raid/Raid
[088月2026 14:54:05.128] [main/DEBUG] [mixin/]: Mixing AccessorSmithingTransformRecipe from patchouli_xplat.mixins.json into net.minecraft.world.item.crafting.SmithingTransformRecipe
[088月2026 14:54:05.146] [main/DEBUG] [mixin/]: Mixing AccessorSmithingTrimRecipe from patchouli_xplat.mixins.json into net.minecraft.world.item.crafting.SmithingTrimRecipe
[088月2026 14:54:05.217] [main/INFO] [net.minecraft.world.item.crafting.RecipeManager/]: Loaded 7 recipes
[088月2026 14:54:05.412] [main/INFO] [net.minecraft.advancements.AdvancementList/]: Loaded 1391 advancements
[088月2026 14:54:06.657] [main/DEBUG] [org.tdddd.epca.impl.overworld.data.CarryConfigManager/]: Loaded carry config for entity: epca:infested_enderman
[088月2026 14:54:06.667] [main/DEBUG] [org.tdddd.epca.impl.overworld.data.CarryConfigManager/]: Loaded carry config for entity: epca:walking_enderman_head
[088月2026 14:54:06.667] [main/INFO] [org.tdddd.epca.impl.overworld.data.CarryConfigManager/]: Loaded 2 carry configs
[088月2026 14:54:06.733] [main/WARN] [net.minecraft.core.MappedRegistry/]: Not all defined tags for registry ResourceKey[minecraft:root / minecraft:worldgen/biome] are present in data pack: minecraft:fox_spawns
[088月2026 14:54:10.253] [main/DEBUG] [net.minecraftforge.common.ForgeHooks/WP]: Gathering id map for writing to world save world
[088月2026 14:54:10.269] [main/DEBUG] [net.minecraftforge.common.ForgeHooks/WP]: ID Map collection complete world
[088月2026 14:54:10.314] [main/INFO] [net.minecraftforge.gametest.ForgeGameTestHooks/]: Enabled Gametest Namespaces: [epca]
[088月2026 14:54:10.397] [Server thread/DEBUG] [net.minecraftforge.fml.config.ConfigTracker/CONFIG]: Loading configs type SERVER
[088月2026 14:54:10.397] [Server thread/DEBUG] [net.minecraftforge.fml.config.ConfigFileTypeHandler/CONFIG]: Built TOML config for .\world\serverconfig\forge-server.toml
[088月2026 14:54:10.436] [Server thread/DEBUG] [net.minecraftforge.fml.config.ConfigFileTypeHandler/CONFIG]: Loaded TOML config file .\world\serverconfig\forge-server.toml
[088月2026 14:54:10.436] [Server thread/DEBUG] [net.minecraftforge.fml.config.ConfigFileTypeHandler/CONFIG]: Watching TOML config file .\world\serverconfig\forge-server.toml for changes
[088月2026 14:54:10.437] [Server thread/DEBUG] [net.minecraftforge.common.ForgeConfig/FORGEMOD]: Loaded forge config file forge-server.toml
[088月2026 14:54:10.441] [Thread-1/DEBUG] [net.minecraftforge.fml.config.ConfigFileTypeHandler/CONFIG]: Config file forge-server.toml changed, sending notifies
[088月2026 14:54:10.442] [Thread-1/DEBUG] [net.minecraftforge.common.ForgeConfig/FORGEMOD]: Forge config just got changed on the file system!
[088月2026 14:54:10.698] [Server thread/DEBUG] [net.minecraftforge.coremod.transformer.CoreModBaseTransformer/COREMOD]: Transforming net/minecraft/world/level/levelgen/PhantomSpawner
[088月2026 14:54:10.704] [Server thread/DEBUG] [net.minecraftforge.coremod.transformer.CoreModBaseTransformer/COREMOD]: Transforming net/minecraft/world/level/levelgen/PatrolSpawner
[088月2026 14:54:10.711] [Server thread/DEBUG] [net.minecraftforge.coremod.transformer.CoreModBaseTransformer/COREMOD]: Transforming net/minecraft/world/entity/npc/CatSpawner
[088月2026 14:54:10.716] [Server thread/DEBUG] [net.minecraftforge.coremod.transformer.CoreModBaseTransformer/COREMOD]: Transforming net/minecraft/world/entity/ai/village/VillageSiege
[088月2026 14:54:15.160] [Server thread/INFO] [net.minecraft.server.MinecraftServer/]: Preparing start region for dimension minecraft:overworld
[088月2026 14:54:16.517] [Worker-Main-7/INFO] [net.minecraft.server.level.progress.LoggerChunkProgressListener/]: Preparing spawn area: 0%
[088月2026 14:54:16.645] [Worker-Main-7/INFO] [net.minecraft.server.level.progress.LoggerChunkProgressListener/]: Preparing spawn area: 0%
[088月2026 14:54:16.645] [Worker-Main-7/INFO] [net.minecraft.server.level.progress.LoggerChunkProgressListener/]: Preparing spawn area: 0%
[088月2026 14:54:16.725] [Worker-Main-3/INFO] [net.minecraft.server.level.progress.LoggerChunkProgressListener/]: Preparing spawn area: 0%
[088月2026 14:54:17.163] [Worker-Main-2/INFO] [net.minecraft.server.level.progress.LoggerChunkProgressListener/]: Preparing spawn area: 0%
[088月2026 14:54:17.500] [Server thread/DEBUG] [net.minecraftforge.coremod.transformer.CoreModBaseTransformer/COREMOD]: Transforming net/minecraft/world/level/levelgen/structure/templatesystem/StructureTemplate
[088月2026 14:54:17.661] [Worker-Main-7/INFO] [net.minecraft.server.level.progress.LoggerChunkProgressListener/]: Preparing spawn area: 0%
[088月2026 14:54:18.262] [Worker-Main-7/INFO] [net.minecraft.server.level.progress.LoggerChunkProgressListener/]: Preparing spawn area: 16%
[088月2026 14:54:18.668] [Worker-Main-1/INFO] [net.minecraft.server.level.progress.LoggerChunkProgressListener/]: Preparing spawn area: 40%
[088月2026 14:54:19.162] [Worker-Main-4/INFO] [net.minecraft.server.level.progress.LoggerChunkProgressListener/]: Preparing spawn area: 88%
[088月2026 14:54:19.232] [Server thread/INFO] [net.minecraft.server.level.progress.LoggerChunkProgressListener/]: Time elapsed: 4071 ms
[088月2026 14:54:19.234] [Server thread/INFO] [net.minecraft.gametest.framework.GameTestServer/]: Started game test server
[088月2026 14:54:19.258] [Server thread/DEBUG] [net.minecraftforge.common.ForgeI18n/CORE]: Loading I18N data entries: 4040
[088月2026 14:54:19.262] [Server thread/INFO] [net.minecraftforge.server.permission.PermissionAPI/]: Successfully initialized permission handler forge:default_handler
[088月2026 14:54:19.320] [Server thread/INFO] [patchouli/]: Sending reload packet to clients
[088月2026 14:54:19.580] [Server thread/DEBUG] [io.netty.buffer.AbstractByteBuf/]: -Dio.netty.buffer.checkAccessible: true
[088月2026 14:54:19.580] [Server thread/DEBUG] [io.netty.buffer.AbstractByteBuf/]: -Dio.netty.buffer.checkBounds: true
[088月2026 14:54:19.582] [Server thread/DEBUG] [io.netty.util.ResourceLeakDetectorFactory/]: Loaded default ResourceLeakDetector: io.netty.util.ResourceLeakDetector@64efe9b8
[088月2026 14:54:19.625] [Server thread/DEBUG] [net.minecraftforge.coremod.transformer.CoreModBaseTransformer/COREMOD]: Transforming net/minecraft/world/level/NaturalSpawner
[088月2026 14:54:19.699] [Server thread/INFO] [net.minecraft.gametest.framework.GameTestServer/]: 0 tests are now running!
[088月2026 14:54:19.699] [Server thread/INFO] [net.minecraft.gametest.framework.GameTestServer/]: []
[088月2026 14:54:19.701] [Server thread/INFO] [net.minecraft.gametest.framework.GameTestServer/]: ========= 0 GAME TESTS COMPLETE ======================
[088月2026 14:54:19.701] [Server thread/INFO] [net.minecraft.gametest.framework.GameTestServer/]: All 0 required tests passed :)
[088月2026 14:54:19.701] [Server thread/INFO] [net.minecraft.gametest.framework.GameTestServer/]: ====================================================
[088月2026 14:54:19.703] [Server thread/INFO] [net.minecraft.server.MinecraftServer/]: Stopping server
[088月2026 14:54:19.703] [Server thread/INFO] [net.minecraft.server.MinecraftServer/]: Saving players
[088月2026 14:54:19.704] [Server thread/INFO] [net.minecraft.server.MinecraftServer/]: Saving worlds
[088月2026 14:54:21.179] [Server thread/INFO] [net.minecraft.server.MinecraftServer/]: Saving chunks for level 'ServerLevel[world]'/minecraft:overworld
[088月2026 14:54:22.724] [Server thread/INFO] [net.minecraft.server.MinecraftServer/]: Saving chunks for level 'ServerLevel[world]'/minecraft:the_nether
[088月2026 14:54:22.725] [Server thread/INFO] [net.minecraft.server.MinecraftServer/]: Saving chunks for level 'ServerLevel[world]'/minecraft:the_end
[088月2026 14:54:22.925] [Server thread/DEBUG] [net.minecraftforge.common.ForgeHooks/WP]: Gathering id map for writing to world save world
[088月2026 14:54:22.933] [Server thread/DEBUG] [net.minecraftforge.common.ForgeHooks/WP]: ID Map collection complete world
[088月2026 14:54:23.013] [Server thread/INFO] [net.minecraft.server.MinecraftServer/]: ThreadedAnvilChunkStorage (world): All chunks are saved
[088月2026 14:54:23.014] [Server thread/INFO] [net.minecraft.server.MinecraftServer/]: ThreadedAnvilChunkStorage (DIM-1): All chunks are saved
[088月2026 14:54:23.014] [Server thread/INFO] [net.minecraft.server.MinecraftServer/]: ThreadedAnvilChunkStorage (DIM1): All chunks are saved
[088月2026 14:54:23.014] [Server thread/INFO] [net.minecraft.server.MinecraftServer/]: ThreadedAnvilChunkStorage: All dimensions are saved
[088月2026 14:54:23.137] [Server thread/DEBUG] [net.minecraftforge.registries.GameData/REGISTRIES]: Reverting to FROZEN data state.
[088月2026 14:54:23.137] [Server thread/DEBUG] [net.minecraftforge.registries.ForgeRegistry/REGISTRIES]: Registry minecraft:block Sync: ACTIVE -> FROZEN
[088月2026 14:54:23.144] [Server thread/DEBUG] [net.minecraftforge.registries.ForgeRegistry/REGISTRIES]: Registry minecraft:fluid Sync: ACTIVE -> FROZEN
[088月2026 14:54:23.144] [Server thread/DEBUG] [net.minecraftforge.registries.ForgeRegistry/REGISTRIES]: Registry minecraft:item Sync: ACTIVE -> FROZEN
[088月2026 14:54:23.152] [Server thread/DEBUG] [net.minecraftforge.registries.ForgeRegistry/REGISTRIES]: Registry minecraft:mob_effect Sync: ACTIVE -> FROZEN
[088月2026 14:54:23.153] [Server thread/DEBUG] [net.minecraftforge.registries.ForgeRegistry/REGISTRIES]: Registry minecraft:sound_event Sync: ACTIVE -> FROZEN
[088月2026 14:54:23.160] [Server thread/DEBUG] [net.minecraftforge.registries.ForgeRegistry/REGISTRIES]: Registry minecraft:potion Sync: ACTIVE -> FROZEN
[088月2026 14:54:23.160] [Server thread/DEBUG] [net.minecraftforge.registries.ForgeRegistry/REGISTRIES]: Registry minecraft:enchantment Sync: ACTIVE -> FROZEN
[088月2026 14:54:23.160] [Server thread/DEBUG] [net.minecraftforge.registries.ForgeRegistry/REGISTRIES]: Registry minecraft:entity_type Sync: ACTIVE -> FROZEN
[088月2026 14:54:23.162] [Server thread/DEBUG] [net.minecraftforge.registries.ForgeRegistry/REGISTRIES]: Registry minecraft:block_entity_type Sync: ACTIVE -> FROZEN
[088月2026 14:54:23.162] [Server thread/DEBUG] [net.minecraftforge.registries.ForgeRegistry/REGISTRIES]: Registry minecraft:particle_type Sync: ACTIVE -> FROZEN
[088月2026 14:54:23.163] [Server thread/DEBUG] [net.minecraftforge.registries.ForgeRegistry/REGISTRIES]: Registry minecraft:menu Sync: ACTIVE -> FROZEN
[088月2026 14:54:23.163] [Server thread/DEBUG] [net.minecraftforge.registries.ForgeRegistry/REGISTRIES]: Registry minecraft:painting_variant Sync: ACTIVE -> FROZEN
[088月2026 14:54:23.163] [Server thread/DEBUG] [net.minecraftforge.registries.ForgeRegistry/REGISTRIES]: Registry minecraft:recipe_type Sync: ACTIVE -> FROZEN
[088月2026 14:54:23.163] [Server thread/DEBUG] [net.minecraftforge.registries.ForgeRegistry/REGISTRIES]: Registry minecraft:recipe_serializer Sync: ACTIVE -> FROZEN
[088月2026 14:54:23.163] [Server thread/DEBUG] [net.minecraftforge.registries.ForgeRegistry/REGISTRIES]: Registry minecraft:attribute Sync: ACTIVE -> FROZEN
[088月2026 14:54:23.164] [Server thread/DEBUG] [net.minecraftforge.registries.ForgeRegistry/REGISTRIES]: Registry minecraft:stat_type Sync: ACTIVE -> FROZEN
[088月2026 14:54:23.164] [Server thread/DEBUG] [net.minecraftforge.registries.ForgeRegistry/REGISTRIES]: Registry minecraft:command_argument_type Sync: ACTIVE -> FROZEN
[088月2026 14:54:23.164] [Server thread/DEBUG] [net.minecraftforge.registries.ForgeRegistry/REGISTRIES]: Registry minecraft:villager_profession Sync: ACTIVE -> FROZEN
[088月2026 14:54:23.164] [Server thread/DEBUG] [net.minecraftforge.registries.ForgeRegistry/REGISTRIES]: Registry minecraft:point_of_interest_type Sync: ACTIVE -> FROZEN
[088月2026 14:54:23.166] [Server thread/DEBUG] [net.minecraftforge.registries.ForgeRegistry/REGISTRIES]: Registry minecraft:memory_module_type Sync: ACTIVE -> FROZEN
[088月2026 14:54:23.166] [Server thread/DEBUG] [net.minecraftforge.registries.ForgeRegistry/REGISTRIES]: Registry minecraft:sensor_type Sync: ACTIVE -> FROZEN
[088月2026 14:54:23.166] [Server thread/DEBUG] [net.minecraftforge.registries.ForgeRegistry/REGISTRIES]: Registry minecraft:schedule Sync: ACTIVE -> FROZEN
[088月2026 14:54:23.167] [Server thread/DEBUG] [net.minecraftforge.registries.ForgeRegistry/REGISTRIES]: Registry minecraft:activity Sync: ACTIVE -> FROZEN
[088月2026 14:54:23.167] [Server thread/DEBUG] [net.minecraftforge.registries.ForgeRegistry/REGISTRIES]: Registry minecraft:worldgen/carver Sync: ACTIVE -> FROZEN
[088月2026 14:54:23.167] [Server thread/DEBUG] [net.minecraftforge.registries.ForgeRegistry/REGISTRIES]: Registry minecraft:worldgen/feature Sync: ACTIVE -> FROZEN
[088月2026 14:54:23.167] [Server thread/DEBUG] [net.minecraftforge.registries.ForgeRegistry/REGISTRIES]: Registry minecraft:chunk_status Sync: ACTIVE -> FROZEN
[088月2026 14:54:23.167] [Server thread/DEBUG] [net.minecraftforge.registries.ForgeRegistry/REGISTRIES]: Registry minecraft:worldgen/block_state_provider_type Sync: ACTIVE -> FROZEN
[088月2026 14:54:23.167] [Server thread/DEBUG] [net.minecraftforge.registries.ForgeRegistry/REGISTRIES]: Registry minecraft:worldgen/foliage_placer_type Sync: ACTIVE -> FROZEN
[088月2026 14:54:23.167] [Server thread/DEBUG] [net.minecraftforge.registries.ForgeRegistry/REGISTRIES]: Registry minecraft:worldgen/tree_decorator_type Sync: ACTIVE -> FROZEN
[088月2026 14:54:23.167] [Server thread/DEBUG] [net.minecraftforge.registries.ForgeRegistry/REGISTRIES]: Registry minecraft:worldgen/biome Sync: ACTIVE -> FROZEN
[088月2026 14:54:23.167] [Server thread/DEBUG] [net.minecraftforge.registries.ForgeRegistry/REGISTRIES]: Registry forge:entity_data_serializers Sync: ACTIVE -> FROZEN
[088月2026 14:54:23.168] [Server thread/DEBUG] [net.minecraftforge.registries.ForgeRegistry/REGISTRIES]: Registry forge:global_loot_modifier_serializers Sync: ACTIVE -> FROZEN
[088月2026 14:54:23.168] [Server thread/DEBUG] [net.minecraftforge.registries.ForgeRegistry/REGISTRIES]: Registry forge:biome_modifier_serializers Sync: ACTIVE -> FROZEN
[088月2026 14:54:23.168] [Server thread/DEBUG] [net.minecraftforge.registries.ForgeRegistry/REGISTRIES]: Registry forge:fluid_type Sync: ACTIVE -> FROZEN
[088月2026 14:54:23.168] [Server thread/DEBUG] [net.minecraftforge.registries.ForgeRegistry/REGISTRIES]: Registry forge:structure_modifier_serializers Sync: ACTIVE -> FROZEN
[088月2026 14:54:23.168] [Server thread/DEBUG] [net.minecraftforge.registries.ForgeRegistry/REGISTRIES]: Registry forge:holder_set_type Sync: ACTIVE -> FROZEN
[088月2026 14:54:23.168] [Server thread/DEBUG] [net.minecraftforge.registries.ForgeRegistry/REGISTRIES]: Registry forge:display_contexts Sync: ACTIVE -> FROZEN
[088月2026 14:54:26.251] [Server thread/DEBUG] [net.minecraftforge.registries.ObjectHolderRegistry/REGISTRIES]: Applying holder lookups
[088月2026 14:54:26.255] [Server thread/DEBUG] [net.minecraftforge.registries.ObjectHolderRegistry/REGISTRIES]: Holder lookups applied
[088月2026 14:54:26.255] [Server thread/DEBUG] [net.minecraftforge.registries.GameData/REGISTRIES]: FROZEN state restored.
[088月2026 14:54:26.255] [Server thread/DEBUG] [net.minecraftforge.fml.config.ConfigTracker/CONFIG]: Unloading configs type SERVER
[088月2026 14:54:26.256] [Server thread/INFO] [net.minecraft.gametest.framework.GameTestServer/]: Game test server shutting down
