[089月2026 15:18:06.368] [main/INFO] [cpw.mods.modlauncher.Launcher/MODLAUNCHER]: ModLauncher running: args [--launchTarget, forgedatauserdev, --assetIndex, 5, --assetsDir, F:\bu\caches\forge_gradle\assets, --gameDir, ., --fml.forgeVersion, 47.2.0, --fml.mcVersion, 1.20.1, --fml.forgeGroup, net.minecraftforge, --fml.mcpVersion, 20230612.114412, --mod, epca, --all, --output, G:\epca\epca\src\generated\resources, --existing, G:\epca\epca\src\main\resources, --mixin.config, epca.mixins.json]
[089月2026 15:18:06.377] [main/INFO] [cpw.mods.modlauncher.Launcher/MODLAUNCHER]: ModLauncher 10.0.9+10.0.9+main.dcd20f30 starting: java version 17.0.8.1 by Microsoft; OS Windows 10 arch amd64 version 10.0
[089月2026 15:18:06.430] [main/DEBUG] [cpw.mods.modlauncher.LaunchServiceHandler/MODLAUNCHER]: Found launch services [fmlclientdev,forgeclient,minecraft,forgegametestserverdev,fmlserveruserdev,fmlclient,fmldatauserdev,forgeserverdev,forgeserveruserdev,forgeclientdev,forgeclientuserdev,forgeserver,forgedatadev,fmlserver,fmlclientuserdev,fmlserverdev,forgedatauserdev,testharness,forgegametestserveruserdev]
[089月2026 15:18:06.489] [main/DEBUG] [cpw.mods.modlauncher.NameMappingServiceHandler/MODLAUNCHER]: Found naming services : [srgtomcp]
[089月2026 15:18:06.548] [main/DEBUG] [cpw.mods.modlauncher.LaunchPluginHandler/MODLAUNCHER]: Found launch plugins: [mixin,eventbus,slf4jfixer,object_holder_definalize,runtime_enum_extender,capability_token_subclass,accesstransformer,runtimedistcleaner]
[089月2026 15:18:06.564] [main/DEBUG] [cpw.mods.modlauncher.TransformationServicesHandler/MODLAUNCHER]: Discovering transformation services
[089月2026 15:18:06.576] [main/DEBUG] [net.minecraftforge.fml.loading.FMLPaths/CORE]: Path GAMEDIR is G:\epca\epca\run-data
[089月2026 15:18:06.577] [main/DEBUG] [net.minecraftforge.fml.loading.FMLPaths/CORE]: Path MODSDIR is G:\epca\epca\run-data\mods
[089月2026 15:18:06.578] [main/DEBUG] [net.minecraftforge.fml.loading.FMLPaths/CORE]: Path CONFIGDIR is G:\epca\epca\run-data\config
[089月2026 15:18:06.579] [main/DEBUG] [net.minecraftforge.fml.loading.FMLPaths/CORE]: Path FMLCONFIG is G:\epca\epca\run-data\config\fml.toml
[089月2026 15:18:06.776] [main/DEBUG] [cpw.mods.modlauncher.TransformationServicesHandler/MODLAUNCHER]: Found additional transformation services from discovery services: 
[089月2026 15:18:06.785] [main/INFO] [net.minecraftforge.fml.loading.ImmediateWindowHandler/]: ImmediateWindowProvider not loading because launch target is forgedatauserdev
[089月2026 15:18:06.800] [main/DEBUG] [cpw.mods.modlauncher.TransformationServicesHandler/MODLAUNCHER]: Found transformer services : [mixin,fml]
[089月2026 15:18:06.802] [main/DEBUG] [cpw.mods.modlauncher.TransformationServicesHandler/MODLAUNCHER]: Transformation services loading
[089月2026 15:18:06.802] [main/DEBUG] [cpw.mods.modlauncher.TransformationServiceDecorator/MODLAUNCHER]: Loading service mixin
[089月2026 15:18:06.803] [main/DEBUG] [cpw.mods.modlauncher.TransformationServiceDecorator/MODLAUNCHER]: Loaded service mixin
[089月2026 15:18:06.803] [main/DEBUG] [cpw.mods.modlauncher.TransformationServiceDecorator/MODLAUNCHER]: Loading service fml
[089月2026 15:18:06.806] [main/DEBUG] [net.minecraftforge.fml.loading.LauncherVersion/CORE]: Found FMLLauncher version 1.0
[089月2026 15:18:06.806] [main/DEBUG] [net.minecraftforge.fml.loading.FMLLoader/CORE]: FML 1.0 loading
[089月2026 15:18:06.807] [main/DEBUG] [net.minecraftforge.fml.loading.FMLLoader/CORE]: FML found ModLauncher version : 10.0.9+10.0.9+main.dcd20f30
[089月2026 15:18:06.808] [main/DEBUG] [net.minecraftforge.fml.loading.FMLLoader/CORE]: FML found AccessTransformer version : 8.0.4+66+master.c09db6d7
[089月2026 15:18:06.809] [main/DEBUG] [net.minecraftforge.fml.loading.FMLLoader/CORE]: FML found EventBus version : 6.0.5+6.0.5+master.eb8e549b
[089月2026 15:18:06.809] [main/DEBUG] [net.minecraftforge.fml.loading.FMLLoader/CORE]: Found Runtime Dist Cleaner
[089月2026 15:18:06.812] [main/DEBUG] [net.minecraftforge.fml.loading.FMLLoader/CORE]: FML found CoreMod version : 5.0.1+15+master.dc5a2922
[089月2026 15:18:06.814] [main/DEBUG] [net.minecraftforge.fml.loading.FMLLoader/CORE]: Found ForgeSPI package implementation version 7.0.1+7.0.1+master.d2b38bf6
[089月2026 15:18:06.814] [main/DEBUG] [net.minecraftforge.fml.loading.FMLLoader/CORE]: Found ForgeSPI package specification 5
[089月2026 15:18:06.815] [main/DEBUG] [cpw.mods.modlauncher.TransformationServiceDecorator/MODLAUNCHER]: Loaded service fml
[089月2026 15:18:06.817] [main/DEBUG] [cpw.mods.modlauncher.TransformationServicesHandler/MODLAUNCHER]: Configuring option handling for services
[089月2026 15:18:06.827] [main/DEBUG] [cpw.mods.modlauncher.TransformationServicesHandler/MODLAUNCHER]: Transformation services initializing
[089月2026 15:18:06.828] [main/DEBUG] [cpw.mods.modlauncher.TransformationServiceDecorator/MODLAUNCHER]: Initializing transformation service mixin
[089月2026 15:18:06.859] [main/DEBUG] [mixin/]: MixinService [ModLauncher] was successfully booted in cpw.mods.cl.ModuleClassLoader@64cd705f
[089月2026 15:18:06.885] [main/INFO] [mixin/]: SpongePowered MIXIN Subsystem Version=0.8.5 Source=union:/F:/bu/caches/modules-2/files-2.1/org.spongepowered/mixin/0.8.5/9d1c0c3a304ae6697ecd477218fa61b850bf57fc/mixin-0.8.5.jar%23128!/ Service=ModLauncher Env=CLIENT
[089月2026 15:18:06.891] [main/DEBUG] [mixin/]: Initialising Mixin Platform Manager
[089月2026 15:18:06.891] [main/DEBUG] [mixin/]: Adding mixin platform agents for container ModLauncher Root Container(ModLauncher:4f56a0a2)
[089月2026 15:18:06.893] [main/DEBUG] [mixin/]: Instancing new MixinPlatformAgentMinecraftForge for ModLauncher Root Container(ModLauncher:4f56a0a2)
[089月2026 15:18:06.894] [main/DEBUG] [mixin/]: MixinPlatformAgentMinecraftForge rejected container ModLauncher Root Container(ModLauncher:4f56a0a2)
[089月2026 15:18:06.895] [main/DEBUG] [mixin/]: Instancing new MixinPlatformAgentDefault for ModLauncher Root Container(ModLauncher:4f56a0a2)
[089月2026 15:18:06.896] [main/DEBUG] [mixin/]: MixinPlatformAgentDefault accepted container ModLauncher Root Container(ModLauncher:4f56a0a2)
[089月2026 15:18:06.924] [main/DEBUG] [cpw.mods.modlauncher.TransformationServiceDecorator/MODLAUNCHER]: Initialized transformation service mixin
[089月2026 15:18:06.924] [main/DEBUG] [cpw.mods.modlauncher.TransformationServiceDecorator/MODLAUNCHER]: Initializing transformation service fml
[089月2026 15:18:06.925] [main/DEBUG] [net.minecraftforge.fml.loading.FMLServiceProvider/CORE]: Setting up basic FML game directories
[089月2026 15:18:06.925] [main/DEBUG] [net.minecraftforge.fml.loading.FMLPaths/CORE]: Path GAMEDIR is G:\epca\epca\run-data
[089月2026 15:18:06.926] [main/DEBUG] [net.minecraftforge.fml.loading.FMLPaths/CORE]: Path MODSDIR is G:\epca\epca\run-data\mods
[089月2026 15:18:06.926] [main/DEBUG] [net.minecraftforge.fml.loading.FMLPaths/CORE]: Path CONFIGDIR is G:\epca\epca\run-data\config
[089月2026 15:18:06.926] [main/DEBUG] [net.minecraftforge.fml.loading.FMLPaths/CORE]: Path FMLCONFIG is G:\epca\epca\run-data\config\fml.toml
[089月2026 15:18:06.927] [main/DEBUG] [net.minecraftforge.fml.loading.FMLServiceProvider/CORE]: Loading configuration
[089月2026 15:18:06.940] [main/DEBUG] [net.minecraftforge.fml.loading.FMLServiceProvider/CORE]: Preparing ModFile
[089月2026 15:18:06.950] [main/DEBUG] [net.minecraftforge.fml.loading.FMLServiceProvider/CORE]: Preparing launch handler
[089月2026 15:18:06.950] [main/DEBUG] [net.minecraftforge.fml.loading.FMLLoader/CORE]: Using forgedatauserdev as launch service
[089月2026 15:18:06.977] [main/DEBUG] [net.minecraftforge.fml.loading.FMLLoader/CORE]: Received command line version data  : VersionInfo[forgeVersion=47.2.0, mcVersion=1.20.1, mcpVersion=20230612.114412, forgeGroup=net.minecraftforge]
[089月2026 15:18:06.979] [main/DEBUG] [cpw.mods.modlauncher.TransformationServiceDecorator/MODLAUNCHER]: Initialized transformation service fml
[089月2026 15:18:06.980] [main/DEBUG] [cpw.mods.modlauncher.NameMappingServiceHandler/MODLAUNCHER]: Current naming domain is 'mcp'
[089月2026 15:18:06.981] [main/DEBUG] [cpw.mods.modlauncher.NameMappingServiceHandler/MODLAUNCHER]: Identified name mapping providers {srg=srgtomcp:1234}
[089月2026 15:18:06.981] [main/DEBUG] [cpw.mods.modlauncher.TransformationServicesHandler/MODLAUNCHER]: Transformation services begin scanning
[089月2026 15:18:06.982] [main/DEBUG] [cpw.mods.modlauncher.TransformationServiceDecorator/MODLAUNCHER]: Beginning scan trigger - transformation service mixin
[089月2026 15:18:06.983] [main/DEBUG] [cpw.mods.modlauncher.TransformationServiceDecorator/MODLAUNCHER]: End scan trigger - transformation service mixin
[089月2026 15:18:06.983] [main/DEBUG] [cpw.mods.modlauncher.TransformationServiceDecorator/MODLAUNCHER]: Beginning scan trigger - transformation service fml
[089月2026 15:18:06.984] [main/DEBUG] [net.minecraftforge.fml.loading.FMLServiceProvider/CORE]: Initiating mod scan
[089月2026 15:18:07.006] [main/DEBUG] [net.minecraftforge.fml.loading.moddiscovery.ModListHandler/CORE]: Found mod coordinates from lists: []
[089月2026 15:18:07.013] [main/DEBUG] [net.minecraftforge.fml.loading.moddiscovery.ModDiscoverer/CORE]: Found Mod Locators : (mods folder:null),(maven libs:null),(exploded directory:null),(minecraft:null),(userdev classpath:null)
[089月2026 15:18:07.014] [main/DEBUG] [net.minecraftforge.fml.loading.moddiscovery.ModDiscoverer/CORE]: Found Dependency Locators : (JarInJar:null)
[089月2026 15:18:07.027] [main/DEBUG] [net.minecraftforge.fml.loading.targets.CommonLaunchHandler/CORE]: Got mod coordinates epca%%G:\epca\epca\build\resources\main;epca%%G:\epca\epca\build\classes\java\main from env
[089月2026 15:18:07.029] [main/DEBUG] [net.minecraftforge.fml.loading.targets.CommonLaunchHandler/CORE]: Found supplied mod coordinates [{epca=[G:\epca\epca\build\resources\main, G:\epca\epca\build\classes\java\main]}]
[089月2026 15:18:07.856] [main/DEBUG] [net.minecraftforge.fml.loading.moddiscovery.ModFileInfo/LOADING]: Found valid mod file forge-1.20.1-47.2.0_mapped_official_1.20.1.jar with {minecraft} mods - versions {1.20.1}
[089月2026 15:18:07.869] [main/DEBUG] [net.minecraftforge.fml.loading.moddiscovery.ModFileParser/LOADING]: Considering mod file candidate F:\bu\caches\modules-2\files-2.1\net.minecraftforge\javafmllanguage\1.20.1-47.2.0\7f9181f85acc66547685a72020713fc8cbde98\javafmllanguage-1.20.1-47.2.0.jar
[089月2026 15:18:07.872] [main/WARN] [net.minecraftforge.fml.loading.moddiscovery.ModFileParser/LOADING]: Mod file F:\bu\caches\modules-2\files-2.1\net.minecraftforge\javafmllanguage\1.20.1-47.2.0\7f9181f85acc66547685a72020713fc8cbde98\javafmllanguage-1.20.1-47.2.0.jar is missing mods.toml file
[089月2026 15:18:07.883] [main/DEBUG] [net.minecraftforge.fml.loading.moddiscovery.ModFileParser/LOADING]: Considering mod file candidate F:\bu\caches\modules-2\files-2.1\net.minecraftforge\lowcodelanguage\1.20.1-47.2.0\7872f5205685fdd26fae39b1be79b0e60ca5b7bd\lowcodelanguage-1.20.1-47.2.0.jar
[089月2026 15:18:07.884] [main/WARN] [net.minecraftforge.fml.loading.moddiscovery.ModFileParser/LOADING]: Mod file F:\bu\caches\modules-2\files-2.1\net.minecraftforge\lowcodelanguage\1.20.1-47.2.0\7872f5205685fdd26fae39b1be79b0e60ca5b7bd\lowcodelanguage-1.20.1-47.2.0.jar is missing mods.toml file
[089月2026 15:18:07.895] [main/DEBUG] [net.minecraftforge.fml.loading.moddiscovery.ModFileParser/LOADING]: Considering mod file candidate F:\bu\caches\modules-2\files-2.1\net.minecraftforge\mclanguage\1.20.1-47.2.0\d501d161cabed08b3c139a2c6217b02a39f3c3e9\mclanguage-1.20.1-47.2.0.jar
[089月2026 15:18:07.896] [main/WARN] [net.minecraftforge.fml.loading.moddiscovery.ModFileParser/LOADING]: Mod file F:\bu\caches\modules-2\files-2.1\net.minecraftforge\mclanguage\1.20.1-47.2.0\d501d161cabed08b3c139a2c6217b02a39f3c3e9\mclanguage-1.20.1-47.2.0.jar is missing mods.toml file
[089月2026 15:18:07.910] [main/DEBUG] [net.minecraftforge.fml.loading.moddiscovery.ModFileParser/LOADING]: Considering mod file candidate F:\bu\caches\modules-2\files-2.1\net.minecraftforge\fmlcore\1.20.1-47.2.0\ffd3c6debac0a388c9e33ac43c9f5eafb91cb466\fmlcore-1.20.1-47.2.0.jar
[089月2026 15:18:07.910] [main/WARN] [net.minecraftforge.fml.loading.moddiscovery.ModFileParser/LOADING]: Mod file F:\bu\caches\modules-2\files-2.1\net.minecraftforge\fmlcore\1.20.1-47.2.0\ffd3c6debac0a388c9e33ac43c9f5eafb91cb466\fmlcore-1.20.1-47.2.0.jar is missing mods.toml file
[089月2026 15:18:07.920] [main/DEBUG] [net.minecraftforge.fml.loading.moddiscovery.ModFileParser/LOADING]: Considering mod file candidate G:\epca\epca\build\resources\main
[089月2026 15:18:07.929] [main/DEBUG] [net.minecraftforge.fml.loading.moddiscovery.ModFileInfo/LOADING]: Found valid mod file main with {epca} mods - versions {0.147}
[089月2026 15:18:07.933] [main/DEBUG] [net.minecraftforge.fml.loading.moddiscovery.ModFileParser/LOADING]: Considering mod file candidate /
[089月2026 15:18:07.939] [main/DEBUG] [net.minecraftforge.fml.loading.moddiscovery.ModFileInfo/LOADING]: Found valid mod file  with {forge} mods - versions {47.2.0}
[089月2026 15:18:07.980] [main/DEBUG] [net.minecraftforge.fml.loading.moddiscovery.ModFileParser/LOADING]: Considering mod file candidate F:\bu\caches\forge_gradle\deobf_dependencies\software\bernie\geckolib\geckolib-forge-1.20.1\4.7.1_mapped_official_1.20.1\geckolib-forge-1.20.1-4.7.1_mapped_official_1.20.1.jar
[089月2026 15:18:07.983] [main/DEBUG] [net.minecraftforge.fml.loading.moddiscovery.ModFileInfo/LOADING]: Found valid mod file geckolib-forge-1.20.1-4.7.1_mapped_official_1.20.1.jar with {geckolib} mods - versions {4.7.1}
[089月2026 15:18:07.997] [main/DEBUG] [net.minecraftforge.fml.loading.moddiscovery.ModFileParser/LOADING]: Considering mod file candidate F:\bu\caches\forge_gradle\deobf_dependencies\org\tdddd\yawning_neko_api\yawningapi\1.0.5_mapped_official_1.20.1\yawningapi-1.0.5_mapped_official_1.20.1.jar
[089月2026 15:18:07.999] [main/DEBUG] [net.minecraftforge.fml.loading.moddiscovery.ModFileInfo/LOADING]: Found valid mod file yawningapi-1.0.5_mapped_official_1.20.1.jar with {yawning_neko_api} mods - versions {1.0.5}
[089月2026 15:18:08.011] [main/DEBUG] [net.minecraftforge.fml.loading.moddiscovery.ModFileParser/LOADING]: Considering mod file candidate F:\bu\caches\forge_gradle\deobf_dependencies\curse\maven\jade-324717\6855440_mapped_official_1.20.1\jade-324717-6855440_mapped_official_1.20.1.jar
[089月2026 15:18:08.023] [main/DEBUG] [net.minecraftforge.fml.loading.moddiscovery.ModFileInfo/LOADING]: Found valid mod file jade-324717-6855440_mapped_official_1.20.1.jar with {jade} mods - versions {11.13.2+forge}
[089月2026 15:18:08.034] [main/DEBUG] [net.minecraftforge.fml.loading.moddiscovery.ModFileParser/LOADING]: Considering mod file candidate F:\bu\caches\forge_gradle\deobf_dependencies\curse\maven\jei-238222\8677648_mapped_official_1.20.1\jei-238222-8677648_mapped_official_1.20.1.jar
[089月2026 15:18:08.039] [main/DEBUG] [net.minecraftforge.fml.loading.moddiscovery.ModFileInfo/LOADING]: Found valid mod file jei-238222-8677648_mapped_official_1.20.1.jar with {jei} mods - versions {15.49.0.191}
[089月2026 15:18:08.053] [main/DEBUG] [net.minecraftforge.fml.loading.moddiscovery.ModFileParser/LOADING]: Considering mod file candidate F:\bu\caches\forge_gradle\deobf_dependencies\curse\maven\ldlib-626676\6417175_mapped_official_1.20.1\ldlib-626676-6417175_mapped_official_1.20.1.jar
[089月2026 15:18:08.059] [main/DEBUG] [net.minecraftforge.fml.loading.moddiscovery.ModFileInfo/LOADING]: Found valid mod file ldlib-626676-6417175_mapped_official_1.20.1.jar with {ldlib} mods - versions {1.0.39}
[089月2026 15:18:08.070] [main/DEBUG] [net.minecraftforge.fml.loading.moddiscovery.ModFileParser/LOADING]: Considering mod file candidate F:\bu\caches\forge_gradle\deobf_dependencies\curse\maven\photon-871522\6878530_mapped_official_1.20.1\photon-871522-6878530_mapped_official_1.20.1.jar
[089月2026 15:18:08.072] [main/DEBUG] [net.minecraftforge.fml.loading.moddiscovery.ModFileInfo/LOADING]: Found valid mod file photon-871522-6878530_mapped_official_1.20.1.jar with {photon} mods - versions {1.1.14}
[089月2026 15:18:08.088] [main/DEBUG] [net.minecraftforge.fml.loading.moddiscovery.ModFileParser/LOADING]: Considering mod file candidate F:\bu\caches\forge_gradle\deobf_dependencies\curse\maven\playeranimation-658587\4587214_mapped_official_1.20.1\playeranimation-658587-4587214_mapped_official_1.20.1.jar
[089月2026 15:18:08.090] [main/DEBUG] [net.minecraftforge.fml.loading.moddiscovery.ModFileInfo/LOADING]: Found valid mod file playeranimation-658587-4587214_mapped_official_1.20.1.jar with {playeranimator} mods - versions {1.0.2-rc1+1.20}
[089月2026 15:18:08.110] [main/DEBUG] [net.minecraftforge.fml.loading.moddiscovery.ModFileParser/LOADING]: Considering mod file candidate F:\bu\caches\forge_gradle\deobf_dependencies\curse\maven\ca-1264722\8546534_mapped_official_1.20.1\ca-1264722-8546534_mapped_official_1.20.1.jar
[089月2026 15:18:08.112] [main/DEBUG] [net.minecraftforge.fml.loading.moddiscovery.ModFileInfo/LOADING]: Found valid mod file ca-1264722-8546534_mapped_official_1.20.1.jar with {caerula_arbor} mods - versions {0.12.1.3}
[089月2026 15:18:08.127] [main/DEBUG] [net.minecraftforge.fml.loading.moddiscovery.ModFileParser/LOADING]: Considering mod file candidate F:\bu\caches\forge_gradle\deobf_dependencies\software\bernie\geckolib\geckolib-forge-1.20.1\4.7.1_mapped_official_1.20.1\geckolib-forge-1.20.1-4.7.1_mapped_official_1.20.1.jar
[089月2026 15:18:08.129] [main/DEBUG] [net.minecraftforge.fml.loading.moddiscovery.ModFileInfo/LOADING]: Found valid mod file geckolib-forge-1.20.1-4.7.1_mapped_official_1.20.1.jar with {geckolib} mods - versions {4.7.1}
[089月2026 15:18:08.188] [main/DEBUG] [net.minecraftforge.fml.loading.moddiscovery.ModFileParser/LOADING]: Considering mod file candidate F:\bu\caches\forge_gradle\deobf_dependencies\org\tdddd\yawning_neko_api\yawningapi\1.0.5_mapped_official_1.20.1\yawningapi-1.0.5_mapped_official_1.20.1.jar
[089月2026 15:18:08.191] [main/DEBUG] [net.minecraftforge.fml.loading.moddiscovery.ModFileInfo/LOADING]: Found valid mod file yawningapi-1.0.5_mapped_official_1.20.1.jar with {yawning_neko_api} mods - versions {1.0.5}
[089月2026 15:18:08.228] [main/DEBUG] [net.minecraftforge.fml.loading.moddiscovery.ModFileParser/LOADING]: Considering mod file candidate F:\bu\caches\forge_gradle\deobf_dependencies\curse\maven\jade-324717\6855440_mapped_official_1.20.1\jade-324717-6855440_mapped_official_1.20.1.jar
[089月2026 15:18:08.231] [main/DEBUG] [net.minecraftforge.fml.loading.moddiscovery.ModFileInfo/LOADING]: Found valid mod file jade-324717-6855440_mapped_official_1.20.1.jar with {jade} mods - versions {11.13.2+forge}
[089月2026 15:18:08.261] [main/DEBUG] [net.minecraftforge.fml.loading.moddiscovery.ModFileParser/LOADING]: Considering mod file candidate F:\bu\caches\forge_gradle\deobf_dependencies\curse\maven\jei-238222\8677648_mapped_official_1.20.1\jei-238222-8677648_mapped_official_1.20.1.jar
[089月2026 15:18:08.263] [main/DEBUG] [net.minecraftforge.fml.loading.moddiscovery.ModFileInfo/LOADING]: Found valid mod file jei-238222-8677648_mapped_official_1.20.1.jar with {jei} mods - versions {15.49.0.191}
[089月2026 15:18:08.275] [main/DEBUG] [net.minecraftforge.fml.loading.moddiscovery.ModFileParser/LOADING]: Considering mod file candidate F:\bu\caches\forge_gradle\deobf_dependencies\curse\maven\ldlib-626676\6417175_mapped_official_1.20.1\ldlib-626676-6417175_mapped_official_1.20.1.jar
[089月2026 15:18:08.277] [main/DEBUG] [net.minecraftforge.fml.loading.moddiscovery.ModFileInfo/LOADING]: Found valid mod file ldlib-626676-6417175_mapped_official_1.20.1.jar with {ldlib} mods - versions {1.0.39}
[089月2026 15:18:08.289] [main/DEBUG] [net.minecraftforge.fml.loading.moddiscovery.ModFileParser/LOADING]: Considering mod file candidate F:\bu\caches\forge_gradle\deobf_dependencies\curse\maven\photon-871522\6878530_mapped_official_1.20.1\photon-871522-6878530_mapped_official_1.20.1.jar
[089月2026 15:18:08.291] [main/DEBUG] [net.minecraftforge.fml.loading.moddiscovery.ModFileInfo/LOADING]: Found valid mod file photon-871522-6878530_mapped_official_1.20.1.jar with {photon} mods - versions {1.1.14}
[089月2026 15:18:08.307] [main/DEBUG] [net.minecraftforge.fml.loading.moddiscovery.ModFileParser/LOADING]: Considering mod file candidate F:\bu\caches\forge_gradle\deobf_dependencies\curse\maven\playeranimation-658587\4587214_mapped_official_1.20.1\playeranimation-658587-4587214_mapped_official_1.20.1.jar
[089月2026 15:18:08.309] [main/DEBUG] [net.minecraftforge.fml.loading.moddiscovery.ModFileInfo/LOADING]: Found valid mod file playeranimation-658587-4587214_mapped_official_1.20.1.jar with {playeranimator} mods - versions {1.0.2-rc1+1.20}
[089月2026 15:18:08.325] [main/DEBUG] [net.minecraftforge.fml.loading.moddiscovery.ModFileParser/LOADING]: Considering mod file candidate F:\bu\caches\forge_gradle\deobf_dependencies\curse\maven\ca-1264722\8546534_mapped_official_1.20.1\ca-1264722-8546534_mapped_official_1.20.1.jar
[089月2026 15:18:08.327] [main/DEBUG] [net.minecraftforge.fml.loading.moddiscovery.ModFileInfo/LOADING]: Found valid mod file ca-1264722-8546534_mapped_official_1.20.1.jar with {caerula_arbor} mods - versions {0.12.1.3}
[089月2026 15:18:08.356] [main/DEBUG] [net.minecraftforge.fml.loading.UniqueModListBuilder/]: Found 2 mods for first modid caerula_arbor, selecting most recent based on version data
[089月2026 15:18:08.357] [main/DEBUG] [net.minecraftforge.fml.loading.UniqueModListBuilder/]: Selected file ca-1264722-8546534_mapped_official_1.20.1.jar for modid caerula_arbor with version 0.12.1.3
[089月2026 15:18:08.357] [main/DEBUG] [net.minecraftforge.fml.loading.UniqueModListBuilder/]: Found 2 mods for first modid photon, selecting most recent based on version data
[089月2026 15:18:08.358] [main/DEBUG] [net.minecraftforge.fml.loading.UniqueModListBuilder/]: Selected file photon-871522-6878530_mapped_official_1.20.1.jar for modid photon with version 1.1.14
[089月2026 15:18:08.358] [main/DEBUG] [net.minecraftforge.fml.loading.UniqueModListBuilder/]: Found 2 mods for first modid yawning_neko_api, selecting most recent based on version data
[089月2026 15:18:08.358] [main/DEBUG] [net.minecraftforge.fml.loading.UniqueModListBuilder/]: Selected file yawningapi-1.0.5_mapped_official_1.20.1.jar for modid yawning_neko_api with version 1.0.5
[089月2026 15:18:08.359] [main/DEBUG] [net.minecraftforge.fml.loading.UniqueModListBuilder/]: Found 2 mods for first modid jade, selecting most recent based on version data
[089月2026 15:18:08.359] [main/DEBUG] [net.minecraftforge.fml.loading.UniqueModListBuilder/]: Selected file jade-324717-6855440_mapped_official_1.20.1.jar for modid jade with version 11.13.2+forge
[089月2026 15:18:08.359] [main/DEBUG] [net.minecraftforge.fml.loading.UniqueModListBuilder/]: Found 2 mods for first modid geckolib, selecting most recent based on version data
[089月2026 15:18:08.359] [main/DEBUG] [net.minecraftforge.fml.loading.UniqueModListBuilder/]: Selected file geckolib-forge-1.20.1-4.7.1_mapped_official_1.20.1.jar for modid geckolib with version 4.7.1
[089月2026 15:18:08.360] [main/DEBUG] [net.minecraftforge.fml.loading.UniqueModListBuilder/]: Found 2 mods for first modid playeranimator, selecting most recent based on version data
[089月2026 15:18:08.360] [main/DEBUG] [net.minecraftforge.fml.loading.UniqueModListBuilder/]: Selected file playeranimation-658587-4587214_mapped_official_1.20.1.jar for modid playeranimator with version 1.0.2-rc1+1.20
[089月2026 15:18:08.360] [main/DEBUG] [net.minecraftforge.fml.loading.UniqueModListBuilder/]: Found 2 mods for first modid ldlib, selecting most recent based on version data
[089月2026 15:18:08.360] [main/DEBUG] [net.minecraftforge.fml.loading.UniqueModListBuilder/]: Selected file ldlib-626676-6417175_mapped_official_1.20.1.jar for modid ldlib with version 1.0.39
[089月2026 15:18:08.361] [main/DEBUG] [net.minecraftforge.fml.loading.UniqueModListBuilder/]: Found 2 mods for first modid jei, selecting most recent based on version data
[089月2026 15:18:08.361] [main/DEBUG] [net.minecraftforge.fml.loading.UniqueModListBuilder/]: Selected file jei-238222-8677648_mapped_official_1.20.1.jar for modid jei with version 15.49.0.191
[089月2026 15:18:08.375] [main/DEBUG] [net.minecraftforge.fml.loading.moddiscovery.AbstractJarFileDependencyLocator/]: Failed to load resource META-INF\jarjar\metadata.json from ca-1264722-8546534_mapped_official_1.20.1.jar, it does not contain dependency information.
[089月2026 15:18:08.376] [main/DEBUG] [net.minecraftforge.fml.loading.moddiscovery.AbstractJarFileDependencyLocator/]: Failed to load resource META-INF\jarjar\metadata.json from forge-1.20.1-47.2.0_mapped_official_1.20.1.jar, it does not contain dependency information.
[089月2026 15:18:08.377] [main/DEBUG] [net.minecraftforge.fml.loading.moddiscovery.AbstractJarFileDependencyLocator/]: Failed to load resource META-INF\jarjar\metadata.json from Registrate-MC1.20-1.3.0_mapped_official_1.20.1.jar, it does not contain dependency information.
[089月2026 15:18:08.377] [main/DEBUG] [net.minecraftforge.fml.loading.moddiscovery.AbstractJarFileDependencyLocator/]: Failed to load resource META-INF\jarjar\metadata.json from yawningapi-1.0.5_mapped_official_1.20.1.jar, it does not contain dependency information.
[089月2026 15:18:08.378] [main/DEBUG] [net.minecraftforge.fml.loading.moddiscovery.AbstractJarFileDependencyLocator/]: Failed to load resource META-INF\jarjar\metadata.json from , it does not contain dependency information.
[089月2026 15:18:08.380] [main/DEBUG] [net.minecraftforge.fml.loading.moddiscovery.AbstractJarFileDependencyLocator/]: Failed to load resource META-INF\jarjar\metadata.json from main, it does not contain dependency information.
[089月2026 15:18:08.388] [main/DEBUG] [net.minecraftforge.fml.loading.moddiscovery.AbstractJarFileDependencyLocator/]: Failed to load resource META-INF\jarjar\metadata.json from jade-324717-6855440_mapped_official_1.20.1.jar, it does not contain dependency information.
[089月2026 15:18:08.391] [main/DEBUG] [net.minecraftforge.fml.loading.moddiscovery.AbstractJarFileDependencyLocator/]: Failed to load resource META-INF\jarjar\metadata.json from playeranimation-658587-4587214_mapped_official_1.20.1.jar, it does not contain dependency information.
[089月2026 15:18:08.392] [main/DEBUG] [net.minecraftforge.fml.loading.moddiscovery.AbstractJarFileDependencyLocator/]: Failed to load resource META-INF\jarjar\metadata.json from jei-238222-8677648_mapped_official_1.20.1.jar, it does not contain dependency information.
[089月2026 15:18:08.393] [main/DEBUG] [net.minecraftforge.fml.loading.moddiscovery.AbstractJarFileDependencyLocator/]: Failed to load resource META-INF\jarjar\metadata.json from mclanguage-1.20.1-47.2.0.jar, it does not contain dependency information.
[089月2026 15:18:08.394] [main/DEBUG] [net.minecraftforge.fml.loading.moddiscovery.AbstractJarFileDependencyLocator/]: Failed to load resource META-INF\jarjar\metadata.json from javafmllanguage-1.20.1-47.2.0.jar, it does not contain dependency information.
[089月2026 15:18:08.394] [main/DEBUG] [net.minecraftforge.fml.loading.moddiscovery.AbstractJarFileDependencyLocator/]: Failed to load resource META-INF\jarjar\metadata.json from fmlcore-1.20.1-47.2.0.jar, it does not contain dependency information.
[089月2026 15:18:08.394] [main/DEBUG] [net.minecraftforge.fml.loading.moddiscovery.AbstractJarFileDependencyLocator/]: Failed to load resource META-INF\jarjar\metadata.json from lowcodelanguage-1.20.1-47.2.0.jar, it does not contain dependency information.
[089月2026 15:18:08.635] [main/DEBUG] [net.minecraftforge.fml.loading.moddiscovery.ModFileParser/LOADING]: Considering mod file candidate 
[089月2026 15:18:08.636] [main/DEBUG] [net.minecraftforge.fml.loading.moddiscovery.ModFileInfo/LOADING]: Found valid mod file ldlib-forge-1.20.1-1.0.42.jar with {ldlib} mods - versions {1.0.42}
[089月2026 15:18:08.643] [main/DEBUG] [net.minecraftforge.fml.loading.moddiscovery.ModFileParser/LOADING]: Considering mod file candidate 
[089月2026 15:18:08.650] [main/DEBUG] [net.minecraftforge.fml.loading.moddiscovery.ModFileInfo/LOADING]: Found valid mod file mixinextras-forge-0.3.5.jar with {mixinextras} mods - versions {0.3.5}
[089月2026 15:18:08.662] [main/DEBUG] [net.minecraftforge.fml.loading.moddiscovery.ModFileParser/LOADING]: Considering mod file candidate 
[089月2026 15:18:08.663] [main/DEBUG] [net.minecraftforge.fml.loading.moddiscovery.ModFileInfo/LOADING]: Found valid mod file mixinextras-forge-0.3.5.jar with {mixinextras} mods - versions {0.3.5}
[089月2026 15:18:08.675] [main/DEBUG] [net.minecraftforge.fml.loading.moddiscovery.AbstractJarFileDependencyLocator/]: Failed to load resource META-INF\jarjar\metadata.json from mclib-20.jar, it does not contain dependency information.
[089月2026 15:18:08.692] [main/DEBUG] [net.minecraftforge.fml.loading.moddiscovery.AbstractJarFileDependencyLocator/]: Failed to load resource META-INF\jarjar\metadata.json from MixinExtras-0.3.5.jar, it does not contain dependency information.
[089月2026 15:18:08.693] [main/DEBUG] [net.minecraftforge.fml.loading.moddiscovery.AbstractJarFileDependencyLocator/]: Failed to load resource META-INF\jarjar\metadata.json from MixinExtras-0.3.5.jar, it does not contain dependency information.
[089月2026 15:18:08.807] [main/DEBUG] [net.minecraftforge.fml.loading.moddiscovery.ModFileParser/LOADING]: Considering mod file candidate 
[089月2026 15:18:08.809] [main/DEBUG] [net.minecraftforge.fml.loading.moddiscovery.ModFileInfo/LOADING]: Found valid mod file ldlib-forge-1.20.1-1.0.42.jar with {ldlib} mods - versions {1.0.42}
[089月2026 15:18:08.813] [main/DEBUG] [net.minecraftforge.fml.loading.moddiscovery.ModFileParser/LOADING]: Considering mod file candidate 
[089月2026 15:18:08.815] [main/DEBUG] [net.minecraftforge.fml.loading.moddiscovery.ModFileInfo/LOADING]: Found valid mod file mixinextras-forge-0.3.5.jar with {mixinextras} mods - versions {0.3.5}
[089月2026 15:18:08.817] [main/WARN] [net.minecraftforge.jarjar.selection.JarSelector/]: Attempted to select a dependency jar for JarJar which was passed in as source: ldlib. Using Mod File: F:\bu\caches\forge_gradle\deobf_dependencies\curse\maven\ldlib-626676\6417175_mapped_official_1.20.1\ldlib-626676-6417175_mapped_official_1.20.1.jar
[089月2026 15:18:08.818] [main/INFO] [net.minecraftforge.fml.loading.moddiscovery.JarInJarDependencyLocator/]: Found 3 dependencies adding them to mods collection
[089月2026 15:18:08.821] [main/DEBUG] [net.minecraftforge.fml.loading.moddiscovery.ModFileInfo/LOADING]: Found valid mod file forge-1.20.1-47.2.0_mapped_official_1.20.1.jar with {minecraft} mods - versions {1.20.1}
[089月2026 15:18:08.824] [main/DEBUG] [net.minecraftforge.fml.loading.moddiscovery.ModFile/LOADING]: Loading mod file G:\epca\epca\build\fg_cache\net\minecraftforge\forge\1.20.1-47.2.0_mapped_official_1.20.1\forge-1.20.1-47.2.0_mapped_official_1.20.1.jar with languages [LanguageSpec[languageName=minecraft, acceptedVersions=1]]
[089月2026 15:18:08.825] [main/DEBUG] [net.minecraftforge.fml.loading.moddiscovery.ModFileParser/LOADING]: Considering mod file candidate F:\bu\caches\forge_gradle\deobf_dependencies\curse\maven\ca-1264722\8546534_mapped_official_1.20.1\ca-1264722-8546534_mapped_official_1.20.1.jar
[089月2026 15:18:08.827] [main/DEBUG] [net.minecraftforge.fml.loading.moddiscovery.ModFileInfo/LOADING]: Found valid mod file ca-1264722-8546534_mapped_official_1.20.1.jar with {caerula_arbor} mods - versions {0.12.1.3}
[089月2026 15:18:08.827] [main/DEBUG] [net.minecraftforge.fml.loading.moddiscovery.ModFile/LOADING]: Loading mod file F:\bu\caches\forge_gradle\deobf_dependencies\curse\maven\ca-1264722\8546534_mapped_official_1.20.1\ca-1264722-8546534_mapped_official_1.20.1.jar with languages [LanguageSpec[languageName=javafml, acceptedVersions=[47,)]]
[089月2026 15:18:08.827] [main/DEBUG] [net.minecraftforge.fml.loading.moddiscovery.ModFileParser/LOADING]: Considering mod file candidate G:\epca\epca\build\resources\main
[089月2026 15:18:08.829] [main/DEBUG] [net.minecraftforge.fml.loading.moddiscovery.ModFileInfo/LOADING]: Found valid mod file main with {epca} mods - versions {0.147}
[089月2026 15:18:08.830] [main/DEBUG] [net.minecraftforge.fml.loading.moddiscovery.ModFile/LOADING]: Loading mod file G:\epca\epca\build\resources\main with languages [LanguageSpec[languageName=javafml, acceptedVersions=[47,)]]
[089月2026 15:18:08.830] [main/DEBUG] [net.minecraftforge.fml.loading.moddiscovery.ModFileParser/LOADING]: Considering mod file candidate F:\bu\caches\forge_gradle\deobf_dependencies\curse\maven\jade-324717\6855440_mapped_official_1.20.1\jade-324717-6855440_mapped_official_1.20.1.jar
[089月2026 15:18:08.831] [main/DEBUG] [net.minecraftforge.fml.loading.moddiscovery.ModFileInfo/LOADING]: Found valid mod file jade-324717-6855440_mapped_official_1.20.1.jar with {jade} mods - versions {11.13.2+forge}
[089月2026 15:18:08.832] [main/DEBUG] [net.minecraftforge.fml.loading.moddiscovery.ModFile/LOADING]: Loading mod file F:\bu\caches\forge_gradle\deobf_dependencies\curse\maven\jade-324717\6855440_mapped_official_1.20.1\jade-324717-6855440_mapped_official_1.20.1.jar with languages [LanguageSpec[languageName=javafml, acceptedVersions=[46,)]]
[089月2026 15:18:08.832] [main/DEBUG] [net.minecraftforge.fml.loading.moddiscovery.ModFileParser/LOADING]: Considering mod file candidate F:\bu\caches\forge_gradle\deobf_dependencies\software\bernie\geckolib\geckolib-forge-1.20.1\4.7.1_mapped_official_1.20.1\geckolib-forge-1.20.1-4.7.1_mapped_official_1.20.1.jar
[089月2026 15:18:08.833] [main/DEBUG] [net.minecraftforge.fml.loading.moddiscovery.ModFileInfo/LOADING]: Found valid mod file geckolib-forge-1.20.1-4.7.1_mapped_official_1.20.1.jar with {geckolib} mods - versions {4.7.1}
[089月2026 15:18:08.834] [main/DEBUG] [net.minecraftforge.fml.loading.moddiscovery.ModFile/LOADING]: Loading mod file F:\bu\caches\forge_gradle\deobf_dependencies\software\bernie\geckolib\geckolib-forge-1.20.1\4.7.1_mapped_official_1.20.1\geckolib-forge-1.20.1-4.7.1_mapped_official_1.20.1.jar with languages [LanguageSpec[languageName=javafml, acceptedVersions=[47,)]]
[089月2026 15:18:08.834] [main/DEBUG] [net.minecraftforge.fml.loading.moddiscovery.ModFileParser/LOADING]: Considering mod file candidate F:\bu\caches\forge_gradle\deobf_dependencies\curse\maven\ldlib-626676\6417175_mapped_official_1.20.1\ldlib-626676-6417175_mapped_official_1.20.1.jar
[089月2026 15:18:08.835] [main/DEBUG] [net.minecraftforge.fml.loading.moddiscovery.ModFileInfo/LOADING]: Found valid mod file ldlib-626676-6417175_mapped_official_1.20.1.jar with {ldlib} mods - versions {1.0.39}
[089月2026 15:18:08.836] [main/DEBUG] [net.minecraftforge.fml.loading.moddiscovery.ModFile/LOADING]: Loading mod file F:\bu\caches\forge_gradle\deobf_dependencies\curse\maven\ldlib-626676\6417175_mapped_official_1.20.1\ldlib-626676-6417175_mapped_official_1.20.1.jar with languages [LanguageSpec[languageName=javafml, acceptedVersions=[47,)]]
[089月2026 15:18:08.836] [main/DEBUG] [net.minecraftforge.fml.loading.moddiscovery.ModFileParser/LOADING]: Considering mod file candidate F:\bu\caches\forge_gradle\deobf_dependencies\curse\maven\playeranimation-658587\4587214_mapped_official_1.20.1\playeranimation-658587-4587214_mapped_official_1.20.1.jar
[089月2026 15:18:08.837] [main/DEBUG] [net.minecraftforge.fml.loading.moddiscovery.ModFileInfo/LOADING]: Found valid mod file playeranimation-658587-4587214_mapped_official_1.20.1.jar with {playeranimator} mods - versions {1.0.2-rc1+1.20}
[089月2026 15:18:08.837] [main/DEBUG] [net.minecraftforge.fml.loading.moddiscovery.ModFile/LOADING]: Loading mod file F:\bu\caches\forge_gradle\deobf_dependencies\curse\maven\playeranimation-658587\4587214_mapped_official_1.20.1\playeranimation-658587-4587214_mapped_official_1.20.1.jar with languages [LanguageSpec[languageName=javafml, acceptedVersions=[46.0.0,)]]
[089月2026 15:18:08.838] [main/DEBUG] [net.minecraftforge.fml.loading.moddiscovery.ModFileParser/LOADING]: Considering mod file candidate F:\bu\caches\forge_gradle\deobf_dependencies\curse\maven\jei-238222\8677648_mapped_official_1.20.1\jei-238222-8677648_mapped_official_1.20.1.jar
[089月2026 15:18:08.840] [main/DEBUG] [net.minecraftforge.fml.loading.moddiscovery.ModFileInfo/LOADING]: Found valid mod file jei-238222-8677648_mapped_official_1.20.1.jar with {jei} mods - versions {15.49.0.191}
[089月2026 15:18:08.840] [main/DEBUG] [net.minecraftforge.fml.loading.moddiscovery.ModFile/LOADING]: Loading mod file F:\bu\caches\forge_gradle\deobf_dependencies\curse\maven\jei-238222\8677648_mapped_official_1.20.1\jei-238222-8677648_mapped_official_1.20.1.jar with languages [LanguageSpec[languageName=javafml, acceptedVersions=[47,)]]
[089月2026 15:18:08.841] [main/DEBUG] [net.minecraftforge.fml.loading.moddiscovery.ModFileParser/LOADING]: Considering mod file candidate F:\bu\caches\forge_gradle\deobf_dependencies\curse\maven\photon-871522\6878530_mapped_official_1.20.1\photon-871522-6878530_mapped_official_1.20.1.jar
[089月2026 15:18:08.843] [main/DEBUG] [net.minecraftforge.fml.loading.moddiscovery.ModFileInfo/LOADING]: Found valid mod file photon-871522-6878530_mapped_official_1.20.1.jar with {photon} mods - versions {1.1.14}
[089月2026 15:18:08.844] [main/DEBUG] [net.minecraftforge.fml.loading.moddiscovery.ModFile/LOADING]: Loading mod file F:\bu\caches\forge_gradle\deobf_dependencies\curse\maven\photon-871522\6878530_mapped_official_1.20.1\photon-871522-6878530_mapped_official_1.20.1.jar with languages [LanguageSpec[languageName=javafml, acceptedVersions=[47,)]]
[089月2026 15:18:08.845] [main/DEBUG] [net.minecraftforge.fml.loading.moddiscovery.ModFileParser/LOADING]: Considering mod file candidate /
[089月2026 15:18:08.846] [main/DEBUG] [net.minecraftforge.fml.loading.moddiscovery.ModFileInfo/LOADING]: Found valid mod file  with {forge} mods - versions {47.2.0}
[089月2026 15:18:08.847] [main/DEBUG] [net.minecraftforge.fml.loading.moddiscovery.ModFile/LOADING]: Loading mod file / with languages [LanguageSpec[languageName=javafml, acceptedVersions=[24,]]]
[089月2026 15:18:08.862] [main/DEBUG] [net.minecraftforge.fml.loading.moddiscovery.ModFileParser/LOADING]: Found coremod field_to_method with Javascript path coremods/field_to_method.js
[089月2026 15:18:08.863] [main/DEBUG] [net.minecraftforge.fml.loading.moddiscovery.ModFileParser/LOADING]: Found coremod field_to_instanceof with Javascript path coremods/field_to_instanceof.js
[089月2026 15:18:08.863] [main/DEBUG] [net.minecraftforge.fml.loading.moddiscovery.ModFileParser/LOADING]: Found coremod add_bouncer_method with Javascript path coremods/add_bouncer_method.js
[089月2026 15:18:08.863] [main/DEBUG] [net.minecraftforge.fml.loading.moddiscovery.ModFileParser/LOADING]: Found coremod method_redirector with Javascript path coremods/method_redirector.js
[089月2026 15:18:08.864] [main/DEBUG] [net.minecraftforge.fml.loading.moddiscovery.ModFile/LOADING]: Found coremod coremods/field_to_method.js
[089月2026 15:18:08.864] [main/DEBUG] [net.minecraftforge.fml.loading.moddiscovery.ModFile/LOADING]: Found coremod coremods/field_to_instanceof.js
[089月2026 15:18:08.865] [main/DEBUG] [net.minecraftforge.fml.loading.moddiscovery.ModFile/LOADING]: Found coremod coremods/add_bouncer_method.js
[089月2026 15:18:08.865] [main/DEBUG] [net.minecraftforge.fml.loading.moddiscovery.ModFile/LOADING]: Found coremod coremods/method_redirector.js
[089月2026 15:18:08.866] [main/DEBUG] [net.minecraftforge.fml.loading.moddiscovery.ModFileParser/LOADING]: Considering mod file candidate F:\bu\caches\forge_gradle\deobf_dependencies\org\tdddd\yawning_neko_api\yawningapi\1.0.5_mapped_official_1.20.1\yawningapi-1.0.5_mapped_official_1.20.1.jar
[089月2026 15:18:08.867] [main/DEBUG] [net.minecraftforge.fml.loading.moddiscovery.ModFileInfo/LOADING]: Found valid mod file yawningapi-1.0.5_mapped_official_1.20.1.jar with {yawning_neko_api} mods - versions {1.0.5}
[089月2026 15:18:08.867] [main/DEBUG] [net.minecraftforge.fml.loading.moddiscovery.ModFile/LOADING]: Loading mod file F:\bu\caches\forge_gradle\deobf_dependencies\org\tdddd\yawning_neko_api\yawningapi\1.0.5_mapped_official_1.20.1\yawningapi-1.0.5_mapped_official_1.20.1.jar with languages [LanguageSpec[languageName=javafml, acceptedVersions=[47,)]]
[089月2026 15:18:08.868] [main/DEBUG] [net.minecraftforge.fml.loading.moddiscovery.ModFile/LOADING]: Loading mod file  with languages []
[089月2026 15:18:08.868] [main/DEBUG] [net.minecraftforge.fml.loading.moddiscovery.ModFileParser/LOADING]: Considering mod file candidate 
[089月2026 15:18:08.869] [main/DEBUG] [net.minecraftforge.fml.loading.moddiscovery.ModFileInfo/LOADING]: Found valid mod file mixinextras-forge-0.3.5.jar with {mixinextras} mods - versions {0.3.5}
[089月2026 15:18:08.870] [main/DEBUG] [net.minecraftforge.fml.loading.moddiscovery.ModFile/LOADING]: Loading mod file  with languages [LanguageSpec[languageName=javafml, acceptedVersions=*]]
[089月2026 15:18:08.870] [main/DEBUG] [net.minecraftforge.fml.loading.moddiscovery.ModFile/LOADING]: Loading mod file  with languages []
[089月2026 15:18:08.870] [main/DEBUG] [net.minecraftforge.fml.loading.moddiscovery.ModFile/LOADING]: Loading mod file F:\bu\caches\forge_gradle\deobf_dependencies\com\tterrag\registrate\Registrate\MC1.20-1.3.0_mapped_official_1.20.1\Registrate-MC1.20-1.3.0_mapped_official_1.20.1.jar with languages []
[089月2026 15:18:08.873] [main/DEBUG] [cpw.mods.modlauncher.TransformationServiceDecorator/MODLAUNCHER]: End scan trigger - transformation service fml
[089月2026 15:18:08.954] [main/DEBUG] [net.minecraftforge.fml.loading.LanguageLoadingProvider/CORE]: Found 3 language providers
[089月2026 15:18:08.961] [main/DEBUG] [net.minecraftforge.fml.loading.LanguageLoadingProvider/CORE]: Found language provider minecraft, version 1.0
[089月2026 15:18:08.967] [main/DEBUG] [net.minecraftforge.fml.loading.LanguageLoadingProvider/CORE]: Found language provider lowcodefml, version 47
[089月2026 15:18:08.967] [main/DEBUG] [net.minecraftforge.fml.loading.LanguageLoadingProvider/CORE]: Found language provider javafml, version 47
[089月2026 15:18:08.982] [main/DEBUG] [net.minecraftforge.fml.loading.ModSorter/]: Configured system mods: [minecraft, forge]
[089月2026 15:18:08.983] [main/DEBUG] [net.minecraftforge.fml.loading.ModSorter/]: Found system mod: minecraft
[089月2026 15:18:08.983] [main/DEBUG] [net.minecraftforge.fml.loading.ModSorter/]: Found system mod: forge
[089月2026 15:18:08.992] [main/DEBUG] [net.minecraftforge.fml.loading.ModSorter/LOADING]: Found 21 mod requirements (17 mandatory, 4 optional)
[089月2026 15:18:08.993] [main/DEBUG] [net.minecraftforge.fml.loading.ModSorter/LOADING]: Found 0 mod requirements missing (0 mandatory, 0 optional)
[089月2026 15:18:10.069] [main/DEBUG] [net.minecraftforge.fml.loading.MCPNamingService/CORE]: Loaded 33222 method mappings from methods.csv
[089月2026 15:18:10.189] [main/DEBUG] [net.minecraftforge.fml.loading.MCPNamingService/CORE]: Loaded 31003 field mappings from fields.csv
[089月2026 15:18:10.581] [main/DEBUG] [cpw.mods.modlauncher.TransformationServicesHandler/MODLAUNCHER]: Transformation services loading transformers
[089月2026 15:18:10.583] [main/DEBUG] [cpw.mods.modlauncher.TransformationServiceDecorator/MODLAUNCHER]: Initializing transformers for transformation service mixin
[089月2026 15:18:10.584] [main/DEBUG] [cpw.mods.modlauncher.TransformationServiceDecorator/MODLAUNCHER]: Initialized transformers for transformation service mixin
[089月2026 15:18:10.584] [main/DEBUG] [cpw.mods.modlauncher.TransformationServiceDecorator/MODLAUNCHER]: Initializing transformers for transformation service fml
[089月2026 15:18:10.584] [main/DEBUG] [net.minecraftforge.fml.loading.FMLServiceProvider/CORE]: Loading coremod transformers
[089月2026 15:18:10.585] [main/DEBUG] [net.minecraftforge.coremod.CoreModEngine/COREMOD]: Loading CoreMod from coremods/field_to_method.js
[089月2026 15:18:11.542] [main/DEBUG] [net.minecraftforge.coremod.CoreModEngine/COREMOD]: CoreMod loaded successfully
[089月2026 15:18:11.543] [main/DEBUG] [net.minecraftforge.coremod.CoreModEngine/COREMOD]: Loading CoreMod from coremods/field_to_instanceof.js
[089月2026 15:18:11.638] [main/DEBUG] [net.minecraftforge.coremod.CoreModEngine/COREMOD]: CoreMod loaded successfully
[089月2026 15:18:11.638] [main/DEBUG] [net.minecraftforge.coremod.CoreModEngine/COREMOD]: Loading CoreMod from coremods/add_bouncer_method.js
[089月2026 15:18:11.733] [main/DEBUG] [net.minecraftforge.coremod.CoreModEngine/COREMOD]: CoreMod loaded successfully
[089月2026 15:18:11.734] [main/DEBUG] [net.minecraftforge.coremod.CoreModEngine/COREMOD]: Loading CoreMod from coremods/method_redirector.js
[089月2026 15:18:12.011] [main/DEBUG] [net.minecraftforge.coremod.CoreModEngine/COREMOD]: CoreMod loaded successfully
[089月2026 15:18:12.049] [main/DEBUG] [cpw.mods.modlauncher.TransformStore/MODLAUNCHER]: Adding transformer net.minecraftforge.coremod.transformer.CoreModClassTransformer@41184371 to Target : CLASS {Lnet/minecraft/world/level/biome/Biome;} {} {V}
[089月2026 15:18:12.070] [main/DEBUG] [cpw.mods.modlauncher.TransformStore/MODLAUNCHER]: Adding transformer net.minecraftforge.coremod.transformer.CoreModClassTransformer@17aa8a11 to Target : CLASS {Lnet/minecraft/world/level/levelgen/structure/Structure;} {} {V}
[089月2026 15:18:12.071] [main/DEBUG] [cpw.mods.modlauncher.TransformStore/MODLAUNCHER]: Adding transformer net.minecraftforge.coremod.transformer.CoreModClassTransformer@71b639d0 to Target : CLASS {Lnet/minecraft/world/effect/MobEffectInstance;} {} {V}
[089月2026 15:18:12.072] [main/DEBUG] [cpw.mods.modlauncher.TransformStore/MODLAUNCHER]: Adding transformer net.minecraftforge.coremod.transformer.CoreModClassTransformer@18a25bbd to Target : CLASS {Lnet/minecraft/world/level/block/LiquidBlock;} {} {V}
[089月2026 15:18:12.072] [main/DEBUG] [cpw.mods.modlauncher.TransformStore/MODLAUNCHER]: Adding transformer net.minecraftforge.coremod.transformer.CoreModClassTransformer@5d5b9ecb to Target : CLASS {Lnet/minecraft/world/item/BucketItem;} {} {V}
[089月2026 15:18:12.073] [main/DEBUG] [cpw.mods.modlauncher.TransformStore/MODLAUNCHER]: Adding transformer net.minecraftforge.coremod.transformer.CoreModClassTransformer@1ee27d73 to Target : CLASS {Lnet/minecraft/world/level/block/StairBlock;} {} {V}
[089月2026 15:18:12.073] [main/DEBUG] [cpw.mods.modlauncher.TransformStore/MODLAUNCHER]: Adding transformer net.minecraftforge.coremod.transformer.CoreModClassTransformer@5e5aafc6 to Target : CLASS {Lnet/minecraft/world/level/block/FlowerPotBlock;} {} {V}
[089月2026 15:18:12.073] [main/DEBUG] [cpw.mods.modlauncher.TransformStore/MODLAUNCHER]: Adding transformer net.minecraftforge.coremod.transformer.CoreModClassTransformer@542f6803 to Target : CLASS {Lnet/minecraft/world/item/ItemStack;} {} {V}
[089月2026 15:18:12.074] [main/DEBUG] [cpw.mods.modlauncher.TransformStore/MODLAUNCHER]: Adding transformer net.minecraftforge.coremod.transformer.CoreModClassTransformer@5583098b to Target : CLASS {Lnet/minecraft/network/play/client/CClientSettingsPacket;} {} {V}
[089月2026 15:18:12.074] [main/DEBUG] [cpw.mods.modlauncher.TransformStore/MODLAUNCHER]: Adding transformer net.minecraftforge.coremod.transformer.CoreModClassTransformer@5807efad to Target : CLASS {Lnet/minecraft/world/entity/monster/Spider;} {} {V}
[089月2026 15:18:12.074] [main/DEBUG] [cpw.mods.modlauncher.TransformStore/MODLAUNCHER]: Adding transformer net.minecraftforge.coremod.transformer.CoreModClassTransformer@5807efad to Target : CLASS {Lnet/minecraft/world/level/levelgen/structure/structures/SwampHutPiece;} {} {V}
[089月2026 15:18:12.075] [main/DEBUG] [cpw.mods.modlauncher.TransformStore/MODLAUNCHER]: Adding transformer net.minecraftforge.coremod.transformer.CoreModClassTransformer@5807efad to Target : CLASS {Lnet/minecraft/world/level/levelgen/structure/templatesystem/StructureTemplate;} {} {V}
[089月2026 15:18:12.075] [main/DEBUG] [cpw.mods.modlauncher.TransformStore/MODLAUNCHER]: Adding transformer net.minecraftforge.coremod.transformer.CoreModClassTransformer@5807efad to Target : CLASS {Lnet/minecraft/server/commands/SummonCommand;} {} {V}
[089月2026 15:18:12.075] [main/DEBUG] [cpw.mods.modlauncher.TransformStore/MODLAUNCHER]: Adding transformer net.minecraftforge.coremod.transformer.CoreModClassTransformer@5807efad to Target : CLASS {Lnet/minecraft/world/level/NaturalSpawner;} {} {V}
[089月2026 15:18:12.075] [main/DEBUG] [cpw.mods.modlauncher.TransformStore/MODLAUNCHER]: Adding transformer net.minecraftforge.coremod.transformer.CoreModClassTransformer@5807efad to Target : CLASS {Lnet/minecraft/world/entity/npc/CatSpawner;} {} {V}
[089月2026 15:18:12.076] [main/DEBUG] [cpw.mods.modlauncher.TransformStore/MODLAUNCHER]: Adding transformer net.minecraftforge.coremod.transformer.CoreModClassTransformer@5807efad to Target : CLASS {Lnet/minecraft/world/entity/raid/Raid;} {} {V}
[089月2026 15:18:12.076] [main/DEBUG] [cpw.mods.modlauncher.TransformStore/MODLAUNCHER]: Adding transformer net.minecraftforge.coremod.transformer.CoreModClassTransformer@5807efad to Target : CLASS {Lnet/minecraft/world/entity/animal/horse/SkeletonTrapGoal;} {} {V}
[089月2026 15:18:12.076] [main/DEBUG] [cpw.mods.modlauncher.TransformStore/MODLAUNCHER]: Adding transformer net.minecraftforge.coremod.transformer.CoreModClassTransformer@5807efad to Target : CLASS {Lnet/minecraft/world/entity/monster/Strider;} {} {V}
[089月2026 15:18:12.077] [main/DEBUG] [cpw.mods.modlauncher.TransformStore/MODLAUNCHER]: Adding transformer net.minecraftforge.coremod.transformer.CoreModClassTransformer@5807efad to Target : CLASS {Lnet/minecraft/world/level/levelgen/structure/structures/OceanMonumentPieces$OceanMonumentPiece;} {} {V}
[089月2026 15:18:12.077] [main/DEBUG] [cpw.mods.modlauncher.TransformStore/MODLAUNCHER]: Adding transformer net.minecraftforge.coremod.transformer.CoreModClassTransformer@5807efad to Target : CLASS {Lnet/minecraft/server/commands/RaidCommand;} {} {V}
[089月2026 15:18:12.077] [main/DEBUG] [cpw.mods.modlauncher.TransformStore/MODLAUNCHER]: Adding transformer net.minecraftforge.coremod.transformer.CoreModClassTransformer@5807efad to Target : CLASS {Lnet/minecraft/world/entity/EntityType;} {} {V}
[089月2026 15:18:12.077] [main/DEBUG] [cpw.mods.modlauncher.TransformStore/MODLAUNCHER]: Adding transformer net.minecraftforge.coremod.transformer.CoreModClassTransformer@5807efad to Target : CLASS {Lnet/minecraft/world/entity/ai/village/VillageSiege;} {} {V}
[089月2026 15:18:12.078] [main/DEBUG] [cpw.mods.modlauncher.TransformStore/MODLAUNCHER]: Adding transformer net.minecraftforge.coremod.transformer.CoreModClassTransformer@5807efad to Target : CLASS {Lnet/minecraft/world/entity/monster/ZombieVillager;} {} {V}
[089月2026 15:18:12.078] [main/DEBUG] [cpw.mods.modlauncher.TransformStore/MODLAUNCHER]: Adding transformer net.minecraftforge.coremod.transformer.CoreModClassTransformer@5807efad to Target : CLASS {Lnet/minecraft/world/entity/monster/Evoker$EvokerSummonSpellGoal;} {} {V}
[089月2026 15:18:12.078] [main/DEBUG] [cpw.mods.modlauncher.TransformStore/MODLAUNCHER]: Adding transformer net.minecraftforge.coremod.transformer.CoreModClassTransformer@5807efad to Target : CLASS {Lnet/minecraft/world/level/levelgen/structure/structures/OceanRuinPieces$OceanRuinPiece;} {} {V}
[089月2026 15:18:12.078] [main/DEBUG] [cpw.mods.modlauncher.TransformStore/MODLAUNCHER]: Adding transformer net.minecraftforge.coremod.transformer.CoreModClassTransformer@5807efad to Target : CLASS {Lnet/minecraft/world/entity/monster/Zombie;} {} {V}
[089月2026 15:18:12.078] [main/DEBUG] [cpw.mods.modlauncher.TransformStore/MODLAUNCHER]: Adding transformer net.minecraftforge.coremod.transformer.CoreModClassTransformer@5807efad to Target : CLASS {Lnet/minecraft/world/entity/animal/frog/Tadpole;} {} {V}
[089月2026 15:18:12.078] [main/DEBUG] [cpw.mods.modlauncher.TransformStore/MODLAUNCHER]: Adding transformer net.minecraftforge.coremod.transformer.CoreModClassTransformer@5807efad to Target : CLASS {Lnet/minecraft/world/level/levelgen/PatrolSpawner;} {} {V}
[089月2026 15:18:12.079] [main/DEBUG] [cpw.mods.modlauncher.TransformStore/MODLAUNCHER]: Adding transformer net.minecraftforge.coremod.transformer.CoreModClassTransformer@5807efad to Target : CLASS {Lnet/minecraft/world/level/levelgen/PhantomSpawner;} {} {V}
[089月2026 15:18:12.079] [main/DEBUG] [cpw.mods.modlauncher.TransformStore/MODLAUNCHER]: Adding transformer net.minecraftforge.coremod.transformer.CoreModClassTransformer@5807efad to Target : CLASS {Lnet/minecraft/world/entity/npc/Villager;} {} {V}
[089月2026 15:18:12.079] [main/DEBUG] [cpw.mods.modlauncher.TransformStore/MODLAUNCHER]: Adding transformer net.minecraftforge.coremod.transformer.CoreModClassTransformer@5807efad to Target : CLASS {Lnet/minecraft/world/level/levelgen/structure/structures/WoodlandMansionPieces$WoodlandMansionPiece;} {} {V}
[089月2026 15:18:12.079] [main/DEBUG] [cpw.mods.modlauncher.TransformationServiceDecorator/MODLAUNCHER]: Initialized transformers for transformation service fml
[089月2026 15:18:16.280] [main/DEBUG] [mixin/]: Processing prepare() for PlatformAgent[MixinPlatformAgentDefault:ModLauncher Root Container(ModLauncher:4f56a0a2)]
[089月2026 15:18:16.281] [main/DEBUG] [mixin/]: Registering mixin config: epca.mixins.json
[089月2026 15:18:16.353] [main/DEBUG] [mixin/]: Compatibility level JAVA_17 specified by epca.mixins.json is higher than the maximum level supported by this version of mixin (JAVA_13).
[089月2026 15:18:16.357] [main/INFO] [mixin/]: Compatibility level set to JAVA_17
[089月2026 15:18:16.358] [main/DEBUG] [mixin/]: Processing launch tasks for PlatformAgent[MixinPlatformAgentDefault:ModLauncher Root Container(ModLauncher:4f56a0a2)]
[089月2026 15:18:16.358] [main/DEBUG] [mixin/]: Adding mixin platform agents for container SecureJarResource(minecraft)
[089月2026 15:18:16.358] [main/DEBUG] [mixin/]: Instancing new MixinPlatformAgentMinecraftForge for SecureJarResource(minecraft)
[089月2026 15:18:16.358] [main/DEBUG] [mixin/]: MixinPlatformAgentMinecraftForge rejected container SecureJarResource(minecraft)
[089月2026 15:18:16.359] [main/DEBUG] [mixin/]: Instancing new MixinPlatformAgentDefault for SecureJarResource(minecraft)
[089月2026 15:18:16.359] [main/DEBUG] [mixin/]: MixinPlatformAgentDefault accepted container SecureJarResource(minecraft)
[089月2026 15:18:16.359] [main/DEBUG] [mixin/]: Processing prepare() for PlatformAgent[MixinPlatformAgentDefault:SecureJarResource(minecraft)]
[089月2026 15:18:16.359] [main/DEBUG] [mixin/]: Adding mixin platform agents for container SecureJarResource(caerula_arbor)
[089月2026 15:18:16.359] [main/DEBUG] [mixin/]: Instancing new MixinPlatformAgentMinecraftForge for SecureJarResource(caerula_arbor)
[089月2026 15:18:16.360] [main/DEBUG] [mixin/]: MixinPlatformAgentMinecraftForge rejected container SecureJarResource(caerula_arbor)
[089月2026 15:18:16.360] [main/DEBUG] [mixin/]: Instancing new MixinPlatformAgentDefault for SecureJarResource(caerula_arbor)
[089月2026 15:18:16.360] [main/DEBUG] [mixin/]: MixinPlatformAgentDefault accepted container SecureJarResource(caerula_arbor)
[089月2026 15:18:16.360] [main/DEBUG] [mixin/]: Processing prepare() for PlatformAgent[MixinPlatformAgentDefault:SecureJarResource(caerula_arbor)]
[089月2026 15:18:16.361] [main/DEBUG] [mixin/]: Registering mixin config: mixins.caerula_arbor.json
[089月2026 15:18:16.363] [main/DEBUG] [mixin/]: Adding mixin platform agents for container SecureJarResource(epca)
[089月2026 15:18:16.364] [main/DEBUG] [mixin/]: Instancing new MixinPlatformAgentMinecraftForge for SecureJarResource(epca)
[089月2026 15:18:16.364] [main/DEBUG] [mixin/]: MixinPlatformAgentMinecraftForge rejected container SecureJarResource(epca)
[089月2026 15:18:16.364] [main/DEBUG] [mixin/]: Instancing new MixinPlatformAgentDefault for SecureJarResource(epca)
[089月2026 15:18:16.365] [main/DEBUG] [mixin/]: MixinPlatformAgentDefault accepted container SecureJarResource(epca)
[089月2026 15:18:16.365] [main/DEBUG] [mixin/]: Processing prepare() for PlatformAgent[MixinPlatformAgentDefault:SecureJarResource(epca)]
[089月2026 15:18:16.365] [main/DEBUG] [mixin/]: Registering mixin config: epca.mixins.json
[089月2026 15:18:16.366] [main/DEBUG] [mixin/]: Adding mixin platform agents for container SecureJarResource(jade)
[089月2026 15:18:16.367] [main/DEBUG] [mixin/]: Instancing new MixinPlatformAgentMinecraftForge for SecureJarResource(jade)
[089月2026 15:18:16.367] [main/DEBUG] [mixin/]: MixinPlatformAgentMinecraftForge rejected container SecureJarResource(jade)
[089月2026 15:18:16.367] [main/DEBUG] [mixin/]: Instancing new MixinPlatformAgentDefault for SecureJarResource(jade)
[089月2026 15:18:16.367] [main/DEBUG] [mixin/]: MixinPlatformAgentDefault accepted container SecureJarResource(jade)
[089月2026 15:18:16.368] [main/DEBUG] [mixin/]: Processing prepare() for PlatformAgent[MixinPlatformAgentDefault:SecureJarResource(jade)]
[089月2026 15:18:16.368] [main/DEBUG] [mixin/]: Registering mixin config: jade.mixins.json
[089月2026 15:18:16.371] [main/DEBUG] [mixin/]: Compatibility level JAVA_16 specified by jade.mixins.json is higher than the maximum level supported by this version of mixin (JAVA_13).
[089月2026 15:18:16.371] [main/DEBUG] [mixin/]: Adding mixin platform agents for container SecureJarResource(geckolib)
[089月2026 15:18:16.372] [main/DEBUG] [mixin/]: Instancing new MixinPlatformAgentMinecraftForge for SecureJarResource(geckolib)
[089月2026 15:18:16.372] [main/DEBUG] [mixin/]: MixinPlatformAgentMinecraftForge rejected container SecureJarResource(geckolib)
[089月2026 15:18:16.373] [main/DEBUG] [mixin/]: Instancing new MixinPlatformAgentDefault for SecureJarResource(geckolib)
[089月2026 15:18:16.373] [main/DEBUG] [mixin/]: MixinPlatformAgentDefault accepted container SecureJarResource(geckolib)
[089月2026 15:18:16.373] [main/DEBUG] [mixin/]: Processing prepare() for PlatformAgent[MixinPlatformAgentDefault:SecureJarResource(geckolib)]
[089月2026 15:18:16.374] [main/DEBUG] [mixin/]: Registering mixin config: geckolib.mixins.json
[089月2026 15:18:16.378] [main/DEBUG] [mixin/]: Adding mixin platform agents for container SecureJarResource(ldlib)
[089月2026 15:18:16.379] [main/DEBUG] [mixin/]: Instancing new MixinPlatformAgentMinecraftForge for SecureJarResource(ldlib)
[089月2026 15:18:16.381] [main/DEBUG] [mixin/]: MixinPlatformAgentMinecraftForge rejected container SecureJarResource(ldlib)
[089月2026 15:18:16.384] [main/DEBUG] [mixin/]: Instancing new MixinPlatformAgentDefault for SecureJarResource(ldlib)
[089月2026 15:18:16.385] [main/DEBUG] [mixin/]: MixinPlatformAgentDefault accepted container SecureJarResource(ldlib)
[089月2026 15:18:16.385] [main/DEBUG] [mixin/]: Processing prepare() for PlatformAgent[MixinPlatformAgentDefault:SecureJarResource(ldlib)]
[089月2026 15:18:16.385] [main/DEBUG] [mixin/]: Registering mixin config: ldlib-common.mixins.json
[089月2026 15:18:16.388] [main/DEBUG] [mixin/]: Registering mixin config: ldlib.mixins.json
[089月2026 15:18:16.391] [main/DEBUG] [mixin/]: Adding mixin platform agents for container SecureJarResource(playeranimator)
[089月2026 15:18:16.392] [main/DEBUG] [mixin/]: Instancing new MixinPlatformAgentMinecraftForge for SecureJarResource(playeranimator)
[089月2026 15:18:16.392] [main/DEBUG] [mixin/]: MixinPlatformAgentMinecraftForge rejected container SecureJarResource(playeranimator)
[089月2026 15:18:16.392] [main/DEBUG] [mixin/]: Instancing new MixinPlatformAgentDefault for SecureJarResource(playeranimator)
[089月2026 15:18:16.393] [main/DEBUG] [mixin/]: MixinPlatformAgentDefault accepted container SecureJarResource(playeranimator)
[089月2026 15:18:16.393] [main/DEBUG] [mixin/]: Processing prepare() for PlatformAgent[MixinPlatformAgentDefault:SecureJarResource(playeranimator)]
[089月2026 15:18:16.393] [main/DEBUG] [mixin/]: Registering mixin config: playerAnimator-common.mixins.json
[089月2026 15:18:16.396] [main/DEBUG] [mixin/]: Compatibility level JAVA_16 specified by playerAnimator-common.mixins.json is higher than the maximum level supported by this version of mixin (JAVA_13).
[089月2026 15:18:16.396] [main/DEBUG] [mixin/]: Adding mixin platform agents for container SecureJarResource(jei)
[089月2026 15:18:16.396] [main/DEBUG] [mixin/]: Instancing new MixinPlatformAgentMinecraftForge for SecureJarResource(jei)
[089月2026 15:18:16.397] [main/DEBUG] [mixin/]: MixinPlatformAgentMinecraftForge rejected container SecureJarResource(jei)
[089月2026 15:18:16.397] [main/DEBUG] [mixin/]: Instancing new MixinPlatformAgentDefault for SecureJarResource(jei)
[089月2026 15:18:16.397] [main/DEBUG] [mixin/]: MixinPlatformAgentDefault accepted container SecureJarResource(jei)
[089月2026 15:18:16.397] [main/DEBUG] [mixin/]: Processing prepare() for PlatformAgent[MixinPlatformAgentDefault:SecureJarResource(jei)]
[089月2026 15:18:16.398] [main/DEBUG] [mixin/]: Adding mixin platform agents for container SecureJarResource(photon)
[089月2026 15:18:16.398] [main/DEBUG] [mixin/]: Instancing new MixinPlatformAgentMinecraftForge for SecureJarResource(photon)
[089月2026 15:18:16.398] [main/DEBUG] [mixin/]: MixinPlatformAgentMinecraftForge rejected container SecureJarResource(photon)
[089月2026 15:18:16.398] [main/DEBUG] [mixin/]: Instancing new MixinPlatformAgentDefault for SecureJarResource(photon)
[089月2026 15:18:16.399] [main/DEBUG] [mixin/]: MixinPlatformAgentDefault accepted container SecureJarResource(photon)
[089月2026 15:18:16.399] [main/DEBUG] [mixin/]: Processing prepare() for PlatformAgent[MixinPlatformAgentDefault:SecureJarResource(photon)]
[089月2026 15:18:16.399] [main/DEBUG] [mixin/]: Registering mixin config: photon-common.mixins.json
[089月2026 15:18:16.402] [main/DEBUG] [mixin/]: Registering mixin config: photon.mixins.json
[089月2026 15:18:16.414] [main/DEBUG] [mixin/]: Adding mixin platform agents for container SecureJarResource(forge)
[089月2026 15:18:16.414] [main/DEBUG] [mixin/]: Instancing new MixinPlatformAgentMinecraftForge for SecureJarResource(forge)
[089月2026 15:18:16.414] [main/DEBUG] [mixin/]: MixinPlatformAgentMinecraftForge rejected container SecureJarResource(forge)
[089月2026 15:18:16.415] [main/DEBUG] [mixin/]: Instancing new MixinPlatformAgentDefault for SecureJarResource(forge)
[089月2026 15:18:16.415] [main/DEBUG] [mixin/]: MixinPlatformAgentDefault accepted container SecureJarResource(forge)
[089月2026 15:18:16.415] [main/DEBUG] [mixin/]: Processing prepare() for PlatformAgent[MixinPlatformAgentDefault:SecureJarResource(forge)]
[089月2026 15:18:16.415] [main/DEBUG] [mixin/]: Adding mixin platform agents for container SecureJarResource(yawning_neko_api)
[089月2026 15:18:16.416] [main/DEBUG] [mixin/]: Instancing new MixinPlatformAgentMinecraftForge for SecureJarResource(yawning_neko_api)
[089月2026 15:18:16.416] [main/DEBUG] [mixin/]: MixinPlatformAgentMinecraftForge rejected container SecureJarResource(yawning_neko_api)
[089月2026 15:18:16.417] [main/DEBUG] [mixin/]: Instancing new MixinPlatformAgentDefault for SecureJarResource(yawning_neko_api)
[089月2026 15:18:16.417] [main/DEBUG] [mixin/]: MixinPlatformAgentDefault accepted container SecureJarResource(yawning_neko_api)
[089月2026 15:18:16.417] [main/DEBUG] [mixin/]: Processing prepare() for PlatformAgent[MixinPlatformAgentDefault:SecureJarResource(yawning_neko_api)]
[089月2026 15:18:16.417] [main/DEBUG] [mixin/]: Registering mixin config: yawning_neko_api.mixins.json
[089月2026 15:18:16.420] [main/DEBUG] [mixin/]: Compatibility level JAVA_8 specified by yawning_neko_api.mixins.json is lower than the default level supported by the current mixin service (JAVA_16).
[089月2026 15:18:16.421] [main/DEBUG] [mixin/]: Adding mixin platform agents for container SecureJarResource(mclib)
[089月2026 15:18:16.421] [main/DEBUG] [mixin/]: Instancing new MixinPlatformAgentMinecraftForge for SecureJarResource(mclib)
[089月2026 15:18:16.421] [main/DEBUG] [mixin/]: MixinPlatformAgentMinecraftForge rejected container SecureJarResource(mclib)
[089月2026 15:18:16.422] [main/DEBUG] [mixin/]: Instancing new MixinPlatformAgentDefault for SecureJarResource(mclib)
[089月2026 15:18:16.422] [main/DEBUG] [mixin/]: MixinPlatformAgentDefault accepted container SecureJarResource(mclib)
[089月2026 15:18:16.422] [main/DEBUG] [mixin/]: Processing prepare() for PlatformAgent[MixinPlatformAgentDefault:SecureJarResource(mclib)]
[089月2026 15:18:16.422] [main/DEBUG] [mixin/]: Adding mixin platform agents for container SecureJarResource(mixinextras)
[089月2026 15:18:16.423] [main/DEBUG] [mixin/]: Instancing new MixinPlatformAgentMinecraftForge for SecureJarResource(mixinextras)
[089月2026 15:18:16.423] [main/DEBUG] [mixin/]: MixinPlatformAgentMinecraftForge rejected container SecureJarResource(mixinextras)
[089月2026 15:18:16.423] [main/DEBUG] [mixin/]: Instancing new MixinPlatformAgentDefault for SecureJarResource(mixinextras)
[089月2026 15:18:16.423] [main/DEBUG] [mixin/]: MixinPlatformAgentDefault accepted container SecureJarResource(mixinextras)
[089月2026 15:18:16.424] [main/DEBUG] [mixin/]: Processing prepare() for PlatformAgent[MixinPlatformAgentDefault:SecureJarResource(mixinextras)]
[089月2026 15:18:16.424] [main/DEBUG] [mixin/]: Registering mixin config: mixinextras.init.mixins.json
[089月2026 15:18:16.426] [main/DEBUG] [mixin/]: Adding mixin platform agents for container SecureJarResource(MixinExtras)
[089月2026 15:18:16.426] [main/DEBUG] [mixin/]: Instancing new MixinPlatformAgentMinecraftForge for SecureJarResource(MixinExtras)
[089月2026 15:18:16.427] [main/DEBUG] [mixin/]: MixinPlatformAgentMinecraftForge rejected container SecureJarResource(MixinExtras)
[089月2026 15:18:16.427] [main/DEBUG] [mixin/]: Instancing new MixinPlatformAgentDefault for SecureJarResource(MixinExtras)
[089月2026 15:18:16.428] [main/DEBUG] [mixin/]: MixinPlatformAgentDefault accepted container SecureJarResource(MixinExtras)
[089月2026 15:18:16.428] [main/DEBUG] [mixin/]: Processing prepare() for PlatformAgent[MixinPlatformAgentDefault:SecureJarResource(MixinExtras)]
[089月2026 15:18:16.428] [main/DEBUG] [mixin/]: Adding mixin platform agents for container SecureJarResource(Registrate)
[089月2026 15:18:16.429] [main/DEBUG] [mixin/]: Instancing new MixinPlatformAgentMinecraftForge for SecureJarResource(Registrate)
[089月2026 15:18:16.429] [main/DEBUG] [mixin/]: MixinPlatformAgentMinecraftForge rejected container SecureJarResource(Registrate)
[089月2026 15:18:16.429] [main/DEBUG] [mixin/]: Instancing new MixinPlatformAgentDefault for SecureJarResource(Registrate)
[089月2026 15:18:16.430] [main/DEBUG] [mixin/]: MixinPlatformAgentDefault accepted container SecureJarResource(Registrate)
[089月2026 15:18:16.430] [main/DEBUG] [mixin/]: Processing prepare() for PlatformAgent[MixinPlatformAgentDefault:SecureJarResource(Registrate)]
[089月2026 15:18:16.430] [main/DEBUG] [mixin/]: inject() running with 16 agents
[089月2026 15:18:16.431] [main/DEBUG] [mixin/]: Processing inject() for PlatformAgent[MixinPlatformAgentDefault:ModLauncher Root Container(ModLauncher:4f56a0a2)]
[089月2026 15:18:16.431] [main/DEBUG] [mixin/]: Processing inject() for PlatformAgent[MixinPlatformAgentDefault:SecureJarResource(minecraft)]
[089月2026 15:18:16.431] [main/DEBUG] [mixin/]: Processing inject() for PlatformAgent[MixinPlatformAgentDefault:SecureJarResource(caerula_arbor)]
[089月2026 15:18:16.431] [main/DEBUG] [mixin/]: Processing inject() for PlatformAgent[MixinPlatformAgentDefault:SecureJarResource(epca)]
[089月2026 15:18:16.431] [main/DEBUG] [mixin/]: Processing inject() for PlatformAgent[MixinPlatformAgentDefault:SecureJarResource(jade)]
[089月2026 15:18:16.432] [main/DEBUG] [mixin/]: Processing inject() for PlatformAgent[MixinPlatformAgentDefault:SecureJarResource(geckolib)]
[089月2026 15:18:16.432] [main/DEBUG] [mixin/]: Processing inject() for PlatformAgent[MixinPlatformAgentDefault:SecureJarResource(ldlib)]
[089月2026 15:18:16.432] [main/DEBUG] [mixin/]: Processing inject() for PlatformAgent[MixinPlatformAgentDefault:SecureJarResource(playeranimator)]
[089月2026 15:18:16.432] [main/DEBUG] [mixin/]: Processing inject() for PlatformAgent[MixinPlatformAgentDefault:SecureJarResource(jei)]
[089月2026 15:18:16.433] [main/DEBUG] [mixin/]: Processing inject() for PlatformAgent[MixinPlatformAgentDefault:SecureJarResource(photon)]
[089月2026 15:18:16.433] [main/DEBUG] [mixin/]: Processing inject() for PlatformAgent[MixinPlatformAgentDefault:SecureJarResource(forge)]
[089月2026 15:18:16.433] [main/DEBUG] [mixin/]: Processing inject() for PlatformAgent[MixinPlatformAgentDefault:SecureJarResource(yawning_neko_api)]
[089月2026 15:18:16.433] [main/DEBUG] [mixin/]: Processing inject() for PlatformAgent[MixinPlatformAgentDefault:SecureJarResource(mclib)]
[089月2026 15:18:16.434] [main/DEBUG] [mixin/]: Processing inject() for PlatformAgent[MixinPlatformAgentDefault:SecureJarResource(mixinextras)]
[089月2026 15:18:16.434] [main/DEBUG] [mixin/]: Processing inject() for PlatformAgent[MixinPlatformAgentDefault:SecureJarResource(MixinExtras)]
[089月2026 15:18:16.434] [main/DEBUG] [mixin/]: Processing inject() for PlatformAgent[MixinPlatformAgentDefault:SecureJarResource(Registrate)]
[089月2026 15:18:16.440] [main/INFO] [cpw.mods.modlauncher.LaunchServiceHandler/MODLAUNCHER]: Launching target 'forgedatauserdev' with arguments [--gameDir, ., --assetsDir, F:\bu\caches\forge_gradle\assets, --assetIndex, 5, --mod, epca, --all, --output, G:\epca\epca\src\generated\resources, --existing, G:\epca\epca\src\main\resources]
[089月2026 15:18:16.845] [main/DEBUG] [mixin/]: Error cleaning class output directory: .mixin.out
[089月2026 15:18:16.848] [main/DEBUG] [mixin/]: Preparing mixins for MixinEnvironment[DEFAULT]
[089月2026 15:18:16.849] [main/DEBUG] [mixin/]: Selecting config epca.mixins.json
[089月2026 15:18:16.856] [main/WARN] [mixin/]: Reference map 'epca.refmap.json' for epca.mixins.json could not be read. If this is a development environment you can ignore this message
[089月2026 15:18:16.858] [main/DEBUG] [mixin/]: Selecting config mixins.caerula_arbor.json
[089月2026 15:18:17.748] [main/INFO] [mixin/]: Remapping refMap mixins.caerula_arbor.refmap.json using G:\epca\epca\build\createSrgToMcp\output.srg
[089月2026 15:18:17.748] [main/DEBUG] [mixin/]: Selecting config jade.mixins.json
[089月2026 15:18:17.750] [main/INFO] [mixin/]: Remapping refMap jade.refmap.json using G:\epca\epca\build\createSrgToMcp\output.srg
[089月2026 15:18:17.750] [main/DEBUG] [mixin/]: Selecting config geckolib.mixins.json
[089月2026 15:18:17.752] [main/INFO] [mixin/]: Remapping refMap geckolib.refmap.json using G:\epca\epca\build\createSrgToMcp\output.srg
[089月2026 15:18:17.752] [main/DEBUG] [mixin/]: Selecting config ldlib-common.mixins.json
[089月2026 15:18:17.769] [main/INFO] [mixin/]: Remapping refMap ldlib-common-1.20.1-ldlib-common-refmap.json using G:\epca\epca\build\createSrgToMcp\output.srg
[089月2026 15:18:17.769] [main/DEBUG] [mixin/]: Selecting config ldlib.mixins.json
[089月2026 15:18:17.772] [main/INFO] [mixin/]: Remapping refMap ldlib-forge-1.20.1-ldlib-forge-refmap.json using G:\epca\epca\build\createSrgToMcp\output.srg
[089月2026 15:18:17.772] [main/DEBUG] [mixin/]: Selecting config playerAnimator-common.mixins.json
[089月2026 15:18:17.775] [main/INFO] [mixin/]: Remapping refMap player-animation-lib-minecraft_common-refmap.json using G:\epca\epca\build\createSrgToMcp\output.srg
[089月2026 15:18:17.776] [main/DEBUG] [mixin/]: Selecting config photon-common.mixins.json
[089月2026 15:18:17.777] [main/INFO] [mixin/]: Remapping refMap photon-common-1.20.1-photon-common-refmap.json using G:\epca\epca\build\createSrgToMcp\output.srg
[089月2026 15:18:17.777] [main/DEBUG] [mixin/]: Selecting config photon.mixins.json
[089月2026 15:18:17.780] [main/INFO] [mixin/]: Remapping refMap photon-forge-1.20.1-photon-forge-refmap.json using G:\epca\epca\build\createSrgToMcp\output.srg
[089月2026 15:18:17.781] [main/DEBUG] [mixin/]: Selecting config yawning_neko_api.mixins.json
[089月2026 15:18:17.783] [main/INFO] [mixin/]: Remapping refMap yawning_neko_api.refmap.json using G:\epca\epca\build\createSrgToMcp\output.srg
[089月2026 15:18:17.784] [main/DEBUG] [mixin/]: Selecting config mixinextras.init.mixins.json
[089月2026 15:18:17.823] [main/DEBUG] [MixinExtras|Service/]: com.llamalad7.mixinextras.service.MixinExtrasServiceImpl(version=0.3.5) is taking over from null
[089月2026 15:18:17.877] [main/DEBUG] [mixin/]: Registering new injector for @Inject with org.spongepowered.asm.mixin.injection.struct.CallbackInjectionInfo
[089月2026 15:18:17.882] [main/DEBUG] [mixin/]: Registering new injector for @ModifyArg with org.spongepowered.asm.mixin.injection.struct.ModifyArgInjectionInfo
[089月2026 15:18:17.884] [main/DEBUG] [mixin/]: Registering new injector for @ModifyArgs with org.spongepowered.asm.mixin.injection.struct.ModifyArgsInjectionInfo
[089月2026 15:18:17.887] [main/DEBUG] [mixin/]: Registering new injector for @Redirect with org.spongepowered.asm.mixin.injection.struct.RedirectInjectionInfo
[089月2026 15:18:17.889] [main/DEBUG] [mixin/]: Registering new injector for @ModifyVariable with org.spongepowered.asm.mixin.injection.struct.ModifyVariableInjectionInfo
[089月2026 15:18:17.892] [main/DEBUG] [mixin/]: Registering new injector for @ModifyConstant with org.spongepowered.asm.mixin.injection.struct.ModifyConstantInjectionInfo
[089月2026 15:18:17.908] [main/DEBUG] [mixin/]: Preparing epca.mixins.json (19)
[089月2026 15:18:18.207] [main/DEBUG] [mixin/]: Preparing mixins.caerula_arbor.json (2)
[089月2026 15:18:18.209] [main/DEBUG] [mixin/]: Preparing jade.mixins.json (2)
[089月2026 15:18:18.215] [main/DEBUG] [mixin/]: Preparing geckolib.mixins.json (3)
[089月2026 15:18:18.233] [main/DEBUG] [net.minecraftforge.coremod.transformer.CoreModBaseTransformer/COREMOD]: Transforming net/minecraft/world/item/ItemStack
[089月2026 15:18:18.279] [main/DEBUG] [mixin/]: Preparing ldlib-common.mixins.json (29)
[089月2026 15:18:18.568] [main/DEBUG] [mixin/]: Preparing ldlib.mixins.json (3)
[089月2026 15:18:18.619] [main/DEBUG] [mixin/]: Preparing playerAnimator-common.mixins.json (14)
[089月2026 15:18:18.698] [main/DEBUG] [mixin/]: Preparing photon-common.mixins.json (5)
[089月2026 15:18:18.751] [main/DEBUG] [mixin/]: Preparing photon.mixins.json (3)
[089月2026 15:18:18.755] [main/DEBUG] [mixin/]: Preparing yawning_neko_api.mixins.json (1)
[089月2026 15:18:18.756] [main/DEBUG] [mixin/]: Preparing mixinextras.init.mixins.json (0)
[089月2026 15:18:18.786] [main/DEBUG] [mixin/]: Inner class com/lowdragmc/lowdraglib/core/mixins/ItemModelShaperMixin$1 in com/lowdragmc/lowdraglib/core/mixins/ItemModelShaperMixin on net/minecraft/client/renderer/ItemModelShaper gets unique name net/minecraft/client/renderer/ItemModelShaper$Anonymous$2df535077e774e0dba168072a416132b
[089月2026 15:18:18.808] [main/DEBUG] [mixin/]: Prepared 75 mixins in 1.958 sec (26.1ms avg) (0ms load, 0ms transform, 0ms plugin)
[089月2026 15:18:19.156] [main/DEBUG] [io.netty.util.internal.logging.InternalLoggerFactory/]: Using SLF4J as the default logging framework
[089月2026 15:18:19.160] [main/DEBUG] [io.netty.util.ResourceLeakDetector/]: -Dio.netty.leakDetection.level: simple
[089月2026 15:18:19.160] [main/DEBUG] [io.netty.util.ResourceLeakDetector/]: -Dio.netty.leakDetection.targetRecords: 4
[089月2026 15:18:19.604] [main/INFO] [net.minecraftforge.data.loading.DatagenModLoader/]: Initializing Data Gatherer for mods [epca]
[089月2026 15:18:20.013] [main/INFO] [MixinExtras|Service/]: Initializing MixinExtras via com.llamalad7.mixinextras.service.MixinExtrasServiceImpl(version=0.3.5).
[089月2026 15:18:20.015] [main/DEBUG] [mixin/]: Registering new injector for @SugarWrapper with com.llamalad7.mixinextras.sugar.impl.SugarWrapperInjectionInfo
[089月2026 15:18:20.016] [main/DEBUG] [mixin/]: Registering new injector for @FactoryRedirectWrapper with com.llamalad7.mixinextras.wrapper.factory.FactoryRedirectWrapperInjectionInfo
[089月2026 15:18:20.022] [main/DEBUG] [mixin/]: Mixing accessor.EntityAccessor from ldlib-common.mixins.json into net.minecraft.world.entity.Entity
[089月2026 15:18:20.343] [main/DEBUG] [mixin/]: Mixing common.LivingEntityMixin from epca.mixins.json into net.minecraft.world.entity.LivingEntity
[089月2026 15:18:20.376] [main/DEBUG] [mixin/]: Renaming synthetic method lambda$static$1()Ljava/lang/Boolean; to mde4671a$lambda$static$1$0 in epca.mixins.json:common.LivingEntityMixin
[089月2026 15:18:20.377] [main/DEBUG] [mixin/]: Renaming synthetic method lambda$static$0()Ljava/lang/Boolean; to mde4671a$lambda$static$0$1 in epca.mixins.json:common.LivingEntityMixin
[089月2026 15:18:20.385] [main/DEBUG] [net.minecraftforge.coremod.transformer.CoreModBaseTransformer/COREMOD]: Transforming net/minecraft/world/effect/MobEffectInstance
[089月2026 15:18:20.586] [main/DEBUG] [mixin/]: Mixing LivingEntityMixin from yawning_neko_api.mixins.json into net.minecraft.world.entity.LivingEntity
[089月2026 15:18:20.586] [main/DEBUG] [mixin/]: yawning_neko_api.mixins.json:LivingEntityMixin: Class version 61 required is higher than the class version supported by the current version of Mixin (JAVA_8 supports class version 52)
[089月2026 15:18:20.596] [main/DEBUG] [mixin/]: Mixing AddEffectMixinMixin from mixins.caerula_arbor.json into net.minecraft.world.entity.LivingEntity
[089月2026 15:18:21.020] [main/DEBUG] [mixin/]: Mixing common.PlayerMixin from epca.mixins.json into net.minecraft.world.entity.player.Player
[089月2026 15:18:21.053] [main/DEBUG] [mixin/]: Mixing PlayerEntityMixin from playerAnimator-common.mixins.json into net.minecraft.world.entity.player.Player
[089月2026 15:18:21.053] [main/DEBUG] [mixin/]: playerAnimator-common.mixins.json:PlayerEntityMixin: Class version 61 required is higher than the class version supported by the current version of Mixin (JAVA_16 supports class version 60)
[089月2026 15:18:21.357] [main/DEBUG] [net.minecraftforge.coremod.transformer.CoreModBaseTransformer/COREMOD]: Transforming net/minecraft/world/entity/EntityType
[089月2026 15:18:22.618] [main/DEBUG] [net.minecraftforge.coremod.transformer.CoreModBaseTransformer/COREMOD]: Transforming net/minecraft/world/level/block/LiquidBlock
[089月2026 15:18:22.669] [main/DEBUG] [net.minecraftforge.coremod.transformer.CoreModBaseTransformer/COREMOD]: Transforming net/minecraft/world/level/block/StairBlock
[089月2026 15:18:22.718] [main/DEBUG] [mixin/]: Mixing common.CactusBlockMixin from epca.mixins.json into net.minecraft.world.level.block.CactusBlock
[089月2026 15:18:22.770] [main/DEBUG] [mixin/]: Mixing common.SugarCaneBlockMixin from epca.mixins.json into net.minecraft.world.level.block.SugarCaneBlock
[089月2026 15:18:22.858] [main/DEBUG] [net.minecraftforge.coremod.transformer.CoreModBaseTransformer/COREMOD]: Transforming net/minecraft/world/level/block/FlowerPotBlock
[089月2026 15:18:23.121] [main/DEBUG] [mixin/]: Mixing common.LightningRodBlockMixin from epca.mixins.json into net.minecraft.world.level.block.LightningRodBlock
[089月2026 15:18:23.125] [main/DEBUG] [mixin/]: Renaming synthetic method lambda$onLightningStrike$4(Lnet/minecraft/world/entity/LivingEntity;)Z to mde4671a$lambda$onLightningStrike$4$0 in epca.mixins.json:common.LightningRodBlockMixin
[089月2026 15:18:23.125] [main/DEBUG] [mixin/]: Renaming synthetic method lambda$onLightningStrike$3(Lnet/minecraft/server/level/ServerLevel;Lnet/minecraft/world/level/Level;Lnet/minecraft/core/BlockPos;)V to mde4671a$lambda$onLightningStrike$3$1 in epca.mixins.json:common.LightningRodBlockMixin
[089月2026 15:18:23.125] [main/DEBUG] [mixin/]: Renaming synthetic method lambda$onLightningStrike$2(Lnet/minecraft/world/level/Level;Lnet/minecraft/core/BlockPos;)V to mde4671a$lambda$onLightningStrike$2$2 in epca.mixins.json:common.LightningRodBlockMixin
[089月2026 15:18:23.125] [main/DEBUG] [mixin/]: Renaming synthetic method lambda$onLightningStrike$1(Lnet/minecraft/world/entity/item/ItemEntity;)I to mde4671a$lambda$onLightningStrike$1$3 in epca.mixins.json:common.LightningRodBlockMixin
[089月2026 15:18:23.126] [main/DEBUG] [mixin/]: Renaming synthetic method lambda$onLightningStrike$0(Lnet/minecraft/world/entity/item/ItemEntity;)Z to mde4671a$lambda$onLightningStrike$0$4 in epca.mixins.json:common.LightningRodBlockMixin
[089月2026 15:18:23.251] [main/DEBUG] [net.minecraftforge.coremod.transformer.CoreModBaseTransformer/COREMOD]: Transforming net/minecraft/world/entity/EntityType
[089月2026 15:18:23.512] [main/DEBUG] [mixin/]: Mixing common.PointedDripstoneBlockMixin from epca.mixins.json into net.minecraft.world.level.block.PointedDripstoneBlock
[089月2026 15:18:23.998] [main/DEBUG] [mixin/]: Mixing BlockEntityMixin from ldlib-common.mixins.json into net.minecraft.world.level.block.entity.BlockEntity
[089月2026 15:18:25.108] [main/DEBUG] [mixin/]: Mixing common.AbstractContainerMenuMixin from geckolib.mixins.json into net.minecraft.world.inventory.AbstractContainerMenu
[089月2026 15:18:25.111] [main/DEBUG] [mixin/]: Mixing accessor.AbstractContainerMenuAccessor from ldlib-common.mixins.json into net.minecraft.world.inventory.AbstractContainerMenu
[089月2026 15:18:25.186] [main/DEBUG] [mixin/]: Mixing common.AbstractFurnaceBlockEntityMixin from epca.mixins.json into net.minecraft.world.level.block.entity.AbstractFurnaceBlockEntity
[089月2026 15:18:25.307] [main/DEBUG] [mixin/]: Mixing common.MobMixin from epca.mixins.json into net.minecraft.world.entity.Mob
[089月2026 15:18:25.393] [main/DEBUG] [mixin/]: Mixing common.EnchantmentMenuMixin from epca.mixins.json into net.minecraft.world.inventory.EnchantmentMenu
[089月2026 15:18:25.449] [main/DEBUG] [net.minecraftforge.coremod.transformer.CoreModBaseTransformer/COREMOD]: Transforming net/minecraft/world/item/ItemStack
[089月2026 15:18:25.452] [main/DEBUG] [mixin/]: Mixing common.ItemStackMixin from geckolib.mixins.json into net.minecraft.world.item.ItemStack
[089月2026 15:18:25.530] [main/DEBUG] [mixin/]: Mixing common.BeaconBlockEntityMixin from epca.mixins.json into net.minecraft.world.level.block.entity.BeaconBlockEntity
[089月2026 15:18:26.351] [main/DEBUG] [net.minecraftforge.coremod.transformer.CoreModBaseTransformer/COREMOD]: Transforming net/minecraft/world/entity/animal/frog/Tadpole
[089月2026 15:18:26.408] [main/DEBUG] [net.minecraftforge.coremod.transformer.CoreModBaseTransformer/COREMOD]: Transforming net/minecraft/world/item/BucketItem
[089月2026 15:18:28.590] [main/DEBUG] [net.minecraftforge.coremod.transformer.CoreModBaseTransformer/COREMOD]: Transforming net/minecraft/world/entity/monster/Spider
[089月2026 15:18:28.668] [main/DEBUG] [net.minecraftforge.coremod.transformer.CoreModBaseTransformer/COREMOD]: Transforming net/minecraft/world/entity/monster/Zombie
[089月2026 15:18:28.788] [main/DEBUG] [net.minecraftforge.coremod.transformer.CoreModBaseTransformer/COREMOD]: Transforming net/minecraft/world/entity/monster/ZombieVillager
[089月2026 15:18:28.976] [main/DEBUG] [net.minecraftforge.coremod.transformer.CoreModBaseTransformer/COREMOD]: Transforming net/minecraft/world/entity/monster/Evoker$EvokerSummonSpellGoal
[089月2026 15:18:29.239] [main/DEBUG] [net.minecraftforge.coremod.transformer.CoreModBaseTransformer/COREMOD]: Transforming net/minecraft/world/entity/animal/horse/SkeletonTrapGoal
[089月2026 15:18:29.273] [main/DEBUG] [net.minecraftforge.coremod.transformer.CoreModBaseTransformer/COREMOD]: Transforming net/minecraft/world/entity/monster/Strider
[089月2026 15:18:29.411] [main/DEBUG] [mixin/]: Mixing accessor.ServerPlayerAccessor from ldlib-common.mixins.json into net.minecraft.server.level.ServerPlayer
[089月2026 15:18:29.533] [main/DEBUG] [net.minecraftforge.coremod.transformer.CoreModBaseTransformer/COREMOD]: Transforming net/minecraft/world/entity/npc/Villager
[089月2026 15:18:29.624] [main/DEBUG] [mixin/]: Mixing common.AbstractVillagerMixin from epca.mixins.json into net.minecraft.world.entity.npc.AbstractVillager
[089月2026 15:18:29.711] [main/DEBUG] [net.minecraftforge.coremod.transformer.CoreModBaseTransformer/COREMOD]: Transforming net/minecraft/world/effect/MobEffectInstance
[089月2026 15:18:29.944] [main/DEBUG] [mixin/]: Mixing common.BeaconMenuMixin from epca.mixins.json into net.minecraft.world.inventory.BeaconMenu
[089月2026 15:18:29.945] [main/DEBUG] [mixin/]: Renaming synthetic method lambda$onUpdateEffectsHead$0(Lnet/minecraft/world/item/Item;Lnet/minecraft/world/level/Level;Lnet/minecraft/core/BlockPos;)V to mde4671a$lambda$onUpdateEffectsHead$0$0 in epca.mixins.json:common.BeaconMenuMixin
[089月2026 15:18:30.062] [main/DEBUG] [mixin/]: Mixing accessor.SlotAccessor from ldlib-common.mixins.json into net.minecraft.world.inventory.Slot
[089月2026 15:18:30.511] [main/DEBUG] [net.minecraftforge.coremod.transformer.CoreModBaseTransformer/COREMOD]: Transforming net/minecraft/world/level/levelgen/structure/Structure
[089月2026 15:18:30.564] [main/DEBUG] [net.minecraftforge.coremod.transformer.CoreModBaseTransformer/COREMOD]: Transforming net/minecraft/world/level/levelgen/structure/structures/OceanRuinPieces$OceanRuinPiece
[089月2026 15:18:30.579] [main/DEBUG] [net.minecraftforge.coremod.transformer.CoreModBaseTransformer/COREMOD]: Transforming net/minecraft/world/level/levelgen/structure/structures/SwampHutPiece
[089月2026 15:18:30.592] [main/DEBUG] [net.minecraftforge.coremod.transformer.CoreModBaseTransformer/COREMOD]: Transforming net/minecraft/world/level/levelgen/structure/structures/OceanMonumentPieces$OceanMonumentPiece
[089月2026 15:18:30.616] [main/DEBUG] [net.minecraftforge.coremod.transformer.CoreModBaseTransformer/COREMOD]: Transforming net/minecraft/world/level/levelgen/structure/structures/WoodlandMansionPieces$WoodlandMansionPiece
[089月2026 15:18:30.747] [main/DEBUG] [net.minecraftforge.coremod.transformer.CoreModBaseTransformer/COREMOD]: Transforming net/minecraft/world/level/biome/Biome
[089月2026 15:18:31.069] [main/DEBUG] [net.minecraftforge.registries.GameData/REGISTRIES]: Creating vanilla freeze snapshot
[089月2026 15:18:31.088] [main/DEBUG] [net.minecraftforge.registries.ForgeRegistry/REGISTRIES]: Registry minecraft:block Sync: VANILLA -> ACTIVE
[089月2026 15:18:31.109] [main/DEBUG] [net.minecraftforge.registries.ForgeRegistry/REGISTRIES]: Registry minecraft:fluid Sync: VANILLA -> ACTIVE
[089月2026 15:18:31.110] [main/DEBUG] [net.minecraftforge.registries.ForgeRegistry/REGISTRIES]: Registry minecraft:item Sync: VANILLA -> ACTIVE
[089月2026 15:18:31.127] [main/DEBUG] [net.minecraftforge.registries.ForgeRegistry/REGISTRIES]: Registry minecraft:mob_effect Sync: VANILLA -> ACTIVE
[089月2026 15:18:31.128] [main/DEBUG] [net.minecraftforge.registries.ForgeRegistry/REGISTRIES]: Registry minecraft:sound_event Sync: VANILLA -> ACTIVE
[089月2026 15:18:31.144] [main/DEBUG] [net.minecraftforge.registries.ForgeRegistry/REGISTRIES]: Registry minecraft:potion Sync: VANILLA -> ACTIVE
[089月2026 15:18:31.145] [main/DEBUG] [net.minecraftforge.registries.ForgeRegistry/REGISTRIES]: Registry minecraft:enchantment Sync: VANILLA -> ACTIVE
[089月2026 15:18:31.146] [main/DEBUG] [net.minecraftforge.registries.ForgeRegistry/REGISTRIES]: Registry minecraft:entity_type Sync: VANILLA -> ACTIVE
[089月2026 15:18:31.148] [main/DEBUG] [net.minecraftforge.registries.ForgeRegistry/REGISTRIES]: Registry minecraft:block_entity_type Sync: VANILLA -> ACTIVE
[089月2026 15:18:31.149] [main/DEBUG] [net.minecraftforge.registries.ForgeRegistry/REGISTRIES]: Registry minecraft:particle_type Sync: VANILLA -> ACTIVE
[089月2026 15:18:31.151] [main/DEBUG] [net.minecraftforge.registries.ForgeRegistry/REGISTRIES]: Registry minecraft:menu Sync: VANILLA -> ACTIVE
[089月2026 15:18:31.151] [main/DEBUG] [net.minecraftforge.registries.ForgeRegistry/REGISTRIES]: Registry minecraft:painting_variant Sync: VANILLA -> ACTIVE
[089月2026 15:18:31.152] [main/DEBUG] [net.minecraftforge.registries.ForgeRegistry/REGISTRIES]: Registry minecraft:recipe_type Sync: VANILLA -> ACTIVE
[089月2026 15:18:31.153] [main/DEBUG] [net.minecraftforge.registries.ForgeRegistry/REGISTRIES]: Registry minecraft:recipe_serializer Sync: VANILLA -> ACTIVE
[089月2026 15:18:31.153] [main/DEBUG] [net.minecraftforge.registries.ForgeRegistry/REGISTRIES]: Registry minecraft:attribute Sync: VANILLA -> ACTIVE
[089月2026 15:18:31.153] [main/DEBUG] [net.minecraftforge.registries.ForgeRegistry/REGISTRIES]: Registry minecraft:stat_type Sync: VANILLA -> ACTIVE
[089月2026 15:18:31.157] [main/DEBUG] [net.minecraftforge.registries.ForgeRegistry/REGISTRIES]: Registry minecraft:command_argument_type Sync: VANILLA -> ACTIVE
[089月2026 15:18:31.158] [main/DEBUG] [net.minecraftforge.registries.ForgeRegistry/REGISTRIES]: Registry minecraft:villager_profession Sync: VANILLA -> ACTIVE
[089月2026 15:18:31.159] [main/DEBUG] [net.minecraftforge.registries.ForgeRegistry/REGISTRIES]: Registry minecraft:point_of_interest_type Sync: VANILLA -> ACTIVE
[089月2026 15:18:31.166] [main/DEBUG] [net.minecraftforge.registries.ForgeRegistry/REGISTRIES]: Registry minecraft:memory_module_type Sync: VANILLA -> ACTIVE
[089月2026 15:18:31.169] [main/DEBUG] [net.minecraftforge.registries.ForgeRegistry/REGISTRIES]: Registry minecraft:sensor_type Sync: VANILLA -> ACTIVE
[089月2026 15:18:31.169] [main/DEBUG] [net.minecraftforge.registries.ForgeRegistry/REGISTRIES]: Registry minecraft:schedule Sync: VANILLA -> ACTIVE
[089月2026 15:18:31.171] [main/DEBUG] [net.minecraftforge.registries.ForgeRegistry/REGISTRIES]: Registry minecraft:activity Sync: VANILLA -> ACTIVE
[089月2026 15:18:31.172] [main/DEBUG] [net.minecraftforge.registries.ForgeRegistry/REGISTRIES]: Registry minecraft:worldgen/carver Sync: VANILLA -> ACTIVE
[089月2026 15:18:31.174] [main/DEBUG] [net.minecraftforge.registries.ForgeRegistry/REGISTRIES]: Registry minecraft:worldgen/feature Sync: VANILLA -> ACTIVE
[089月2026 15:18:31.175] [main/DEBUG] [net.minecraftforge.registries.ForgeRegistry/REGISTRIES]: Registry minecraft:chunk_status Sync: VANILLA -> ACTIVE
[089月2026 15:18:31.176] [main/DEBUG] [net.minecraftforge.registries.ForgeRegistry/REGISTRIES]: Registry minecraft:worldgen/block_state_provider_type Sync: VANILLA -> ACTIVE
[089月2026 15:18:31.176] [main/DEBUG] [net.minecraftforge.registries.ForgeRegistry/REGISTRIES]: Registry minecraft:worldgen/foliage_placer_type Sync: VANILLA -> ACTIVE
[089月2026 15:18:31.176] [main/DEBUG] [net.minecraftforge.registries.ForgeRegistry/REGISTRIES]: Registry minecraft:worldgen/tree_decorator_type Sync: VANILLA -> ACTIVE
[089月2026 15:18:31.176] [main/DEBUG] [net.minecraftforge.registries.ForgeRegistry/REGISTRIES]: Registry minecraft:worldgen/biome Sync: VANILLA -> ACTIVE
[089月2026 15:18:31.199] [main/DEBUG] [net.minecraftforge.registries.GameData/REGISTRIES]: Vanilla freeze snapshot created
[089月2026 15:18:31.252] [main/DEBUG] [net.minecraftforge.fml.ModWorkManager/LOADING]: Using 8 threads for parallel mod-loading
[089月2026 15:18:31.272] [main/DEBUG] [net.minecraftforge.fml.javafmlmod.FMLJavaModLanguageProvider/LOADING]: Loading FMLModContainer from classloader cpw.mods.modlauncher.TransformingClassLoader@1e95b653 - got cpw.mods.cl.ModuleClassLoader@25d3cfc8
[089月2026 15:18:31.272] [main/DEBUG] [net.minecraftforge.fml.javafmlmod.FMLModContainer/LOADING]: Creating FMLModContainer instance for net.mcreator.caerulaarbor.CaerulaArborMod
[089月2026 15:18:31.291] [main/DEBUG] [net.minecraftforge.fml.javafmlmod.FMLJavaModLanguageProvider/LOADING]: Loading FMLModContainer from classloader cpw.mods.modlauncher.TransformingClassLoader@1e95b653 - got cpw.mods.cl.ModuleClassLoader@25d3cfc8
[089月2026 15:18:31.291] [main/DEBUG] [net.minecraftforge.fml.javafmlmod.FMLModContainer/LOADING]: Creating FMLModContainer instance for com.llamalad7.mixinextras.platform.forge.MixinExtrasMod
[089月2026 15:18:31.292] [main/DEBUG] [net.minecraftforge.fml.javafmlmod.FMLJavaModLanguageProvider/LOADING]: Loading FMLModContainer from classloader cpw.mods.modlauncher.TransformingClassLoader@1e95b653 - got cpw.mods.cl.ModuleClassLoader@25d3cfc8
[089月2026 15:18:31.292] [main/DEBUG] [net.minecraftforge.fml.javafmlmod.FMLModContainer/LOADING]: Creating FMLModContainer instance for org.tdddd.epca.impl.epca
[089月2026 15:18:31.294] [main/DEBUG] [net.minecraftforge.fml.javafmlmod.FMLJavaModLanguageProvider/LOADING]: Loading FMLModContainer from classloader cpw.mods.modlauncher.TransformingClassLoader@1e95b653 - got cpw.mods.cl.ModuleClassLoader@25d3cfc8
[089月2026 15:18:31.294] [main/DEBUG] [net.minecraftforge.fml.javafmlmod.FMLModContainer/LOADING]: Creating FMLModContainer instance for snownee.jade.util.CommonProxy
[089月2026 15:18:31.296] [main/DEBUG] [net.minecraftforge.fml.javafmlmod.FMLJavaModLanguageProvider/LOADING]: Loading FMLModContainer from classloader cpw.mods.modlauncher.TransformingClassLoader@1e95b653 - got cpw.mods.cl.ModuleClassLoader@25d3cfc8
[089月2026 15:18:31.297] [main/DEBUG] [net.minecraftforge.fml.javafmlmod.FMLModContainer/LOADING]: Creating FMLModContainer instance for software.bernie.example.GeckoLibMod
[089月2026 15:18:31.298] [main/DEBUG] [net.minecraftforge.fml.javafmlmod.FMLJavaModLanguageProvider/LOADING]: Loading FMLModContainer from classloader cpw.mods.modlauncher.TransformingClassLoader@1e95b653 - got cpw.mods.cl.ModuleClassLoader@25d3cfc8
[089月2026 15:18:31.298] [main/DEBUG] [net.minecraftforge.fml.javafmlmod.FMLModContainer/LOADING]: Creating FMLModContainer instance for dev.kosmx.playerAnim.forge.ForgeModInterface
[089月2026 15:18:31.299] [main/DEBUG] [net.minecraftforge.fml.javafmlmod.FMLJavaModLanguageProvider/LOADING]: Loading FMLModContainer from classloader cpw.mods.modlauncher.TransformingClassLoader@1e95b653 - got cpw.mods.cl.ModuleClassLoader@25d3cfc8
[089月2026 15:18:31.299] [main/DEBUG] [net.minecraftforge.fml.javafmlmod.FMLModContainer/LOADING]: Creating FMLModContainer instance for com.lowdragmc.lowdraglib.forge.LDLibForge
[089月2026 15:18:31.300] [main/DEBUG] [net.minecraftforge.fml.javafmlmod.FMLJavaModLanguageProvider/LOADING]: Loading FMLModContainer from classloader cpw.mods.modlauncher.TransformingClassLoader@1e95b653 - got cpw.mods.cl.ModuleClassLoader@25d3cfc8
[089月2026 15:18:31.300] [main/DEBUG] [net.minecraftforge.fml.javafmlmod.FMLModContainer/LOADING]: Creating FMLModContainer instance for mezz.jei.forge.JustEnoughItems
[089月2026 15:18:31.302] [main/DEBUG] [net.minecraftforge.fml.javafmlmod.FMLJavaModLanguageProvider/LOADING]: Loading FMLModContainer from classloader cpw.mods.modlauncher.TransformingClassLoader@1e95b653 - got cpw.mods.cl.ModuleClassLoader@25d3cfc8
[089月2026 15:18:31.302] [main/DEBUG] [net.minecraftforge.fml.javafmlmod.FMLModContainer/LOADING]: Creating FMLModContainer instance for com.lowdragmc.photon.forge.PhotonImpl
[089月2026 15:18:31.305] [main/DEBUG] [net.minecraftforge.fml.javafmlmod.FMLJavaModLanguageProvider/LOADING]: Loading FMLModContainer from classloader cpw.mods.modlauncher.TransformingClassLoader@1e95b653 - got cpw.mods.cl.ModuleClassLoader@25d3cfc8
[089月2026 15:18:31.306] [main/DEBUG] [net.minecraftforge.fml.javafmlmod.FMLModContainer/LOADING]: Creating FMLModContainer instance for org.tdddd.yawning_neko_api.Yawning_neko_api
[089月2026 15:18:31.307] [main/DEBUG] [net.minecraftforge.fml.javafmlmod.FMLJavaModLanguageProvider/LOADING]: Loading FMLModContainer from classloader cpw.mods.modlauncher.TransformingClassLoader@1e95b653 - got cpw.mods.cl.ModuleClassLoader@25d3cfc8
[089月2026 15:18:31.307] [main/DEBUG] [net.minecraftforge.fml.javafmlmod.FMLModContainer/LOADING]: Creating FMLModContainer instance for net.minecraftforge.common.ForgeMod
[089月2026 15:18:31.328] [modloading-worker-0/DEBUG] [net.minecraftforge.fml.javafmlmod.AutomaticEventSubscriber/LOADING]: Attempting to inject @EventBusSubscriber classes into the eventbus for mixinextras
[089月2026 15:18:31.331] [modloading-worker-0/DEBUG] [net.minecraftforge.fml.javafmlmod.AutomaticEventSubscriber/LOADING]: Attempting to inject @EventBusSubscriber classes into the eventbus for playeranimator
[089月2026 15:18:31.342] [modloading-worker-0/DEBUG] [net.minecraftforge.fml.javafmlmod.AutomaticEventSubscriber/LOADING]: Auto-subscribing dev.kosmx.playerAnim.forge.ForgeClientEvent to MOD
[089月2026 15:18:31.354] [modloading-worker-0/DEBUG] [mixin/]: Mixing accessor.MinecraftAccessor from photon-common.mixins.json into net.minecraft.client.Minecraft
[089月2026 15:18:31.356] [modloading-worker-0/DEBUG] [mixin/]: Renaming @Accessor method getFps()I to getFps_$md$e4671a$0 in photon-common.mixins.json:accessor.MinecraftAccessor
[089月2026 15:18:31.373] [modloading-worker-0/INFO] [Photon/]: Photon is initializing on platform: Forge
[089月2026 15:18:31.373] [modloading-worker-0/DEBUG] [mixin/]: Mixing ReloadableResourceManagerMixin from ldlib-common.mixins.json into net.minecraft.server.packs.resources.ReloadableResourceManager
[089月2026 15:18:31.373] [modloading-worker-0/INFO] [LowDragLib/]: LowDragLib is initializing on platform: Forge
[089月2026 15:18:31.480] [modloading-worker-0/DEBUG] [net.minecraftforge.fml.javafmlmod.AutomaticEventSubscriber/LOADING]: Attempting to inject @EventBusSubscriber classes into the eventbus for yawning_neko_api
[089月2026 15:18:31.481] [modloading-worker-0/DEBUG] [net.minecraftforge.fml.javafmlmod.AutomaticEventSubscriber/LOADING]: Auto-subscribing org.tdddd.yawning_neko_api.events.MinimumDamageEventHandler to FORGE
[089月2026 15:18:31.485] [modloading-worker-0/DEBUG] [net.minecraftforge.fml.javafmlmod.AutomaticEventSubscriber/LOADING]: Auto-subscribing org.tdddd.yawning_neko_api.events.EffectImmunityHandler to FORGE
[089月2026 15:18:31.485] [modloading-worker-0/DEBUG] [mixin/]: Mixing ModelBakeryMixin from ldlib-common.mixins.json into net.minecraft.client.resources.model.ModelBakery
[089月2026 15:18:31.486] [modloading-worker-0/DEBUG] [mixin/]: Renaming synthetic method lambda$injectLoadModel$0(Lnet/minecraft/resources/ResourceLocation;)Lnet/minecraft/client/resources/model/UnbakedModel; to mde4671a$lambda$injectLoadModel$0$0 in ldlib-common.mixins.json:ModelBakeryMixin
[089月2026 15:18:31.490] [modloading-worker-0/DEBUG] [mixin/]: Mixing accessor.ModelBakeryAccessor from ldlib-common.mixins.json into net.minecraft.client.resources.model.ModelBakery
[089月2026 15:18:31.541] [modloading-worker-0/DEBUG] [net.minecraftforge.fml.javafmlmod.AutomaticEventSubscriber/LOADING]: Auto-subscribing org.tdddd.yawning_neko_api.events.CapabilityEventHandler to FORGE
[089月2026 15:18:31.585] [modloading-worker-0/DEBUG] [net.minecraftforge.fml.javafmlmod.AutomaticEventSubscriber/LOADING]: Auto-subscribing org.tdddd.yawning_neko_api.data.DamageAdaptation to FORGE
[089月2026 15:18:31.614] [modloading-worker-0/DEBUG] [net.minecraftforge.fml.config.ConfigTracker/CONFIG]: Config file jei-server.toml for jei tracking
[089月2026 15:18:31.681] [modloading-worker-0/DEBUG] [net.minecraftforge.versions.forge.ForgeVersion/CORE]: Forge Version package package net.minecraftforge.versions.forge, Forge, version 47.2 from cpw.mods.modlauncher.TransformingClassLoader@1e95b653
[089月2026 15:18:31.682] [modloading-worker-0/DEBUG] [net.minecraftforge.versions.forge.ForgeVersion/CORE]: Found Forge version 47.2.0
[089月2026 15:18:31.682] [modloading-worker-0/DEBUG] [net.minecraftforge.versions.forge.ForgeVersion/CORE]: Found Forge spec 47.2
[089月2026 15:18:31.682] [modloading-worker-0/DEBUG] [net.minecraftforge.versions.forge.ForgeVersion/CORE]: Found Forge group net.minecraftforge
[089月2026 15:18:31.683] [modloading-worker-0/DEBUG] [net.minecraftforge.versions.mcp.MCPVersion/CORE]: MCP Version package package net.minecraftforge.versions.mcp, Minecraft, version 1.20.1 from cpw.mods.modlauncher.TransformingClassLoader@1e95b653
[089月2026 15:18:31.683] [modloading-worker-0/DEBUG] [net.minecraftforge.versions.mcp.MCPVersion/CORE]: Found MC version information 1.20.1
[089月2026 15:18:31.683] [modloading-worker-0/DEBUG] [net.minecraftforge.versions.mcp.MCPVersion/CORE]: Found MCP version information 20230612.114412
[089月2026 15:18:31.683] [modloading-worker-0/INFO] [net.minecraftforge.common.ForgeMod/FORGEMOD]: Forge mod loading, version 47.2.0, for MC 1.20.1 with MCP 20230612.114412
[089月2026 15:18:31.684] [modloading-worker-0/INFO] [net.minecraftforge.common.MinecraftForge/FORGE]: MinecraftForge v47.2.0 Initialized
[089月2026 15:18:31.702] [modloading-worker-0/DEBUG] [mixin/]: Mixing accessor.AbstractContainerScreenAccessor from ldlib-common.mixins.json into net.minecraft.client.gui.screens.inventory.AbstractContainerScreen
[089月2026 15:18:31.780] [modloading-worker-0/DEBUG] [net.minecraftforge.fml.javafmlmod.AutomaticEventSubscriber/LOADING]: Attempting to inject @EventBusSubscriber classes into the eventbus for photon
[089月2026 15:18:31.780] [modloading-worker-0/DEBUG] [net.minecraftforge.fml.javafmlmod.AutomaticEventSubscriber/LOADING]: Auto-subscribing com.lowdragmc.photon.client.forge.ClientEventListener to FORGE
[089月2026 15:18:31.788] [modloading-worker-0/WARN] [software.bernie.geckolib.GeckoLib/]: Minecraft.getInstance() was null, could not register reload listeners
[089月2026 15:18:31.794] [modloading-worker-0/DEBUG] [mixin/]: Mixing WorldRendererMixin from ldlib-common.mixins.json into net.minecraft.client.renderer.LevelRenderer
[089月2026 15:18:31.795] [modloading-worker-0/DEBUG] [mixin/]: Mixing firstPerson.LevelRendererMixin from playerAnimator-common.mixins.json into net.minecraft.client.renderer.LevelRenderer
[089月2026 15:18:31.796] [modloading-worker-0/DEBUG] [mixin/]: playerAnimator-common.mixins.json:firstPerson.LevelRendererMixin: Class version 61 required is higher than the class version supported by the current version of Mixin (JAVA_16 supports class version 60)
[089月2026 15:18:31.806] [modloading-worker-0/DEBUG] [mixin/]: Mixing LevelRendererMixin from photon.mixins.json into net.minecraft.client.renderer.LevelRenderer
[089月2026 15:18:31.974] [modloading-worker-0/DEBUG] [net.minecraftforge.fml.javafmlmod.AutomaticEventSubscriber/LOADING]: Attempting to inject @EventBusSubscriber classes into the eventbus for jade
[089月2026 15:18:31.978] [modloading-worker-0/DEBUG] [mixin/]: Mixing firstPerson.CameraAccessor from playerAnimator-common.mixins.json into net.minecraft.client.Camera
[089月2026 15:18:31.978] [modloading-worker-0/DEBUG] [mixin/]: playerAnimator-common.mixins.json:firstPerson.CameraAccessor: Class version 61 required is higher than the class version supported by the current version of Mixin (JAVA_16 supports class version 60)
[089月2026 15:18:31.995] [modloading-worker-0/DEBUG] [mezz.jei.common.platform.Services/]: Loaded mezz.jei.forge.platform.PlatformHelper@c733335 for service interface mezz.jei.common.platform.IPlatformHelper
[089月2026 15:18:32.025] [modloading-worker-0/DEBUG] [io.netty.util.internal.PlatformDependent0/]: -Dio.netty.noUnsafe: false
[089月2026 15:18:32.026] [modloading-worker-0/DEBUG] [io.netty.util.internal.PlatformDependent0/]: Java version: 17
[089月2026 15:18:32.032] [modloading-worker-0/DEBUG] [io.netty.util.internal.PlatformDependent0/]: sun.misc.Unsafe.theUnsafe: available
[089月2026 15:18:32.046] [modloading-worker-0/DEBUG] [io.netty.util.internal.PlatformDependent0/]: sun.misc.Unsafe.copyMemory: available
[089月2026 15:18:32.050] [modloading-worker-0/DEBUG] [io.netty.util.internal.PlatformDependent0/]: sun.misc.Unsafe.storeFence: available
[089月2026 15:18:32.052] [modloading-worker-0/DEBUG] [io.netty.util.internal.PlatformDependent0/]: java.nio.Buffer.address: available
[089月2026 15:18:32.088] [modloading-worker-0/DEBUG] [net.minecraftforge.fml.javafmlmod.AutomaticEventSubscriber/LOADING]: Attempting to inject @EventBusSubscriber classes into the eventbus for geckolib
[089月2026 15:18:32.089] [modloading-worker-0/DEBUG] [net.minecraftforge.fml.javafmlmod.AutomaticEventSubscriber/LOADING]: Auto-subscribing software.bernie.example.GeckoLibMod to FORGE
[089月2026 15:18:32.089] [modloading-worker-0/DEBUG] [net.minecraftforge.fml.javafmlmod.AutomaticEventSubscriber/LOADING]: Auto-subscribing software.bernie.example.CommonListener to MOD
[089月2026 15:18:32.091] [modloading-worker-0/DEBUG] [net.minecraftforge.fml.javafmlmod.AutomaticEventSubscriber/LOADING]: Auto-subscribing software.bernie.example.ClientListener to MOD
[089月2026 15:18:32.121] [modloading-worker-0/DEBUG] [LowDragLib/]: LDLib JEI Plugin created
[089月2026 15:18:32.057] [modloading-worker-0/DEBUG] [io.netty.util.internal.PlatformDependent0/]: direct buffer constructor: unavailable
java.lang.UnsupportedOperationException: Reflective setAccessible(true) disabled
	at io.netty.util.internal.ReflectionUtil.trySetAccessible(ReflectionUtil.java:31) ~[netty-common-4.1.82.Final.jar%23151!/:4.1.82.Final]
	at io.netty.util.internal.PlatformDependent0$5.run(PlatformDependent0.java:288) ~[netty-common-4.1.82.Final.jar%23151!/:4.1.82.Final]
	at java.security.AccessController.doPrivileged(AccessController.java:318) ~[?:?]
	at io.netty.util.internal.PlatformDependent0.<clinit>(PlatformDependent0.java:282) ~[netty-common-4.1.82.Final.jar%23151!/:4.1.82.Final]
	at io.netty.util.internal.PlatformDependent.isAndroid(PlatformDependent.java:333) ~[netty-common-4.1.82.Final.jar%23151!/:4.1.82.Final]
	at io.netty.util.internal.PlatformDependent.<clinit>(PlatformDependent.java:88) ~[netty-common-4.1.82.Final.jar%23151!/:4.1.82.Final]
	at io.netty.util.ConstantPool.<init>(ConstantPool.java:34) ~[netty-common-4.1.82.Final.jar%23151!/:4.1.82.Final]
	at io.netty.util.AttributeKey$1.<init>(AttributeKey.java:27) ~[netty-common-4.1.82.Final.jar%23151!/:4.1.82.Final]
	at io.netty.util.AttributeKey.<clinit>(AttributeKey.java:27) ~[netty-common-4.1.82.Final.jar%23151!/:4.1.82.Final]
	at net.minecraftforge.network.NetworkConstants.<clinit>(NetworkConstants.java:34) ~[forge-1.20.1-47.2.0_mapped_official_1.20.1.jar%23190%23197!/:?]
	at net.minecraftforge.common.ForgeMod.<init>(ForgeMod.java:429) ~[forge-1.20.1-47.2.0_mapped_official_1.20.1.jar%23190%23197!/:?]
	at jdk.internal.reflect.NativeConstructorAccessorImpl.newInstance0(Native Method) ~[?:?]
	at jdk.internal.reflect.NativeConstructorAccessorImpl.newInstance(NativeConstructorAccessorImpl.java:77) ~[?:?]
	at jdk.internal.reflect.DelegatingConstructorAccessorImpl.newInstance(DelegatingConstructorAccessorImpl.java:45) ~[?:?]
	at java.lang.reflect.Constructor.newInstanceWithCaller(Constructor.java:499) ~[?:?]
	at java.lang.reflect.Constructor.newInstance(Constructor.java:480) ~[?:?]
	at net.minecraftforge.fml.javafmlmod.FMLModContainer.constructMod(FMLModContainer.java:68) ~[javafmllanguage-1.20.1-47.2.0.jar%23192!/:?]
	at net.minecraftforge.fml.ModContainer.lambda$buildTransitionHandler$10(ModContainer.java:123) ~[fmlcore-1.20.1-47.2.0.jar%23195!/:?]
	at java.util.concurrent.CompletableFuture$AsyncRun.run(CompletableFuture.java:1804) ~[?:?]
	at java.util.concurrent.CompletableFuture$AsyncRun.exec(CompletableFuture.java:1796) ~[?:?]
	at java.util.concurrent.ForkJoinTask.doExec(ForkJoinTask.java:373) ~[?:?]
	at java.util.concurrent.ForkJoinPool$WorkQueue.topLevelExec(ForkJoinPool.java:1182) ~[?:?]
	at java.util.concurrent.ForkJoinPool.scan(ForkJoinPool.java:1655) ~[?:?]
	at java.util.concurrent.ForkJoinPool.runWorker(ForkJoinPool.java:1622) ~[?:?]
	at java.util.concurrent.ForkJoinWorkerThread.run(ForkJoinWorkerThread.java:165) ~[?:?]
[089月2026 15:18:32.177] [modloading-worker-0/DEBUG] [io.netty.util.internal.PlatformDependent0/]: java.nio.Bits.unaligned: available, true
[089月2026 15:18:32.180] [modloading-worker-0/DEBUG] [io.netty.util.internal.PlatformDependent0/]: jdk.internal.misc.Unsafe.allocateUninitializedArray(int): unavailable
java.lang.IllegalAccessException: class io.netty.util.internal.PlatformDependent0$7 (in module io.netty.common) cannot access class jdk.internal.misc.Unsafe (in module java.base) because module java.base does not export jdk.internal.misc to module io.netty.common
	at jdk.internal.reflect.Reflection.newIllegalAccessException(Reflection.java:392) ~[?:?]
	at java.lang.reflect.AccessibleObject.checkAccess(AccessibleObject.java:674) ~[?:?]
	at java.lang.reflect.Method.invoke(Method.java:560) ~[?:?]
	at io.netty.util.internal.PlatformDependent0$7.run(PlatformDependent0.java:410) ~[netty-common-4.1.82.Final.jar%23151!/:4.1.82.Final]
	at java.security.AccessController.doPrivileged(AccessController.java:318) ~[?:?]
	at io.netty.util.internal.PlatformDependent0.<clinit>(PlatformDependent0.java:401) ~[netty-common-4.1.82.Final.jar%23151!/:4.1.82.Final]
	at io.netty.util.internal.PlatformDependent.isAndroid(PlatformDependent.java:333) ~[netty-common-4.1.82.Final.jar%23151!/:4.1.82.Final]
	at io.netty.util.internal.PlatformDependent.<clinit>(PlatformDependent.java:88) ~[netty-common-4.1.82.Final.jar%23151!/:4.1.82.Final]
	at io.netty.util.ConstantPool.<init>(ConstantPool.java:34) ~[netty-common-4.1.82.Final.jar%23151!/:4.1.82.Final]
	at io.netty.util.AttributeKey$1.<init>(AttributeKey.java:27) ~[netty-common-4.1.82.Final.jar%23151!/:4.1.82.Final]
	at io.netty.util.AttributeKey.<clinit>(AttributeKey.java:27) ~[netty-common-4.1.82.Final.jar%23151!/:4.1.82.Final]
	at net.minecraftforge.network.NetworkConstants.<clinit>(NetworkConstants.java:34) ~[forge-1.20.1-47.2.0_mapped_official_1.20.1.jar%23190%23197!/:?]
	at net.minecraftforge.common.ForgeMod.<init>(ForgeMod.java:429) ~[forge-1.20.1-47.2.0_mapped_official_1.20.1.jar%23190%23197!/:?]
	at jdk.internal.reflect.NativeConstructorAccessorImpl.newInstance0(Native Method) ~[?:?]
	at jdk.internal.reflect.NativeConstructorAccessorImpl.newInstance(NativeConstructorAccessorImpl.java:77) ~[?:?]
	at jdk.internal.reflect.DelegatingConstructorAccessorImpl.newInstance(DelegatingConstructorAccessorImpl.java:45) ~[?:?]
	at java.lang.reflect.Constructor.newInstanceWithCaller(Constructor.java:499) ~[?:?]
	at java.lang.reflect.Constructor.newInstance(Constructor.java:480) ~[?:?]
	at net.minecraftforge.fml.javafmlmod.FMLModContainer.constructMod(FMLModContainer.java:68) ~[javafmllanguage-1.20.1-47.2.0.jar%23192!/:?]
	at net.minecraftforge.fml.ModContainer.lambda$buildTransitionHandler$10(ModContainer.java:123) ~[fmlcore-1.20.1-47.2.0.jar%23195!/:?]
	at java.util.concurrent.CompletableFuture$AsyncRun.run(CompletableFuture.java:1804) ~[?:?]
	at java.util.concurrent.CompletableFuture$AsyncRun.exec(CompletableFuture.java:1796) ~[?:?]
	at java.util.concurrent.ForkJoinTask.doExec(ForkJoinTask.java:373) ~[?:?]
	at java.util.concurrent.ForkJoinPool$WorkQueue.topLevelExec(ForkJoinPool.java:1182) ~[?:?]
	at java.util.concurrent.ForkJoinPool.scan(ForkJoinPool.java:1655) ~[?:?]
	at java.util.concurrent.ForkJoinPool.runWorker(ForkJoinPool.java:1622) ~[?:?]
	at java.util.concurrent.ForkJoinWorkerThread.run(ForkJoinWorkerThread.java:165) ~[?:?]
[089月2026 15:18:32.183] [modloading-worker-0/DEBUG] [io.netty.util.internal.PlatformDependent0/]: java.nio.DirectByteBuffer.<init>(long, int): unavailable
[089月2026 15:18:32.183] [modloading-worker-0/DEBUG] [io.netty.util.internal.PlatformDependent/]: sun.misc.Unsafe: available
[089月2026 15:18:32.184] [modloading-worker-0/DEBUG] [io.netty.util.internal.PlatformDependent/]: maxDirectMemory: 4276092928 bytes (maybe)
[089月2026 15:18:32.185] [modloading-worker-0/DEBUG] [io.netty.util.internal.PlatformDependent/]: -Dio.netty.tmpdir: C:\Users\ADMINI~1.DES\AppData\Local\Temp (java.io.tmpdir)
[089月2026 15:18:32.185] [modloading-worker-0/DEBUG] [io.netty.util.internal.PlatformDependent/]: -Dio.netty.bitMode: 64 (sun.arch.data.model)
[089月2026 15:18:32.186] [modloading-worker-0/DEBUG] [io.netty.util.internal.PlatformDependent/]: Platform: Windows
[089月2026 15:18:32.186] [modloading-worker-0/DEBUG] [io.netty.util.internal.PlatformDependent/]: -Dio.netty.maxDirectMemory: -1 bytes
[089月2026 15:18:32.186] [modloading-worker-0/DEBUG] [io.netty.util.internal.PlatformDependent/]: -Dio.netty.uninitializedArrayAllocationThreshold: -1
[089月2026 15:18:32.189] [modloading-worker-0/DEBUG] [io.netty.util.internal.CleanerJava9/]: java.nio.ByteBuffer.cleaner(): available
[089月2026 15:18:32.189] [modloading-worker-0/DEBUG] [io.netty.util.internal.PlatformDependent/]: -Dio.netty.noPreferDirect: false
[089月2026 15:18:32.196] [modloading-worker-0/DEBUG] [mezz.jei.common.config.file.ConfigSchema/]: Localization has not loaded yet, waiting to save the config file until JEI starts.
[089月2026 15:18:32.214] [modloading-worker-0/DEBUG] [mezz.jei.common.config.file.ConfigSchema/]: Localization has not loaded yet, waiting to save the config file until JEI starts.
[089月2026 15:18:32.233] [modloading-worker-0/DEBUG] [mezz.jei.common.config.file.ConfigSchema/]: Localization has not loaded yet, waiting to save the config file until JEI starts.
[089月2026 15:18:32.323] [modloading-worker-0/DEBUG] [net.minecraftforge.common.ForgeMod/FORGEMOD]: Loading Network data for FML net version: FML3
[089月2026 15:18:32.325] [modloading-worker-0/DEBUG] [mezz.jei.common.config.file.ConfigSchema/]: Localization has not loaded yet, waiting to save the config file until JEI starts.
[089月2026 15:18:32.363] [modloading-worker-0/INFO] [mezz.jei.library.load.PluginCaller/]: Sending ConfigManager...
[089月2026 15:18:32.379] [modloading-worker-0/DEBUG] [mezz.jei.library.load.PluginCallerTimerRunnable/]: Sending ConfigManager: jei:minecraft...
[089月2026 15:18:32.381] [modloading-worker-0/DEBUG] [mezz.jei.library.load.PluginCallerTimerRunnable/]: Sending ConfigManager: caerula_arbor:information...
[089月2026 15:18:32.381] [modloading-worker-0/DEBUG] [mezz.jei.library.load.PluginCallerTimerRunnable/]: Sending ConfigManager: caerula_arbor:brewing_recipes...
[089月2026 15:18:32.381] [modloading-worker-0/DEBUG] [mezz.jei.library.load.PluginCallerTimerRunnable/]: Sending ConfigManager: caerula_arbor:anvil_recipes...
[089月2026 15:18:32.382] [modloading-worker-0/DEBUG] [mezz.jei.library.load.PluginCallerTimerRunnable/]: Sending ConfigManager: epca:jei_plugin...
[089月2026 15:18:32.382] [modloading-worker-0/DEBUG] [mezz.jei.library.load.PluginCallerTimerRunnable/]: Sending ConfigManager: jade:main...
[089月2026 15:18:32.382] [modloading-worker-0/DEBUG] [mezz.jei.library.load.PluginCallerTimerRunnable/]: Sending ConfigManager: ldlib:jei_plugin...
[089月2026 15:18:32.382] [modloading-worker-0/DEBUG] [mezz.jei.library.load.PluginCallerTimerRunnable/]: Sending ConfigManager: jei:gui...
[089月2026 15:18:32.382] [modloading-worker-0/DEBUG] [mezz.jei.library.load.PluginCallerTimerRunnable/]: Sending ConfigManager: jei:forge_gui...
[089月2026 15:18:32.385] [modloading-worker-0/DEBUG] [mezz.jei.library.load.PluginCallerTimerRunnable/]: Sending ConfigManager: jei:internal...
[089月2026 15:18:32.393] [modloading-worker-0/INFO] [mezz.jei.library.load.PluginCaller/]: Sending ConfigManager took 13.71 milliseconds
[089月2026 15:18:32.418] [modloading-worker-0/DEBUG] [net.minecraftforge.fml.config.ConfigTracker/CONFIG]: Config file forge-client.toml for forge tracking
[089月2026 15:18:32.419] [modloading-worker-0/DEBUG] [net.minecraftforge.fml.config.ConfigTracker/CONFIG]: Config file forge-server.toml for forge tracking
[089月2026 15:18:32.419] [modloading-worker-0/DEBUG] [net.minecraftforge.fml.ModLoadingContext/]: Attempted to register an empty config for type COMMON on mod forge
[089月2026 15:18:32.478] [modloading-worker-0/DEBUG] [net.minecraftforge.fml.javafmlmod.AutomaticEventSubscriber/LOADING]: Attempting to inject @EventBusSubscriber classes into the eventbus for jei
[089月2026 15:18:32.529] [modloading-worker-0/DEBUG] [net.minecraftforge.fml.javafmlmod.AutomaticEventSubscriber/LOADING]: Attempting to inject @EventBusSubscriber classes into the eventbus for forge
[089月2026 15:18:32.529] [modloading-worker-0/DEBUG] [net.minecraftforge.fml.javafmlmod.AutomaticEventSubscriber/LOADING]: Auto-subscribing net.minecraftforge.common.ForgeSpawnEggItem$CommonHandler to MOD
[089月2026 15:18:32.531] [modloading-worker-0/DEBUG] [net.minecraftforge.fml.javafmlmod.AutomaticEventSubscriber/LOADING]: Auto-subscribing net.minecraftforge.common.ForgeSpawnEggItem$ColorRegisterHandler to MOD
[089月2026 15:18:32.547] [modloading-worker-0/DEBUG] [mixin/]: Mixing client.BlockColorsMixin from epca.mixins.json into net.minecraft.client.color.block.BlockColors
[089月2026 15:18:32.565] [modloading-worker-0/DEBUG] [net.minecraftforge.fml.javafmlmod.AutomaticEventSubscriber/LOADING]: Auto-subscribing net.minecraftforge.client.model.data.ModelDataManager to FORGE
[089月2026 15:18:32.572] [modloading-worker-0/DEBUG] [net.minecraftforge.fml.javafmlmod.AutomaticEventSubscriber/LOADING]: Auto-subscribing net.minecraftforge.client.ForgeHooksClient$ClientEvents to MOD
[089月2026 15:18:32.573] [modloading-worker-0/DEBUG] [mixin/]: Mixing accessor.ShaderInstanceAccessor from photon-common.mixins.json into net.minecraft.client.renderer.ShaderInstance
[089月2026 15:18:32.644] [modloading-worker-0/DEBUG] [net.minecraftforge.fml.javafmlmod.AutomaticEventSubscriber/LOADING]: Auto-subscribing net.minecraftforge.client.ClientForgeMod to MOD
[089月2026 15:18:33.066] [modloading-worker-0/DEBUG] [net.minecraftforge.fml.javafmlmod.AutomaticEventSubscriber/LOADING]: Attempting to inject @EventBusSubscriber classes into the eventbus for ldlib
[089月2026 15:18:33.067] [modloading-worker-0/DEBUG] [net.minecraftforge.fml.javafmlmod.AutomaticEventSubscriber/LOADING]: Auto-subscribing com.lowdragmc.lowdraglib.forge.CommonListeners to FORGE
[089月2026 15:18:33.069] [modloading-worker-0/DEBUG] [net.minecraftforge.fml.javafmlmod.AutomaticEventSubscriber/LOADING]: Auto-subscribing com.lowdragmc.lowdraglib.client.forge.ClientEventListener to FORGE
[089月2026 15:18:33.696] [modloading-worker-0/DEBUG] [net.minecraftforge.fml.config.ConfigTracker/CONFIG]: Config file E-PCA\epca_main_config.toml for epca tracking
[089月2026 15:18:33.708] [modloading-worker-0/DEBUG] [mixin/]: Mixing ParticleEngineMixin from ldlib-common.mixins.json into net.minecraft.client.particle.ParticleEngine
[089月2026 15:18:33.709] [modloading-worker-0/DEBUG] [mixin/]: Renaming synthetic method lambda$injectTick$0(Ljava/util/Map$Entry;)Z to mde4671a$lambda$injectTick$0$0 in ldlib-common.mixins.json:ParticleEngineMixin
[089月2026 15:18:33.709] [modloading-worker-0/DEBUG] [mixin/]: Mixing accessor.ParticleEngineAccessor from ldlib-common.mixins.json into net.minecraft.client.particle.ParticleEngine
[089月2026 15:18:33.718] [modloading-worker-0/DEBUG] [mixin/]: Mixing accessor.ParticleEngineAccessor from photon-common.mixins.json into net.minecraft.client.particle.ParticleEngine
[089月2026 15:18:33.723] [modloading-worker-0/DEBUG] [mixin/]: Mixing ParticleEngineMixin from photon.mixins.json into net.minecraft.client.particle.ParticleEngine
[089月2026 15:18:33.725] [modloading-worker-0/DEBUG] [mixin/]: Mixing no_iris.ParticleEngineMixin from photon.mixins.json into net.minecraft.client.particle.ParticleEngine
[089月2026 15:18:33.790] [modloading-worker-0/DEBUG] [net.minecraftforge.fml.javafmlmod.AutomaticEventSubscriber/LOADING]: Attempting to inject @EventBusSubscriber classes into the eventbus for epca
[089月2026 15:18:33.791] [modloading-worker-0/DEBUG] [net.minecraftforge.fml.javafmlmod.AutomaticEventSubscriber/LOADING]: Auto-subscribing org.tdddd.epca.impl.client.ClientColorEffect to FORGE
[089月2026 15:18:33.795] [modloading-worker-0/DEBUG] [net.minecraftforge.fml.javafmlmod.AutomaticEventSubscriber/LOADING]: Auto-subscribing org.tdddd.epca.impl.client.ClientEvents to FORGE
[089月2026 15:18:33.796] [modloading-worker-0/DEBUG] [net.minecraftforge.fml.javafmlmod.AutomaticEventSubscriber/LOADING]: Auto-subscribing org.tdddd.epca.impl.client.ClientHandler to MOD
[089月2026 15:18:33.815] [modloading-worker-0/DEBUG] [mixin/]: Mixing FeatureRendererMixin from playerAnimator-common.mixins.json into net.minecraft.client.renderer.entity.layers.RenderLayer
[089月2026 15:18:33.815] [modloading-worker-0/DEBUG] [mixin/]: playerAnimator-common.mixins.json:FeatureRendererMixin: Class version 61 required is higher than the class version supported by the current version of Mixin (JAVA_16 supports class version 60)
[089月2026 15:18:33.829] [modloading-worker-0/DEBUG] [net.minecraftforge.fml.javafmlmod.AutomaticEventSubscriber/LOADING]: Auto-subscribing org.tdddd.epca.impl.client.ClientHandlerI to FORGE
[089月2026 15:18:33.831] [modloading-worker-0/DEBUG] [net.minecraftforge.fml.javafmlmod.AutomaticEventSubscriber/LOADING]: Auto-subscribing org.tdddd.epca.impl.client.ClientSetup to MOD
[089月2026 15:18:33.831] [modloading-worker-0/DEBUG] [net.minecraftforge.fml.javafmlmod.AutomaticEventSubscriber/LOADING]: Auto-subscribing org.tdddd.epca.impl.client.CustomTabRenderer to FORGE
[089月2026 15:18:33.833] [modloading-worker-0/DEBUG] [net.minecraftforge.fml.javafmlmod.AutomaticEventSubscriber/LOADING]: Auto-subscribing org.tdddd.epca.impl.client.DifficultyScreenHandler to FORGE
[089月2026 15:18:33.837] [modloading-worker-0/DEBUG] [net.minecraftforge.fml.javafmlmod.AutomaticEventSubscriber/LOADING]: Auto-subscribing org.tdddd.epca.impl.client.KeyBindings to MOD
[089月2026 15:18:33.840] [modloading-worker-0/DEBUG] [net.minecraftforge.fml.javafmlmod.AutomaticEventSubscriber/LOADING]: Auto-subscribing org.tdddd.epca.impl.commands.EpcaCustomCommand to FORGE
[089月2026 15:18:33.843] [modloading-worker-0/DEBUG] [net.minecraftforge.fml.javafmlmod.AutomaticEventSubscriber/LOADING]: Auto-subscribing org.tdddd.epca.impl.datagen.DataGenEvent to MOD
[089月2026 15:18:33.850] [modloading-worker-0/DEBUG] [net.minecraftforge.fml.javafmlmod.AutomaticEventSubscriber/LOADING]: Auto-subscribing org.tdddd.epca.impl.events.AcidBlockListener to FORGE
[089月2026 15:18:33.856] [modloading-worker-0/DEBUG] [net.minecraftforge.fml.javafmlmod.AutomaticEventSubscriber/LOADING]: Auto-subscribing org.tdddd.epca.impl.events.AdaptationEffectListener to FORGE
[089月2026 15:18:33.860] [modloading-worker-0/DEBUG] [net.minecraftforge.fml.javafmlmod.AutomaticEventSubscriber/LOADING]: Auto-subscribing org.tdddd.epca.impl.events.CamouflageEffectEventHandler to FORGE
[089月2026 15:18:33.865] [modloading-worker-0/DEBUG] [net.minecraftforge.fml.javafmlmod.AutomaticEventSubscriber/LOADING]: Auto-subscribing org.tdddd.epca.impl.events.ContaminatedWaterLimitHandler to FORGE
[089月2026 15:18:33.876] [modloading-worker-0/DEBUG] [net.minecraftforge.fml.javafmlmod.AutomaticEventSubscriber/LOADING]: Auto-subscribing org.tdddd.epca.impl.events.CothEffectEvents to FORGE
[089月2026 15:18:33.878] [modloading-worker-0/DEBUG] [net.minecraftforge.fml.javafmlmod.AutomaticEventSubscriber/LOADING]: Auto-subscribing org.tdddd.epca.impl.events.CothEffectTickHandler to FORGE
[089月2026 15:18:33.881] [modloading-worker-0/DEBUG] [net.minecraftforge.fml.javafmlmod.AutomaticEventSubscriber/LOADING]: Auto-subscribing org.tdddd.epca.impl.events.DisabledEntityHandler to FORGE
[089月2026 15:18:33.883] [modloading-worker-0/DEBUG] [net.minecraftforge.fml.javafmlmod.AutomaticEventSubscriber/LOADING]: Auto-subscribing org.tdddd.epca.impl.events.EnderBladeAttackHandler to FORGE
[089月2026 15:18:33.886] [modloading-worker-0/DEBUG] [net.minecraftforge.fml.javafmlmod.AutomaticEventSubscriber/LOADING]: Auto-subscribing org.tdddd.epca.impl.events.EnderErosionOverlay to MOD
[089月2026 15:18:33.890] [modloading-worker-0/DEBUG] [net.minecraftforge.fml.javafmlmod.AutomaticEventSubscriber/LOADING]: Auto-subscribing org.tdddd.epca.impl.events.EntityIntegrationEvents to FORGE
[089月2026 15:18:33.896] [modloading-worker-0/DEBUG] [net.minecraftforge.fml.javafmlmod.AutomaticEventSubscriber/LOADING]: Auto-subscribing org.tdddd.epca.impl.events.EvolutionStageEvents to FORGE
[089月2026 15:18:33.896] [modloading-worker-0/DEBUG] [net.minecraftforge.fml.javafmlmod.AutomaticEventSubscriber/LOADING]: Auto-subscribing org.tdddd.epca.impl.events.FallingBlockMergeHandler to FORGE
[089月2026 15:18:33.903] [modloading-worker-0/DEBUG] [net.minecraftforge.fml.javafmlmod.AutomaticEventSubscriber/LOADING]: Auto-subscribing org.tdddd.epca.impl.events.FearEffectClientHandler to FORGE
[089月2026 15:18:33.926] [modloading-worker-0/DEBUG] [net.minecraftforge.fml.javafmlmod.AutomaticEventSubscriber/LOADING]: Auto-subscribing org.tdddd.epca.impl.events.FearEffectEventHandler to FORGE
[089月2026 15:18:33.933] [modloading-worker-0/DEBUG] [net.minecraftforge.fml.javafmlmod.AutomaticEventSubscriber/LOADING]: Auto-subscribing org.tdddd.epca.impl.events.HardLegendaryParasiteEvents to FORGE
[089月2026 15:18:33.936] [modloading-worker-0/DEBUG] [net.minecraftforge.fml.javafmlmod.AutomaticEventSubscriber/LOADING]: Auto-subscribing org.tdddd.epca.impl.events.InfestedBlockEventHandler to FORGE
[089月2026 15:18:33.937] [modloading-worker-0/DEBUG] [net.minecraftforge.fml.javafmlmod.AutomaticEventSubscriber/LOADING]: Auto-subscribing org.tdddd.epca.impl.events.InfestedBlockHandler to FORGE
[089月2026 15:18:33.940] [modloading-worker-0/DEBUG] [net.minecraftforge.fml.javafmlmod.AutomaticEventSubscriber/LOADING]: Auto-subscribing org.tdddd.epca.impl.events.InfestedLilyPadHandler to FORGE
[089月2026 15:18:33.944] [modloading-worker-0/DEBUG] [net.minecraftforge.fml.javafmlmod.AutomaticEventSubscriber/LOADING]: Auto-subscribing org.tdddd.epca.impl.events.InfestedNetherseaBrandEventHandler to FORGE
[089月2026 15:18:33.952] [modloading-worker-0/DEBUG] [net.minecraftforge.fml.javafmlmod.AutomaticEventSubscriber/LOADING]: Auto-subscribing org.tdddd.epca.impl.events.InfestedUndeadHandler to FORGE
[089月2026 15:18:33.954] [modloading-worker-0/DEBUG] [net.minecraftforge.fml.javafmlmod.AutomaticEventSubscriber/LOADING]: Auto-subscribing org.tdddd.epca.impl.events.ItemEffectHandler to FORGE
[089月2026 15:18:33.957] [modloading-worker-0/DEBUG] [net.minecraftforge.fml.javafmlmod.AutomaticEventSubscriber/LOADING]: Auto-subscribing org.tdddd.epca.impl.events.ItemTooltipHandler to FORGE
[089月2026 15:18:33.961] [modloading-worker-0/DEBUG] [net.minecraftforge.fml.javafmlmod.AutomaticEventSubscriber/LOADING]: Auto-subscribing org.tdddd.epca.impl.events.KeyInputHandler to MOD
[089月2026 15:18:33.962] [modloading-worker-0/DEBUG] [net.minecraftforge.fml.javafmlmod.AutomaticEventSubscriber/LOADING]: Auto-subscribing org.tdddd.epca.impl.events.LivingArmorBoxHandler to FORGE
[089月2026 15:18:33.972] [modloading-worker-0/DEBUG] [net.minecraftforge.fml.javafmlmod.AutomaticEventSubscriber/LOADING]: Auto-subscribing org.tdddd.epca.impl.events.LivingArmorEventHandler to FORGE
[089月2026 15:18:33.977] [modloading-worker-0/DEBUG] [net.minecraftforge.fml.javafmlmod.AutomaticEventSubscriber/LOADING]: Auto-subscribing org.tdddd.epca.impl.events.LivingHurtEventHandler to FORGE
[089月2026 15:18:33.982] [modloading-worker-0/DEBUG] [net.minecraftforge.fml.javafmlmod.AutomaticEventSubscriber/LOADING]: Auto-subscribing org.tdddd.epca.impl.events.MasterDifficultyAdvancementHandler to FORGE
[089月2026 15:18:33.986] [modloading-worker-0/DEBUG] [net.minecraftforge.fml.javafmlmod.AutomaticEventSubscriber/LOADING]: Auto-subscribing org.tdddd.epca.impl.events.ModEntityEvents to MOD
[089月2026 15:18:33.991] [modloading-worker-0/DEBUG] [net.minecraftforge.fml.javafmlmod.AutomaticEventSubscriber/LOADING]: Auto-subscribing org.tdddd.epca.impl.events.modlue.AfterimageModuleEventHandler to FORGE
[089月2026 15:18:33.994] [modloading-worker-0/DEBUG] [net.minecraftforge.fml.javafmlmod.AutomaticEventSubscriber/LOADING]: Auto-subscribing org.tdddd.epca.impl.events.modlue.AutomaticFeedingModuleEventHandler to FORGE
[089月2026 15:18:33.997] [modloading-worker-0/DEBUG] [net.minecraftforge.fml.javafmlmod.AutomaticEventSubscriber/LOADING]: Auto-subscribing org.tdddd.epca.impl.events.modlue.FleshArmorModuleEventHandler to FORGE
[089月2026 15:18:33.999] [modloading-worker-0/DEBUG] [net.minecraftforge.fml.javafmlmod.AutomaticEventSubscriber/LOADING]: Auto-subscribing org.tdddd.epca.impl.events.modlue.FlightModuleEventHandler to FORGE
[089月2026 15:18:34.006] [modloading-worker-0/DEBUG] [net.minecraftforge.fml.javafmlmod.AutomaticEventSubscriber/LOADING]: Auto-subscribing org.tdddd.epca.impl.events.modlue.NetheriteModuleEventHandler to FORGE
[089月2026 15:18:34.010] [modloading-worker-0/DEBUG] [net.minecraftforge.fml.javafmlmod.AutomaticEventSubscriber/LOADING]: Auto-subscribing org.tdddd.epca.impl.events.ModPeacefulHandler to FORGE
[089月2026 15:18:34.015] [modloading-worker-0/DEBUG] [net.minecraftforge.fml.javafmlmod.AutomaticEventSubscriber/LOADING]: Auto-subscribing org.tdddd.epca.impl.events.NaturalSpawnProtection to FORGE
[089月2026 15:18:34.021] [modloading-worker-0/DEBUG] [net.minecraftforge.fml.javafmlmod.AutomaticEventSubscriber/LOADING]: Auto-subscribing org.tdddd.epca.impl.events.NestLeaderKeyInputHandler to FORGE
[089月2026 15:18:34.023] [modloading-worker-0/DEBUG] [net.minecraftforge.fml.javafmlmod.AutomaticEventSubscriber/LOADING]: Auto-subscribing org.tdddd.epca.impl.events.ParasiteFriendlyHandler to FORGE
[089月2026 15:18:34.026] [modloading-worker-0/DEBUG] [net.minecraftforge.fml.javafmlmod.AutomaticEventSubscriber/LOADING]: Auto-subscribing org.tdddd.epca.impl.events.ParasiteNbtEffectHandler to FORGE
[089月2026 15:18:34.033] [modloading-worker-0/DEBUG] [net.minecraftforge.fml.javafmlmod.AutomaticEventSubscriber/LOADING]: Auto-subscribing org.tdddd.epca.impl.events.PlayerAnimator to MOD
[089月2026 15:18:34.039] [modloading-worker-0/DEBUG] [net.minecraftforge.fml.javafmlmod.AutomaticEventSubscriber/LOADING]: Auto-subscribing org.tdddd.epca.impl.events.PlayerDeathEventHandler to FORGE
[089月2026 15:18:34.041] [modloading-worker-0/DEBUG] [net.minecraftforge.fml.javafmlmod.AutomaticEventSubscriber/LOADING]: Auto-subscribing org.tdddd.epca.impl.events.PlayerEventHandler to FORGE
[089月2026 15:18:34.044] [modloading-worker-0/DEBUG] [net.minecraftforge.fml.javafmlmod.AutomaticEventSubscriber/LOADING]: Auto-subscribing org.tdddd.epca.impl.events.PlayerNameColorHandler to FORGE
[089月2026 15:18:34.050] [modloading-worker-0/DEBUG] [net.minecraftforge.fml.javafmlmod.AutomaticEventSubscriber/LOADING]: Auto-subscribing org.tdddd.epca.impl.events.ReshapePartHandler to FORGE
[089月2026 15:18:34.078] [modloading-worker-0/DEBUG] [net.minecraftforge.fml.javafmlmod.AutomaticEventSubscriber/LOADING]: Attempting to inject @EventBusSubscriber classes into the eventbus for caerula_arbor
[089月2026 15:18:34.096] [modloading-worker-0/DEBUG] [net.minecraftforge.fml.javafmlmod.AutomaticEventSubscriber/LOADING]: Auto-subscribing org.tdddd.epca.impl.events.SafetyDayHandler to FORGE
[089月2026 15:18:34.094] [modloading-worker-0/DEBUG] [net.minecraftforge.fml.javafmlmod.AutomaticEventSubscriber/LOADING]: Auto-subscribing net.mcreator.caerulaarbor.recipes.brewing.UpgradeSanityCureBrewingRecipe to MOD
[089月2026 15:18:34.111] [modloading-worker-0/DEBUG] [net.minecraftforge.fml.javafmlmod.AutomaticEventSubscriber/LOADING]: Auto-subscribing org.tdddd.epca.impl.events.ServerEvents to FORGE
[089月2026 15:18:34.114] [modloading-worker-0/DEBUG] [net.minecraftforge.fml.javafmlmod.AutomaticEventSubscriber/LOADING]: Auto-subscribing net.mcreator.caerulaarbor.recipes.brewing.UpgradePecrRegeneBrewingRecipe to MOD
[089月2026 15:18:34.116] [modloading-worker-0/DEBUG] [net.minecraftforge.fml.javafmlmod.AutomaticEventSubscriber/LOADING]: Auto-subscribing net.mcreator.caerulaarbor.recipes.brewing.UpgradeInvSanityBrewingRecipe to MOD
[089月2026 15:18:34.118] [modloading-worker-0/DEBUG] [net.minecraftforge.fml.javafmlmod.AutomaticEventSubscriber/LOADING]: Auto-subscribing net.mcreator.caerulaarbor.recipes.brewing.UpgradeInstSanityBrewingRecipe to MOD
[089月2026 15:18:34.120] [modloading-worker-0/DEBUG] [net.minecraftforge.fml.javafmlmod.AutomaticEventSubscriber/LOADING]: Auto-subscribing net.mcreator.caerulaarbor.recipes.brewing.UpgradeFastSwimBrewingRecipe to MOD
[089月2026 15:18:34.121] [modloading-worker-0/DEBUG] [net.minecraftforge.fml.javafmlmod.AutomaticEventSubscriber/LOADING]: Auto-subscribing net.mcreator.caerulaarbor.recipes.brewing.ReinforceFastSwimBrewingRecipe to MOD
[089月2026 15:18:34.122] [modloading-worker-0/DEBUG] [net.minecraftforge.fml.javafmlmod.AutomaticEventSubscriber/LOADING]: Auto-subscribing net.mcreator.caerulaarbor.recipes.brewing.MakeBerryBrewingRecipe to MOD
[089月2026 15:18:34.124] [modloading-worker-0/DEBUG] [net.minecraftforge.fml.javafmlmod.AutomaticEventSubscriber/LOADING]: Auto-subscribing net.mcreator.caerulaarbor.recipes.brewing.LengthenFastSwimBrewingRecipe to MOD
[089月2026 15:18:34.125] [modloading-worker-0/DEBUG] [net.minecraftforge.fml.javafmlmod.AutomaticEventSubscriber/LOADING]: Auto-subscribing net.mcreator.caerulaarbor.recipes.brewing.BrewSanityCureBrewingRecipe to MOD
[089月2026 15:18:34.127] [modloading-worker-0/DEBUG] [net.minecraftforge.fml.javafmlmod.AutomaticEventSubscriber/LOADING]: Auto-subscribing net.mcreator.caerulaarbor.recipes.brewing.BrewPercRegeneBrewingRecipe to MOD
[089月2026 15:18:34.128] [modloading-worker-0/DEBUG] [net.minecraftforge.fml.javafmlmod.AutomaticEventSubscriber/LOADING]: Auto-subscribing net.mcreator.caerulaarbor.recipes.brewing.BrewInvSanityBrewingRecipe to MOD
[089月2026 15:18:34.129] [modloading-worker-0/DEBUG] [net.minecraftforge.fml.javafmlmod.AutomaticEventSubscriber/LOADING]: Auto-subscribing org.tdddd.epca.impl.events.ServerNoteEvents to FORGE
[089月2026 15:18:34.129] [modloading-worker-0/DEBUG] [net.minecraftforge.fml.javafmlmod.AutomaticEventSubscriber/LOADING]: Auto-subscribing net.mcreator.caerulaarbor.recipes.brewing.BrewInsSanityBrewingRecipe to MOD
[089月2026 15:18:34.131] [modloading-worker-0/DEBUG] [net.minecraftforge.fml.javafmlmod.AutomaticEventSubscriber/LOADING]: Auto-subscribing net.mcreator.caerulaarbor.recipes.brewing.BrewFastSwimBrewingRecipe to MOD
[089月2026 15:18:34.132] [modloading-worker-0/DEBUG] [net.minecraftforge.fml.javafmlmod.AutomaticEventSubscriber/LOADING]: Auto-subscribing net.mcreator.caerulaarbor.procedures.WitherKillProcedure to FORGE
[089月2026 15:18:34.132] [modloading-worker-0/DEBUG] [net.minecraftforge.fml.javafmlmod.AutomaticEventSubscriber/LOADING]: Auto-subscribing org.tdddd.epca.impl.events.ShieldCapabilityHandler to MOD
[089月2026 15:18:34.133] [modloading-worker-0/DEBUG] [net.minecraftforge.fml.javafmlmod.AutomaticEventSubscriber/LOADING]: Auto-subscribing net.mcreator.caerulaarbor.procedures.WarriorTacticProcedure to FORGE
[089月2026 15:18:34.135] [modloading-worker-0/DEBUG] [net.minecraftforge.fml.javafmlmod.AutomaticEventSubscriber/LOADING]: Auto-subscribing net.mcreator.caerulaarbor.procedures.TransporterUseProcedure to FORGE
[089月2026 15:18:34.136] [modloading-worker-0/DEBUG] [net.minecraftforge.fml.javafmlmod.AutomaticEventSubscriber/LOADING]: Auto-subscribing org.tdddd.epca.impl.events.ShieldEventHandler to FORGE
[089月2026 15:18:34.136] [modloading-worker-0/DEBUG] [net.minecraftforge.fml.javafmlmod.AutomaticEventSubscriber/LOADING]: Auto-subscribing net.mcreator.caerulaarbor.procedures.TrailriteAttackBonusProcedure to FORGE
[089月2026 15:18:34.138] [modloading-worker-0/DEBUG] [net.minecraftforge.fml.javafmlmod.AutomaticEventSubscriber/LOADING]: Auto-subscribing net.mcreator.caerulaarbor.procedures.TrailriteArmorSelfMendProcedure to FORGE
[089月2026 15:18:34.139] [modloading-worker-0/DEBUG] [net.minecraftforge.fml.javafmlmod.AutomaticEventSubscriber/LOADING]: Auto-subscribing net.mcreator.caerulaarbor.procedures.TotemFuncProcedure to FORGE
[089月2026 15:18:34.141] [modloading-worker-0/DEBUG] [net.minecraftforge.fml.javafmlmod.AutomaticEventSubscriber/LOADING]: Auto-subscribing net.mcreator.caerulaarbor.procedures.TidutantArmorBreakProcedure to FORGE
[089月2026 15:18:34.142] [modloading-worker-0/DEBUG] [net.minecraftforge.fml.javafmlmod.AutomaticEventSubscriber/LOADING]: Auto-subscribing net.mcreator.caerulaarbor.procedures.ThirsterAddIntegProcedure to FORGE
[089月2026 15:18:34.145] [modloading-worker-0/DEBUG] [net.minecraftforge.fml.javafmlmod.AutomaticEventSubscriber/LOADING]: Auto-subscribing net.mcreator.caerulaarbor.procedures.SummonOceanWitherProcedure to FORGE
[089月2026 15:18:34.147] [modloading-worker-0/DEBUG] [net.minecraftforge.fml.javafmlmod.AutomaticEventSubscriber/LOADING]: Auto-subscribing net.mcreator.caerulaarbor.procedures.SlimeFUncProcedure to FORGE
[089月2026 15:18:34.150] [modloading-worker-0/DEBUG] [net.minecraftforge.fml.javafmlmod.AutomaticEventSubscriber/LOADING]: Auto-subscribing net.mcreator.caerulaarbor.procedures.ShulkerBulletHitProcedure to FORGE
[089月2026 15:18:34.157] [modloading-worker-0/DEBUG] [net.minecraftforge.fml.javafmlmod.AutomaticEventSubscriber/LOADING]: Auto-subscribing net.mcreator.caerulaarbor.procedures.ShieldFuncProcedure to FORGE
[089月2026 15:18:34.158] [modloading-worker-0/DEBUG] [net.minecraftforge.fml.javafmlmod.AutomaticEventSubscriber/LOADING]: Auto-subscribing org.tdddd.epca.impl.events.SolidifyEffectEventHandler to FORGE
[089月2026 15:18:34.190] [modloading-worker-0/DEBUG] [net.minecraftforge.fml.javafmlmod.AutomaticEventSubscriber/LOADING]: Auto-subscribing net.mcreator.caerulaarbor.procedures.SetLastAttakcedTimeProcedure to FORGE
[089月2026 15:18:34.193] [modloading-worker-0/DEBUG] [net.minecraftforge.fml.javafmlmod.AutomaticEventSubscriber/LOADING]: Auto-subscribing net.mcreator.caerulaarbor.procedures.SeabornsGetOffShipProcedure to FORGE
[089月2026 15:18:34.200] [modloading-worker-0/DEBUG] [net.minecraftforge.fml.javafmlmod.AutomaticEventSubscriber/LOADING]: Auto-subscribing org.tdddd.epca.impl.events.SpawnEggHandler to FORGE
[089月2026 15:18:34.202] [modloading-worker-0/DEBUG] [net.minecraftforge.fml.javafmlmod.AutomaticEventSubscriber/LOADING]: Auto-subscribing net.mcreator.caerulaarbor.procedures.SeabornTransformProcedure to FORGE
[089月2026 15:18:34.205] [modloading-worker-0/DEBUG] [net.minecraftforge.fml.javafmlmod.AutomaticEventSubscriber/LOADING]: Auto-subscribing org.tdddd.epca.impl.events.SpawnRateHandler to FORGE
[089月2026 15:18:34.209] [modloading-worker-0/DEBUG] [net.minecraftforge.fml.javafmlmod.AutomaticEventSubscriber/LOADING]: Auto-subscribing org.tdddd.epca.impl.events.SpearAttackHandler to FORGE
[089月2026 15:18:34.212] [modloading-worker-0/DEBUG] [net.minecraftforge.fml.javafmlmod.AutomaticEventSubscriber/LOADING]: Auto-subscribing net.mcreator.caerulaarbor.procedures.SeabornKillerFuncProcedure to FORGE
[089月2026 15:18:34.214] [modloading-worker-0/DEBUG] [net.minecraftforge.fml.javafmlmod.AutomaticEventSubscriber/LOADING]: Auto-subscribing net.mcreator.caerulaarbor.procedures.SeabornKillMartusProcedure to FORGE
[089月2026 15:18:34.216] [modloading-worker-0/DEBUG] [net.minecraftforge.fml.javafmlmod.AutomaticEventSubscriber/LOADING]: Auto-subscribing net.mcreator.caerulaarbor.procedures.SeabornAggresiveProcedure to FORGE
[089月2026 15:18:34.218] [modloading-worker-0/DEBUG] [net.minecraftforge.fml.javafmlmod.AutomaticEventSubscriber/LOADING]: Auto-subscribing org.tdddd.epca.impl.events.SpiritEffectEventHandler to FORGE
[089月2026 15:18:34.218] [modloading-worker-0/DEBUG] [net.minecraftforge.fml.javafmlmod.AutomaticEventSubscriber/LOADING]: Auto-subscribing net.mcreator.caerulaarbor.procedures.SanityTickFuncProcedure to FORGE
[089月2026 15:18:34.220] [modloading-worker-0/DEBUG] [net.minecraftforge.fml.javafmlmod.AutomaticEventSubscriber/LOADING]: Auto-subscribing net.mcreator.caerulaarbor.procedures.SanityReaperFuncProcedure to FORGE
[089月2026 15:18:34.221] [modloading-worker-0/DEBUG] [net.minecraftforge.fml.javafmlmod.AutomaticEventSubscriber/LOADING]: Auto-subscribing org.tdddd.epca.impl.events.VillagerSpawnEventHandler to FORGE
[089月2026 15:18:34.222] [modloading-worker-0/DEBUG] [net.minecraftforge.fml.javafmlmod.AutomaticEventSubscriber/LOADING]: Auto-subscribing net.mcreator.caerulaarbor.procedures.SanityRateFunctionsProcedure to FORGE
[089月2026 15:18:34.223] [modloading-worker-0/DEBUG] [net.minecraftforge.fml.javafmlmod.AutomaticEventSubscriber/LOADING]: Auto-subscribing org.tdddd.epca.impl.events.ViralEffectEventHandler to FORGE
[089月2026 15:18:34.223] [modloading-worker-0/DEBUG] [net.minecraftforge.fml.javafmlmod.AutomaticEventSubscriber/LOADING]: Auto-subscribing net.mcreator.caerulaarbor.procedures.RightClickFuncProcedure to FORGE
[089月2026 15:18:34.224] [modloading-worker-0/DEBUG] [net.minecraftforge.fml.javafmlmod.AutomaticEventSubscriber/LOADING]: Auto-subscribing net.mcreator.caerulaarbor.procedures.RenderSkyFuncProcedure to MOD
[089月2026 15:18:34.227] [modloading-worker-0/DEBUG] [net.minecraftforge.fml.javafmlmod.AutomaticEventSubscriber/LOADING]: Auto-subscribing net.mcreator.caerulaarbor.procedures.RemovalFuncProcedure to FORGE
[089月2026 15:18:34.228] [modloading-worker-0/DEBUG] [net.minecraftforge.fml.javafmlmod.AutomaticEventSubscriber/LOADING]: Auto-subscribing org.tdddd.epca.impl.events.WaterInteractionHandler to FORGE
[089月2026 15:18:34.230] [modloading-worker-0/DEBUG] [net.minecraftforge.fml.javafmlmod.AutomaticEventSubscriber/LOADING]: Auto-subscribing net.mcreator.caerulaarbor.procedures.RangedLightningProcedure to FORGE
[089月2026 15:18:34.234] [modloading-worker-0/DEBUG] [net.minecraftforge.fml.javafmlmod.AutomaticEventSubscriber/LOADING]: Auto-subscribing net.mcreator.caerulaarbor.procedures.RangedLightningProcedure$RangedLightningMessage to MOD
[089月2026 15:18:34.236] [modloading-worker-0/DEBUG] [net.minecraftforge.fml.javafmlmod.AutomaticEventSubscriber/LOADING]: Auto-subscribing net.mcreator.caerulaarbor.procedures.PunishmentModifyValueProcedure to FORGE
[089月2026 15:18:34.238] [modloading-worker-0/DEBUG] [net.minecraftforge.fml.javafmlmod.AutomaticEventSubscriber/LOADING]: Auto-subscribing org.tdddd.epca.impl.events.WorldLoadHandler to FORGE
[089月2026 15:18:34.238] [modloading-worker-0/DEBUG] [net.minecraftforge.fml.javafmlmod.AutomaticEventSubscriber/LOADING]: Auto-subscribing net.mcreator.caerulaarbor.procedures.PlayerTickFuncProcedure to FORGE
[089月2026 15:18:34.240] [modloading-worker-0/DEBUG] [net.minecraftforge.fml.javafmlmod.AutomaticEventSubscriber/LOADING]: Auto-subscribing net.mcreator.caerulaarbor.procedures.PlayerSmeltfuncProcedure to FORGE
[089月2026 15:18:34.241] [modloading-worker-0/DEBUG] [net.minecraftforge.fml.javafmlmod.AutomaticEventSubscriber/LOADING]: Auto-subscribing org.tdddd.epca.impl.overworld.difficulty.DifficultyApplier to FORGE
[089月2026 15:18:34.245] [modloading-worker-0/DEBUG] [net.minecraftforge.fml.javafmlmod.AutomaticEventSubscriber/LOADING]: Auto-subscribing net.mcreator.caerulaarbor.procedures.PlayerRebornProcedure to FORGE
[089月2026 15:18:34.247] [modloading-worker-0/DEBUG] [net.minecraftforge.fml.javafmlmod.AutomaticEventSubscriber/LOADING]: Auto-subscribing net.mcreator.caerulaarbor.procedures.PlayerLogInProcedure to FORGE
[089月2026 15:18:34.250] [modloading-worker-0/DEBUG] [net.minecraftforge.fml.javafmlmod.AutomaticEventSubscriber/LOADING]: Auto-subscribing net.mcreator.caerulaarbor.procedures.PlayerLightsReduceProcedure to FORGE
[089月2026 15:18:34.259] [modloading-worker-0/DEBUG] [net.minecraftforge.fml.javafmlmod.AutomaticEventSubscriber/LOADING]: Auto-subscribing net.mcreator.caerulaarbor.procedures.PlayerLeftClickOnHelperProcedure to FORGE
[089月2026 15:18:34.261] [modloading-worker-0/DEBUG] [net.minecraftforge.fml.javafmlmod.AutomaticEventSubscriber/LOADING]: Auto-subscribing net.mcreator.caerulaarbor.procedures.PlayerLeftClickOnHelperProcedure$PlayerLeftClickOnHelperMessage to MOD
[089月2026 15:18:34.264] [modloading-worker-0/DEBUG] [net.minecraftforge.fml.javafmlmod.AutomaticEventSubscriber/LOADING]: Auto-subscribing net.mcreator.caerulaarbor.procedures.PlayerHurtWithCreeperProcedure to FORGE
[089月2026 15:18:34.266] [modloading-worker-0/DEBUG] [net.minecraftforge.fml.javafmlmod.AutomaticEventSubscriber/LOADING]: Auto-subscribing net.mcreator.caerulaarbor.procedures.PlayerHitFuncProcedure to FORGE
[089月2026 15:18:34.270] [modloading-worker-0/DEBUG] [net.minecraftforge.fml.javafmlmod.AutomaticEventSubscriber/LOADING]: Auto-subscribing net.mcreator.caerulaarbor.procedures.PlayerEvolutionTickFUncProcedure to FORGE
[089月2026 15:18:34.272] [modloading-worker-0/DEBUG] [net.minecraftforge.fml.javafmlmod.AutomaticEventSubscriber/LOADING]: Auto-subscribing net.mcreator.caerulaarbor.procedures.PlayerEvoHurtFuncProcedure to FORGE
[089月2026 15:18:34.275] [modloading-worker-0/DEBUG] [net.minecraftforge.fml.javafmlmod.AutomaticEventSubscriber/LOADING]: Auto-subscribing net.mcreator.caerulaarbor.procedures.PlayerEvoHitFuncProcedure to FORGE
[089月2026 15:18:34.277] [modloading-worker-0/DEBUG] [net.minecraftforge.fml.javafmlmod.AutomaticEventSubscriber/LOADING]: Auto-subscribing net.mcreator.caerulaarbor.procedures.PlayerEatFuncProcedure to FORGE
[089月2026 15:18:34.280] [modloading-worker-0/DEBUG] [net.minecraftforge.fml.javafmlmod.AutomaticEventSubscriber/LOADING]: Auto-subscribing net.mcreator.caerulaarbor.procedures.PlayerDiedFuncProcedure to FORGE
[089月2026 15:18:34.283] [modloading-worker-0/DEBUG] [net.minecraftforge.fml.javafmlmod.AutomaticEventSubscriber/LOADING]: Auto-subscribing net.mcreator.caerulaarbor.procedures.PlayerCraftFuncProcedure to FORGE
[089月2026 15:18:34.293] [modloading-worker-0/DEBUG] [net.minecraftforge.fml.javafmlmod.AutomaticEventSubscriber/LOADING]: Auto-subscribing net.mcreator.caerulaarbor.procedures.PlayerAttackFuncProcedure to FORGE
[089月2026 15:18:34.296] [modloading-worker-0/DEBUG] [net.minecraftforge.fml.javafmlmod.AutomaticEventSubscriber/LOADING]: Auto-subscribing net.mcreator.caerulaarbor.procedures.PathshaperHitFuncProcedure to FORGE
[089月2026 15:18:34.298] [modloading-worker-0/DEBUG] [net.minecraftforge.fml.javafmlmod.AutomaticEventSubscriber/LOADING]: Auto-subscribing net.mcreator.caerulaarbor.procedures.PEVOHealFuncProcedure to FORGE
[089月2026 15:18:34.301] [modloading-worker-0/DEBUG] [net.minecraftforge.fml.javafmlmod.AutomaticEventSubscriber/LOADING]: Auto-subscribing net.mcreator.caerulaarbor.procedures.OnSublimationDamageEventProcedure to FORGE
[089月2026 15:18:34.310] [modloading-worker-0/DEBUG] [net.minecraftforge.fml.javafmlmod.AutomaticEventSubscriber/LOADING]: Auto-subscribing net.mcreator.caerulaarbor.procedures.OnPlayerLevelChangeProcedure to FORGE
[089月2026 15:18:34.255] [modloading-worker-0/DEBUG] [net.minecraftforge.fml.javafmlmod.AutomaticEventSubscriber/LOADING]: Auto-subscribing org.tdddd.epca.impl.overworld.difficulty.DifficultyEvents to FORGE
[089月2026 15:18:34.349] [modloading-worker-0/DEBUG] [net.minecraftforge.fml.javafmlmod.AutomaticEventSubscriber/LOADING]: Auto-subscribing net.mcreator.caerulaarbor.procedures.OnEchoHealFuncProcedure to FORGE
[089月2026 15:18:34.358] [modloading-worker-0/DEBUG] [net.minecraftforge.fml.javafmlmod.AutomaticEventSubscriber/LOADING]: Auto-subscribing org.tdddd.epca.impl.overworld.registry.capability.LifetimeCapability to FORGE
[089月2026 15:18:34.358] [modloading-worker-0/DEBUG] [net.minecraftforge.fml.javafmlmod.AutomaticEventSubscriber/LOADING]: Auto-subscribing net.mcreator.caerulaarbor.procedures.OnArrowHitProcedure to FORGE
[089月2026 15:18:34.398] [modloading-worker-0/DEBUG] [net.minecraftforge.fml.javafmlmod.AutomaticEventSubscriber/LOADING]: Auto-subscribing net.mcreator.caerulaarbor.procedures.OceanWitherImmunityProcedure to FORGE
[089月2026 15:18:34.399] [modloading-worker-0/DEBUG] [net.minecraftforge.fml.javafmlmod.AutomaticEventSubscriber/LOADING]: Auto-subscribing net.mcreator.caerulaarbor.procedures.OceanWitherExtraAttackProcedure to FORGE
[089月2026 15:18:34.401] [modloading-worker-0/DEBUG] [net.minecraftforge.fml.javafmlmod.AutomaticEventSubscriber/LOADING]: Auto-subscribing net.mcreator.caerulaarbor.procedures.NumbnessFuncProcedure to FORGE
[089月2026 15:18:34.400] [modloading-worker-0/DEBUG] [net.minecraftforge.fml.javafmlmod.AutomaticEventSubscriber/LOADING]: Auto-subscribing org.tdddd.epca.impl.overworld.registry.effects.debuff.BleedingEffect to FORGE
[089月2026 15:18:34.403] [modloading-worker-0/DEBUG] [net.minecraftforge.fml.javafmlmod.AutomaticEventSubscriber/LOADING]: Auto-subscribing net.mcreator.caerulaarbor.procedures.NoSameTeamDamageProcedure to FORGE
[089月2026 15:18:34.404] [modloading-worker-0/DEBUG] [net.minecraftforge.fml.javafmlmod.AutomaticEventSubscriber/LOADING]: Auto-subscribing net.mcreator.caerulaarbor.procedures.NoInTeamDamageProcedure to FORGE
[089月2026 15:18:34.405] [modloading-worker-0/DEBUG] [net.minecraftforge.fml.javafmlmod.AutomaticEventSubscriber/LOADING]: Auto-subscribing net.mcreator.caerulaarbor.procedures.NoDamageBetweenHumansProcedure to FORGE
[089月2026 15:18:34.406] [modloading-worker-0/DEBUG] [net.minecraftforge.fml.javafmlmod.AutomaticEventSubscriber/LOADING]: Auto-subscribing org.tdddd.epca.impl.overworld.registry.effects.debuff.DeepSneakEffect to FORGE
[089月2026 15:18:34.407] [modloading-worker-0/DEBUG] [net.minecraftforge.fml.javafmlmod.AutomaticEventSubscriber/LOADING]: Auto-subscribing net.mcreator.caerulaarbor.procedures.NetherseaWalkerExtraFuncProcedure to FORGE
[089月2026 15:18:34.409] [modloading-worker-0/DEBUG] [net.minecraftforge.fml.javafmlmod.AutomaticEventSubscriber/LOADING]: Auto-subscribing org.tdddd.epca.impl.overworld.registry.items.item.WingChestManager to FORGE
[089月2026 15:18:34.410] [modloading-worker-0/DEBUG] [net.minecraftforge.fml.javafmlmod.AutomaticEventSubscriber/LOADING]: Auto-subscribing org.tdddd.epca.impl.overworld.registry.ModParticles to MOD
[089月2026 15:18:34.412] [modloading-worker-0/DEBUG] [net.minecraftforge.fml.javafmlmod.AutomaticEventSubscriber/LOADING]: Auto-subscribing net.mcreator.caerulaarbor.procedures.MobTickFuncProcedure to FORGE
[089月2026 15:18:34.414] [modloading-worker-0/DEBUG] [net.minecraftforge.fml.javafmlmod.AutomaticEventSubscriber/LOADING]: Auto-subscribing net.mcreator.caerulaarbor.procedures.MobInitProcedure to FORGE
[089月2026 15:18:34.415] [modloading-worker-0/DEBUG] [net.minecraftforge.fml.javafmlmod.AutomaticEventSubscriber/LOADING]: Auto-subscribing net.mcreator.caerulaarbor.procedures.MobHurtFuncProcedure to FORGE
[089月2026 15:18:34.416] [modloading-worker-0/DEBUG] [net.minecraftforge.fml.javafmlmod.AutomaticEventSubscriber/LOADING]: Auto-subscribing net.mcreator.caerulaarbor.procedures.MobHitFuncProcedure to FORGE
[089月2026 15:18:34.418] [modloading-worker-0/DEBUG] [net.minecraftforge.fml.javafmlmod.AutomaticEventSubscriber/LOADING]: Auto-subscribing net.mcreator.caerulaarbor.procedures.MobFinalHurtFuncProcedure to FORGE
[089月2026 15:18:34.420] [modloading-worker-0/DEBUG] [net.minecraftforge.fml.javafmlmod.AutomaticEventSubscriber/LOADING]: Auto-subscribing net.mcreator.caerulaarbor.procedures.MobDiedOnTrailProcedure to FORGE
[089月2026 15:18:34.420] [modloading-worker-0/DEBUG] [net.minecraftforge.fml.javafmlmod.AutomaticEventSubscriber/LOADING]: Auto-subscribing net.mcreator.caerulaarbor.procedures.MobAttackDelayerProcedure to FORGE
[089月2026 15:18:34.423] [modloading-worker-0/DEBUG] [net.minecraftforge.fml.javafmlmod.AutomaticEventSubscriber/LOADING]: Auto-subscribing net.mcreator.caerulaarbor.procedures.MobAttackDelayerIProcedure to FORGE
[089月2026 15:18:34.424] [modloading-worker-0/DEBUG] [net.minecraftforge.fml.javafmlmod.AutomaticEventSubscriber/LOADING]: Auto-subscribing net.mcreator.caerulaarbor.procedures.MissFuncProcedure to FORGE
[089月2026 15:18:34.426] [modloading-worker-0/DEBUG] [net.minecraftforge.fml.javafmlmod.AutomaticEventSubscriber/LOADING]: Auto-subscribing net.mcreator.caerulaarbor.procedures.MartusArrowImmueProcedure to FORGE
[089月2026 15:18:34.427] [modloading-worker-0/DEBUG] [net.minecraftforge.fml.javafmlmod.AutomaticEventSubscriber/LOADING]: Auto-subscribing net.mcreator.caerulaarbor.procedures.MagicResisFuncProcedure to FORGE
[089月2026 15:18:34.429] [modloading-worker-0/DEBUG] [net.minecraftforge.fml.javafmlmod.AutomaticEventSubscriber/LOADING]: Auto-subscribing net.mcreator.caerulaarbor.procedures.LockFuncProcedure to FORGE
[089月2026 15:18:34.430] [modloading-worker-0/DEBUG] [net.minecraftforge.fml.javafmlmod.AutomaticEventSubscriber/LOADING]: Auto-subscribing net.mcreator.caerulaarbor.procedures.LittleHelperNoHurtProcedure to FORGE
[089月2026 15:18:34.434] [modloading-worker-0/DEBUG] [net.minecraftforge.fml.javafmlmod.AutomaticEventSubscriber/LOADING]: Auto-subscribing net.mcreator.caerulaarbor.procedures.LifePointFuncProcedure to FORGE
[089月2026 15:18:34.437] [modloading-worker-0/DEBUG] [net.minecraftforge.fml.javafmlmod.AutomaticEventSubscriber/LOADING]: Auto-subscribing net.mcreator.caerulaarbor.procedures.LastKnightSwordFuncProcedure to FORGE
[089月2026 15:18:34.439] [modloading-worker-0/DEBUG] [net.minecraftforge.fml.javafmlmod.AutomaticEventSubscriber/LOADING]: Auto-subscribing net.mcreator.caerulaarbor.procedures.KnightAddedAttackProcedure to FORGE
[089月2026 15:18:34.440] [modloading-worker-0/DEBUG] [net.minecraftforge.fml.javafmlmod.AutomaticEventSubscriber/LOADING]: Auto-subscribing net.mcreator.caerulaarbor.procedures.KillMuteSelfProcedure to FORGE
[089月2026 15:18:34.441] [modloading-worker-0/DEBUG] [net.minecraftforge.fml.javafmlmod.AutomaticEventSubscriber/LOADING]: Auto-subscribing net.mcreator.caerulaarbor.procedures.KillFuncProcedure to FORGE
[089月2026 15:18:34.444] [modloading-worker-0/DEBUG] [net.minecraftforge.fml.javafmlmod.AutomaticEventSubscriber/LOADING]: Auto-subscribing net.mcreator.caerulaarbor.procedures.IzumikHitFuncProcedure to FORGE
[089月2026 15:18:34.446] [modloading-worker-0/DEBUG] [net.minecraftforge.fml.javafmlmod.AutomaticEventSubscriber/LOADING]: Auto-subscribing net.mcreator.caerulaarbor.procedures.IreneAttackBonusProcedure to FORGE
[089月2026 15:18:34.451] [modloading-worker-0/DEBUG] [net.minecraftforge.fml.javafmlmod.AutomaticEventSubscriber/LOADING]: Auto-subscribing net.mcreator.caerulaarbor.procedures.InvFuncProcedure to FORGE
[089月2026 15:18:34.459] [modloading-worker-0/DEBUG] [net.minecraftforge.fml.javafmlmod.AutomaticEventSubscriber/LOADING]: Auto-subscribing net.mcreator.caerulaarbor.procedures.IllusionSetVulnerableProcedure to FORGE
[089月2026 15:18:34.470] [modloading-worker-0/DEBUG] [net.minecraftforge.fml.javafmlmod.AutomaticEventSubscriber/LOADING]: Auto-subscribing net.mcreator.caerulaarbor.procedures.HuntersHitFuncProcedure to FORGE
[089月2026 15:18:34.473] [modloading-worker-0/DEBUG] [net.minecraftforge.fml.javafmlmod.AutomaticEventSubscriber/LOADING]: Auto-subscribing net.mcreator.caerulaarbor.procedures.HighmoreScytheEntityAttackProcedure to FORGE
[089月2026 15:18:34.475] [modloading-worker-0/DEBUG] [net.minecraftforge.fml.javafmlmod.AutomaticEventSubscriber/LOADING]: Auto-subscribing net.mcreator.caerulaarbor.procedures.HighmoreScytheAirAttackProcedure to FORGE
[089月2026 15:18:34.477] [modloading-worker-0/DEBUG] [net.minecraftforge.fml.javafmlmod.AutomaticEventSubscriber/LOADING]: Auto-subscribing net.mcreator.caerulaarbor.procedures.HighmoreScytheAirAttackProcedure$HighmoreScytheAirAttackMessage to MOD
[089月2026 15:18:34.484] [modloading-worker-0/DEBUG] [net.minecraftforge.fml.javafmlmod.AutomaticEventSubscriber/LOADING]: Auto-subscribing net.mcreator.caerulaarbor.procedures.HighmoreCounterProcedure to FORGE
[089月2026 15:18:34.489] [modloading-worker-0/DEBUG] [net.minecraftforge.fml.javafmlmod.AutomaticEventSubscriber/LOADING]: Auto-subscribing net.mcreator.caerulaarbor.procedures.HandThornsFuncProcedure to FORGE
[089月2026 15:18:34.497] [modloading-worker-0/DEBUG] [net.minecraftforge.fml.javafmlmod.AutomaticEventSubscriber/LOADING]: Auto-subscribing net.mcreator.caerulaarbor.procedures.HandSwipeFuncProcedure to FORGE
[089月2026 15:18:34.500] [modloading-worker-0/DEBUG] [net.minecraftforge.fml.javafmlmod.AutomaticEventSubscriber/LOADING]: Auto-subscribing net.mcreator.caerulaarbor.procedures.HandHoeSwordProcedure to FORGE
[089月2026 15:18:34.504] [modloading-worker-0/DEBUG] [net.minecraftforge.fml.javafmlmod.AutomaticEventSubscriber/LOADING]: Auto-subscribing net.mcreator.caerulaarbor.procedures.GladiiaAttackBonusProcedure to FORGE
[089月2026 15:18:34.506] [modloading-worker-0/DEBUG] [net.minecraftforge.fml.javafmlmod.AutomaticEventSubscriber/LOADING]: Auto-subscribing net.mcreator.caerulaarbor.procedures.GetupFuncProcedure to FORGE
[089月2026 15:18:34.508] [modloading-worker-0/DEBUG] [net.minecraftforge.fml.javafmlmod.AutomaticEventSubscriber/LOADING]: Auto-subscribing net.mcreator.caerulaarbor.procedures.FoxHurtFuncProcedure to FORGE
[089月2026 15:18:34.510] [modloading-worker-0/DEBUG] [net.minecraftforge.fml.javafmlmod.AutomaticEventSubscriber/LOADING]: Auto-subscribing net.mcreator.caerulaarbor.procedures.FlamarineHurtProcedure to FORGE
[089月2026 15:18:34.512] [modloading-worker-0/DEBUG] [net.minecraftforge.fml.javafmlmod.AutomaticEventSubscriber/LOADING]: Auto-subscribing net.mcreator.caerulaarbor.procedures.FinalizeSpawnFuncProcedure to FORGE
[089月2026 15:18:34.514] [modloading-worker-0/DEBUG] [net.minecraftforge.fml.javafmlmod.AutomaticEventSubscriber/LOADING]: Auto-subscribing net.mcreator.caerulaarbor.procedures.FeedCandyProcedure to FORGE
[089月2026 15:18:34.516] [modloading-worker-0/DEBUG] [net.minecraftforge.fml.javafmlmod.AutomaticEventSubscriber/LOADING]: Auto-subscribing net.mcreator.caerulaarbor.procedures.ExtractorAdvProcedure to FORGE
[089月2026 15:18:34.517] [modloading-worker-0/DEBUG] [net.minecraftforge.fml.javafmlmod.AutomaticEventSubscriber/LOADING]: Auto-subscribing net.mcreator.caerulaarbor.procedures.ExtraMagicdamageProcedure to FORGE
[089月2026 15:18:34.518] [modloading-worker-0/DEBUG] [net.minecraftforge.fml.javafmlmod.AutomaticEventSubscriber/LOADING]: Auto-subscribing net.mcreator.caerulaarbor.procedures.ExpFuncProcedure to FORGE
[089月2026 15:18:34.521] [modloading-worker-0/DEBUG] [net.minecraftforge.fml.javafmlmod.AutomaticEventSubscriber/LOADING]: Auto-subscribing net.mcreator.caerulaarbor.procedures.EssenceResistanceWithIceProcedure to FORGE
[089月2026 15:18:34.522] [modloading-worker-0/DEBUG] [net.minecraftforge.fml.javafmlmod.AutomaticEventSubscriber/LOADING]: Auto-subscribing net.mcreator.caerulaarbor.procedures.EndspeakerttackFuncProcedure to FORGE
[089月2026 15:18:34.529] [modloading-worker-0/DEBUG] [net.minecraftforge.fml.javafmlmod.AutomaticEventSubscriber/LOADING]: Auto-subscribing net.mcreator.caerulaarbor.procedures.EndspeakerHurtFuncProcedure to FORGE
[089月2026 15:18:34.532] [modloading-worker-0/DEBUG] [net.minecraftforge.fml.javafmlmod.AutomaticEventSubscriber/LOADING]: Auto-subscribing net.mcreator.caerulaarbor.procedures.EndspeakerDamageFuncProcedure to FORGE
[089月2026 15:18:34.533] [modloading-worker-0/DEBUG] [net.minecraftforge.fml.javafmlmod.AutomaticEventSubscriber/LOADING]: Auto-subscribing net.mcreator.caerulaarbor.procedures.DisconcentrationFuncProcedure to FORGE
[089月2026 15:18:34.535] [modloading-worker-0/DEBUG] [net.minecraftforge.fml.javafmlmod.AutomaticEventSubscriber/LOADING]: Auto-subscribing net.mcreator.caerulaarbor.procedures.DieInWallProcedure to FORGE
[089月2026 15:18:34.537] [modloading-worker-0/DEBUG] [net.minecraftforge.fml.javafmlmod.AutomaticEventSubscriber/LOADING]: Auto-subscribing net.mcreator.caerulaarbor.procedures.DefensiveModeFuncProcedure to FORGE
[089月2026 15:18:34.538] [modloading-worker-0/DEBUG] [net.minecraftforge.fml.javafmlmod.AutomaticEventSubscriber/LOADING]: Auto-subscribing net.mcreator.caerulaarbor.procedures.DebugProcedure to FORGE
[089月2026 15:18:34.539] [modloading-worker-0/DEBUG] [net.minecraftforge.fml.javafmlmod.AutomaticEventSubscriber/LOADING]: Auto-subscribing net.mcreator.caerulaarbor.procedures.DamageBurdenVeicleProcedure to FORGE
[089月2026 15:18:34.540] [modloading-worker-0/DEBUG] [net.minecraftforge.fml.javafmlmod.AutomaticEventSubscriber/LOADING]: Auto-subscribing net.mcreator.caerulaarbor.procedures.CustomBossBarProcedure to FORGE
[089月2026 15:18:34.548] [modloading-worker-0/DEBUG] [net.minecraftforge.fml.javafmlmod.AutomaticEventSubscriber/LOADING]: Auto-subscribing net.mcreator.caerulaarbor.procedures.CrimsonTreatyFuncProcedure to FORGE
[089月2026 15:18:34.550] [modloading-worker-0/DEBUG] [net.minecraftforge.fml.javafmlmod.AutomaticEventSubscriber/LOADING]: Auto-subscribing net.mcreator.caerulaarbor.procedures.CreeprHitFuncProcedure to FORGE
[089月2026 15:18:34.552] [modloading-worker-0/DEBUG] [net.minecraftforge.fml.javafmlmod.AutomaticEventSubscriber/LOADING]: Auto-subscribing net.mcreator.caerulaarbor.procedures.CreeprChimeraHitFuncProcedure to FORGE
[089月2026 15:18:34.554] [modloading-worker-0/DEBUG] [net.minecraftforge.fml.javafmlmod.AutomaticEventSubscriber/LOADING]: Auto-subscribing net.mcreator.caerulaarbor.procedures.CounterBackFuncProcedure to FORGE
[089月2026 15:18:34.556] [modloading-worker-0/DEBUG] [net.minecraftforge.fml.javafmlmod.AutomaticEventSubscriber/LOADING]: Auto-subscribing net.mcreator.caerulaarbor.procedures.CorruptedHitFuncProcedure to FORGE
[089月2026 15:18:34.557] [modloading-worker-0/DEBUG] [net.minecraftforge.fml.javafmlmod.AutomaticEventSubscriber/LOADING]: Auto-subscribing net.mcreator.caerulaarbor.procedures.CorruptedBurdenDamageProcedure to FORGE
[089月2026 15:18:34.559] [modloading-worker-0/DEBUG] [net.minecraftforge.fml.javafmlmod.AutomaticEventSubscriber/LOADING]: Auto-subscribing net.mcreator.caerulaarbor.procedures.CorruptSkadiProcedure to FORGE
[089月2026 15:18:34.562] [modloading-worker-0/DEBUG] [net.minecraftforge.fml.javafmlmod.AutomaticEventSubscriber/LOADING]: Auto-subscribing net.mcreator.caerulaarbor.procedures.CompchitinLimitDamageProcedure to FORGE
[089月2026 15:18:34.565] [modloading-worker-0/DEBUG] [net.minecraftforge.fml.javafmlmod.AutomaticEventSubscriber/LOADING]: Auto-subscribing net.mcreator.caerulaarbor.procedures.CommandFuncProcedure to FORGE
[089月2026 15:18:34.568] [modloading-worker-0/DEBUG] [net.minecraftforge.fml.javafmlmod.AutomaticEventSubscriber/LOADING]: Auto-subscribing net.mcreator.caerulaarbor.procedures.ChimeraReefbreakerProcedure to FORGE
[089月2026 15:18:34.570] [modloading-worker-0/DEBUG] [net.minecraftforge.fml.javafmlmod.AutomaticEventSubscriber/LOADING]: Auto-subscribing net.mcreator.caerulaarbor.procedures.ChimeraKilledByApocataProcedure to FORGE
[089月2026 15:18:34.571] [modloading-worker-0/DEBUG] [net.minecraftforge.fml.javafmlmod.AutomaticEventSubscriber/LOADING]: Auto-subscribing net.mcreator.caerulaarbor.procedures.CheckRejectionEnchantmentProcedure to FORGE
[089月2026 15:18:34.572] [modloading-worker-0/DEBUG] [net.minecraftforge.fml.javafmlmod.AutomaticEventSubscriber/LOADING]: Auto-subscribing net.mcreator.caerulaarbor.procedures.ChangeAttackGoalProcedure to FORGE
[089月2026 15:18:34.574] [modloading-worker-0/DEBUG] [net.minecraftforge.fml.javafmlmod.AutomaticEventSubscriber/LOADING]: Auto-subscribing net.mcreator.caerulaarbor.procedures.CatalystFuncProcedure to FORGE
[089月2026 15:18:34.576] [modloading-worker-0/DEBUG] [net.minecraftforge.fml.javafmlmod.AutomaticEventSubscriber/LOADING]: Auto-subscribing net.mcreator.caerulaarbor.procedures.BruteHurtPlayerProcedure to FORGE
[089月2026 15:18:34.578] [modloading-worker-0/DEBUG] [net.minecraftforge.fml.javafmlmod.AutomaticEventSubscriber/LOADING]: Auto-subscribing net.mcreator.caerulaarbor.procedures.BossKilledProcedure to FORGE
[089月2026 15:18:34.581] [modloading-worker-0/DEBUG] [net.minecraftforge.fml.javafmlmod.AutomaticEventSubscriber/LOADING]: Auto-subscribing net.mcreator.caerulaarbor.procedures.BossHitFuncProcedure to FORGE
[089月2026 15:18:34.582] [modloading-worker-0/DEBUG] [net.minecraftforge.fml.javafmlmod.AutomaticEventSubscriber/LOADING]: Auto-subscribing net.mcreator.caerulaarbor.procedures.BarrierResetProcedure to FORGE
[089月2026 15:18:34.585] [modloading-worker-0/DEBUG] [net.minecraftforge.fml.javafmlmod.AutomaticEventSubscriber/LOADING]: Auto-subscribing net.mcreator.caerulaarbor.procedures.BarrierFuncProcedure to FORGE
[089月2026 15:18:34.588] [modloading-worker-0/DEBUG] [net.minecraftforge.fml.javafmlmod.AutomaticEventSubscriber/LOADING]: Auto-subscribing net.mcreator.caerulaarbor.procedures.BanRElicFuncProcedure to FORGE
[089月2026 15:18:34.591] [modloading-worker-0/DEBUG] [net.minecraftforge.fml.javafmlmod.AutomaticEventSubscriber/LOADING]: Auto-subscribing net.mcreator.caerulaarbor.procedures.ArrowTickFuncProcedure to FORGE
[089月2026 15:18:34.592] [modloading-worker-0/DEBUG] [net.minecraftforge.fml.javafmlmod.AutomaticEventSubscriber/LOADING]: Auto-subscribing net.mcreator.caerulaarbor.procedures.ArmorKnightFuncProcedure to FORGE
[089月2026 15:18:34.594] [modloading-worker-0/DEBUG] [net.minecraftforge.fml.javafmlmod.AutomaticEventSubscriber/LOADING]: Auto-subscribing net.mcreator.caerulaarbor.procedures.ArmorEnchantFuncProcedure to FORGE
[089月2026 15:18:34.596] [modloading-worker-0/DEBUG] [net.minecraftforge.fml.javafmlmod.AutomaticEventSubscriber/LOADING]: Auto-subscribing net.mcreator.caerulaarbor.procedures.AnvilDataSyncProcedure to FORGE
[089月2026 15:18:34.598] [modloading-worker-0/DEBUG] [net.minecraftforge.fml.javafmlmod.AutomaticEventSubscriber/LOADING]: Auto-subscribing net.mcreator.caerulaarbor.network.RelicShowcaseButtonMessage to MOD
[089月2026 15:18:34.600] [modloading-worker-0/DEBUG] [net.minecraftforge.fml.javafmlmod.AutomaticEventSubscriber/LOADING]: Auto-subscribing net.mcreator.caerulaarbor.network.PlayerEvoButtonMessage to MOD
[089月2026 15:18:34.602] [modloading-worker-0/DEBUG] [net.minecraftforge.fml.javafmlmod.AutomaticEventSubscriber/LOADING]: Auto-subscribing net.mcreator.caerulaarbor.network.InfoStrategySubsisButtonMessage to MOD
[089月2026 15:18:34.603] [modloading-worker-0/DEBUG] [net.minecraftforge.fml.javafmlmod.AutomaticEventSubscriber/LOADING]: Auto-subscribing net.mcreator.caerulaarbor.network.InfoStrategyMigrationButtonMessage to MOD
[089月2026 15:18:34.606] [modloading-worker-0/DEBUG] [net.minecraftforge.fml.javafmlmod.AutomaticEventSubscriber/LOADING]: Auto-subscribing net.mcreator.caerulaarbor.network.InfoStrategyGrowButtonMessage to MOD
[089月2026 15:18:34.608] [modloading-worker-0/DEBUG] [net.minecraftforge.fml.javafmlmod.AutomaticEventSubscriber/LOADING]: Auto-subscribing net.mcreator.caerulaarbor.network.InfoStrategyBreedButtonMessage to MOD
[089月2026 15:18:34.609] [modloading-worker-0/DEBUG] [net.minecraftforge.fml.javafmlmod.AutomaticEventSubscriber/LOADING]: Auto-subscribing net.mcreator.caerulaarbor.network.InfoStrategyAllButtonMessage to MOD
[089月2026 15:18:34.610] [modloading-worker-0/DEBUG] [net.minecraftforge.fml.javafmlmod.AutomaticEventSubscriber/LOADING]: Auto-subscribing net.mcreator.caerulaarbor.network.EvoTreeButtonMessage to MOD
[089月2026 15:18:34.612] [modloading-worker-0/DEBUG] [net.minecraftforge.fml.javafmlmod.AutomaticEventSubscriber/LOADING]: Auto-subscribing net.mcreator.caerulaarbor.network.EchoShowButtonMessage to MOD
[089月2026 15:18:34.614] [modloading-worker-0/DEBUG] [net.minecraftforge.fml.javafmlmod.AutomaticEventSubscriber/LOADING]: Auto-subscribing net.mcreator.caerulaarbor.network.DisoclutionShowButtonMessage to MOD
[089月2026 15:18:34.616] [modloading-worker-0/DEBUG] [net.minecraftforge.fml.javafmlmod.AutomaticEventSubscriber/LOADING]: Auto-subscribing net.mcreator.caerulaarbor.network.CentrifugerSelectButtonMessage to MOD
[089月2026 15:18:34.618] [modloading-worker-0/DEBUG] [net.minecraftforge.fml.javafmlmod.AutomaticEventSubscriber/LOADING]: Auto-subscribing net.mcreator.caerulaarbor.network.CaerulaRecordGUIButtonMessage to MOD
[089月2026 15:18:34.619] [modloading-worker-0/DEBUG] [net.minecraftforge.fml.javafmlmod.AutomaticEventSubscriber/LOADING]: Auto-subscribing net.mcreator.caerulaarbor.network.CaerulaArborModVariables to MOD
[089月2026 15:18:34.621] [modloading-worker-0/DEBUG] [net.minecraftforge.fml.javafmlmod.AutomaticEventSubscriber/LOADING]: Auto-subscribing net.mcreator.caerulaarbor.network.CaerulaArborModVariables$PlayerVariablesProvider to FORGE
[089月2026 15:18:34.624] [modloading-worker-0/DEBUG] [net.minecraftforge.fml.javafmlmod.AutomaticEventSubscriber/LOADING]: Auto-subscribing net.mcreator.caerulaarbor.network.CaerulaArborModVariables$EventBusVariableHandlers to FORGE
[089月2026 15:18:34.630] [modloading-worker-0/DEBUG] [net.minecraftforge.fml.javafmlmod.AutomaticEventSubscriber/LOADING]: Auto-subscribing net.mcreator.caerulaarbor.item.extension.DispenserShotDrifterBallItemExtension to MOD
[089月2026 15:18:34.631] [modloading-worker-0/DEBUG] [net.minecraftforge.fml.javafmlmod.AutomaticEventSubscriber/LOADING]: Auto-subscribing net.mcreator.caerulaarbor.init.ItemAnimationFactory to FORGE
[089月2026 15:18:34.632] [modloading-worker-0/DEBUG] [net.minecraftforge.fml.javafmlmod.AutomaticEventSubscriber/LOADING]: Auto-subscribing net.mcreator.caerulaarbor.init.EntityAnimationFactory to FORGE
[089月2026 15:18:34.634] [modloading-worker-0/DEBUG] [net.minecraftforge.fml.javafmlmod.AutomaticEventSubscriber/LOADING]: Auto-subscribing net.mcreator.caerulaarbor.init.CaerulaArborModVillagerProfessions to MOD
[089月2026 15:18:34.636] [modloading-worker-0/DEBUG] [net.minecraftforge.fml.javafmlmod.AutomaticEventSubscriber/LOADING]: Auto-subscribing net.mcreator.caerulaarbor.init.CaerulaArborModTrades to FORGE
[089月2026 15:18:34.637] [modloading-worker-0/DEBUG] [net.minecraftforge.fml.javafmlmod.AutomaticEventSubscriber/LOADING]: Auto-subscribing net.mcreator.caerulaarbor.init.CaerulaArborModTabs to MOD
[089月2026 15:18:34.640] [modloading-worker-0/DEBUG] [net.minecraftforge.fml.javafmlmod.AutomaticEventSubscriber/LOADING]: Auto-subscribing net.mcreator.caerulaarbor.init.CaerulaArborModScreens to MOD
[089月2026 15:18:34.641] [modloading-worker-0/DEBUG] [net.minecraftforge.fml.javafmlmod.AutomaticEventSubscriber/LOADING]: Auto-subscribing net.mcreator.caerulaarbor.init.CaerulaArborModParticles to MOD
[089月2026 15:18:34.643] [modloading-worker-0/DEBUG] [net.minecraftforge.fml.javafmlmod.AutomaticEventSubscriber/LOADING]: Auto-subscribing net.mcreator.caerulaarbor.init.CaerulaArborModModels to MOD
[089月2026 15:18:34.649] [modloading-worker-0/DEBUG] [net.minecraftforge.fml.javafmlmod.AutomaticEventSubscriber/LOADING]: Auto-subscribing net.mcreator.caerulaarbor.init.CaerulaArborModLootModifier to MOD
[089月2026 15:18:34.653] [modloading-worker-0/DEBUG] [net.minecraftforge.fml.javafmlmod.AutomaticEventSubscriber/LOADING]: Auto-subscribing net.mcreator.caerulaarbor.init.CaerulaArborModItems to MOD
[089月2026 15:18:34.653] [modloading-worker-0/DEBUG] [net.minecraftforge.fml.javafmlmod.AutomaticEventSubscriber/LOADING]: Auto-subscribing net.mcreator.caerulaarbor.init.CaerulaArborModGameRules to MOD
[089月2026 15:18:34.654] [modloading-worker-0/DEBUG] [net.minecraftforge.fml.javafmlmod.AutomaticEventSubscriber/LOADING]: Auto-subscribing net.mcreator.caerulaarbor.init.CaerulaArborModFuels to FORGE
[089月2026 15:18:34.656] [modloading-worker-0/DEBUG] [net.minecraftforge.fml.javafmlmod.AutomaticEventSubscriber/LOADING]: Auto-subscribing net.mcreator.caerulaarbor.init.CaerulaArborModEntityRenderers to MOD
[089月2026 15:18:34.660] [modloading-worker-0/DEBUG] [net.minecraftforge.fml.javafmlmod.AutomaticEventSubscriber/LOADING]: Auto-subscribing net.mcreator.caerulaarbor.init.CaerulaArborModEntities to MOD
[089月2026 15:18:34.662] [modloading-worker-0/DEBUG] [net.minecraftforge.fml.javafmlmod.AutomaticEventSubscriber/LOADING]: Auto-subscribing net.mcreator.caerulaarbor.init.CaerulaArborModConfigs to MOD
[089月2026 15:18:34.663] [modloading-worker-0/DEBUG] [net.minecraftforge.fml.javafmlmod.AutomaticEventSubscriber/LOADING]: Auto-subscribing net.mcreator.caerulaarbor.init.CaerulaArborModCompostableItems to MOD
[089月2026 15:18:34.665] [modloading-worker-0/DEBUG] [net.minecraftforge.fml.javafmlmod.AutomaticEventSubscriber/LOADING]: Auto-subscribing net.mcreator.caerulaarbor.init.CaerulaArborModBiomes to FORGE
[089月2026 15:18:34.675] [modloading-worker-0/DEBUG] [net.minecraftforge.fml.javafmlmod.AutomaticEventSubscriber/LOADING]: Auto-subscribing net.mcreator.caerulaarbor.init.CaerulaArborModAttributes to MOD
[089月2026 15:18:34.679] [modloading-worker-0/DEBUG] [net.minecraftforge.fml.javafmlmod.AutomaticEventSubscriber/LOADING]: Auto-subscribing net.mcreator.caerulaarbor.init.CaerulaArborModAttributes$PlayerAttributesSync to FORGE
[089月2026 15:18:34.683] [modloading-worker-0/DEBUG] [net.minecraftforge.fml.javafmlmod.AutomaticEventSubscriber/LOADING]: Auto-subscribing net.mcreator.caerulaarbor.init.ArmorAnimationFactory to FORGE
[089月2026 15:18:34.685] [modloading-worker-0/DEBUG] [net.minecraftforge.fml.javafmlmod.AutomaticEventSubscriber/LOADING]: Auto-subscribing net.mcreator.caerulaarbor.command.SetPlayerLifeCommand to FORGE
[089月2026 15:18:34.689] [modloading-worker-0/DEBUG] [net.minecraftforge.fml.javafmlmod.AutomaticEventSubscriber/LOADING]: Auto-subscribing net.mcreator.caerulaarbor.command.EvolutionCommand to FORGE
[089月2026 15:18:34.692] [modloading-worker-0/DEBUG] [net.minecraftforge.fml.javafmlmod.AutomaticEventSubscriber/LOADING]: Auto-subscribing net.mcreator.caerulaarbor.command.CaerulaSanityCommand to FORGE
[089月2026 15:18:34.693] [modloading-worker-0/DEBUG] [net.minecraftforge.fml.javafmlmod.AutomaticEventSubscriber/LOADING]: Auto-subscribing net.mcreator.caerulaarbor.command.CaerulaArborEndspeakerCommand to FORGE
[089月2026 15:18:34.695] [modloading-worker-0/DEBUG] [net.minecraftforge.fml.javafmlmod.AutomaticEventSubscriber/LOADING]: Auto-subscribing net.mcreator.caerulaarbor.client.screens.SanityShowOverlay to FORGE
[089月2026 15:18:34.698] [modloading-worker-0/DEBUG] [net.minecraftforge.fml.javafmlmod.AutomaticEventSubscriber/LOADING]: Auto-subscribing net.mcreator.caerulaarbor.client.screens.RelicFuncShowOverlay to FORGE
[089月2026 15:18:34.700] [modloading-worker-0/DEBUG] [net.minecraftforge.fml.javafmlmod.AutomaticEventSubscriber/LOADING]: Auto-subscribing net.mcreator.caerulaarbor.client.screens.PalsyOverlay to FORGE
[089月2026 15:18:34.702] [modloading-worker-0/DEBUG] [net.minecraftforge.fml.javafmlmod.AutomaticEventSubscriber/LOADING]: Auto-subscribing net.mcreator.caerulaarbor.client.screens.Oceanizing2Overlay to FORGE
[089月2026 15:18:34.703] [modloading-worker-0/DEBUG] [net.minecraftforge.fml.javafmlmod.AutomaticEventSubscriber/LOADING]: Auto-subscribing net.mcreator.caerulaarbor.client.screens.Oceanizing1Overlay to FORGE
[089月2026 15:18:34.706] [modloading-worker-0/DEBUG] [net.minecraftforge.fml.javafmlmod.AutomaticEventSubscriber/LOADING]: Auto-subscribing net.mcreator.caerulaarbor.client.screens.Oceanizing0Overlay to FORGE
[089月2026 15:18:34.708] [modloading-worker-0/DEBUG] [net.minecraftforge.fml.javafmlmod.AutomaticEventSubscriber/LOADING]: Auto-subscribing net.mcreator.caerulaarbor.client.screens.LightShowOverlay to FORGE
[089月2026 15:18:34.710] [modloading-worker-0/DEBUG] [net.minecraftforge.fml.javafmlmod.AutomaticEventSubscriber/LOADING]: Auto-subscribing net.mcreator.caerulaarbor.client.screens.LessArmor2Overlay to FORGE
[089月2026 15:18:34.712] [modloading-worker-0/DEBUG] [net.minecraftforge.fml.javafmlmod.AutomaticEventSubscriber/LOADING]: Auto-subscribing net.mcreator.caerulaarbor.client.screens.LessArmor1Overlay to FORGE
[089月2026 15:18:34.714] [modloading-worker-0/DEBUG] [net.minecraftforge.fml.javafmlmod.AutomaticEventSubscriber/LOADING]: Auto-subscribing net.mcreator.caerulaarbor.client.screens.LessArmor0Overlay to FORGE
[089月2026 15:18:34.716] [modloading-worker-0/DEBUG] [net.minecraftforge.fml.javafmlmod.AutomaticEventSubscriber/LOADING]: Auto-subscribing net.mcreator.caerulaarbor.client.screens.IzumikSkillbarOverlay to FORGE
[089月2026 15:18:34.717] [modloading-worker-0/DEBUG] [net.minecraftforge.fml.javafmlmod.AutomaticEventSubscriber/LOADING]: Auto-subscribing net.mcreator.caerulaarbor.client.screens.IsharmlasSkillBarOverlay to FORGE
[089月2026 15:18:34.719] [modloading-worker-0/DEBUG] [net.minecraftforge.fml.javafmlmod.AutomaticEventSubscriber/LOADING]: Auto-subscribing net.mcreator.caerulaarbor.client.screens.HighmoreSkillBarOverlay to FORGE
[089月2026 15:18:34.721] [modloading-worker-0/DEBUG] [net.minecraftforge.fml.javafmlmod.AutomaticEventSubscriber/LOADING]: Auto-subscribing net.mcreator.caerulaarbor.client.screens.FrozenSurfaceOverlay to FORGE
[089月2026 15:18:34.723] [modloading-worker-0/DEBUG] [net.minecraftforge.fml.javafmlmod.AutomaticEventSubscriber/LOADING]: Auto-subscribing net.mcreator.caerulaarbor.client.screens.EntityTransporterDisplayerOverlay to FORGE
[089月2026 15:18:34.725] [modloading-worker-0/DEBUG] [net.minecraftforge.fml.javafmlmod.AutomaticEventSubscriber/LOADING]: Auto-subscribing net.mcreator.caerulaarbor.client.screens.EchoOnScreenOverlay to FORGE
[089月2026 15:18:34.727] [modloading-worker-0/DEBUG] [net.minecraftforge.fml.javafmlmod.AutomaticEventSubscriber/LOADING]: Auto-subscribing net.mcreator.caerulaarbor.client.screens.DisShowOverlay to FORGE
[089月2026 15:18:34.731] [modloading-worker-0/DEBUG] [net.minecraftforge.fml.javafmlmod.AutomaticEventSubscriber/LOADING]: Auto-subscribing net.mcreator.caerulaarbor.client.screens.CorruptedBarOverlay to FORGE
[089月2026 15:18:34.732] [modloading-worker-0/DEBUG] [net.minecraftforge.fml.javafmlmod.AutomaticEventSubscriber/LOADING]: Auto-subscribing net.mcreator.caerulaarbor.client.screens.BishopSkillBarOverlay to FORGE
[089月2026 15:18:34.734] [modloading-worker-0/DEBUG] [net.minecraftforge.fml.javafmlmod.AutomaticEventSubscriber/LOADING]: Auto-subscribing net.mcreator.caerulaarbor.client.screens.AttrShowOverlay to FORGE
[089月2026 15:18:34.736] [modloading-worker-0/DEBUG] [net.minecraftforge.fml.javafmlmod.AutomaticEventSubscriber/LOADING]: Auto-subscribing net.mcreator.caerulaarbor.block.listener.ClientListener to MOD
[089月2026 15:18:34.738] [modloading-worker-0/DEBUG] [net.minecraftforge.fml.javafmlmod.AutomaticEventSubscriber/LOADING]: Auto-subscribing net.mcreator.caerulaarbor.anvilrecipes.FixMusicBoxAnvilRecipe to FORGE
[089月2026 15:18:34.740] [modloading-worker-0/DEBUG] [net.minecraftforge.fml.javafmlmod.AutomaticEventSubscriber/LOADING]: Auto-subscribing net.mcreator.caerulaarbor.anvilrecipes.AnvilKnightSwordAnvilRecipe to FORGE
[089月2026 15:18:34.742] [modloading-worker-0/DEBUG] [net.minecraftforge.fml.javafmlmod.AutomaticEventSubscriber/LOADING]: Auto-subscribing net.mcreator.caerulaarbor.anvilrecipes.AnvilCrownAnvilRecipe to FORGE
[089月2026 15:18:34.746] [modloading-worker-0/DEBUG] [net.minecraftforge.fml.javafmlmod.AutomaticEventSubscriber/LOADING]: Auto-subscribing net.mcreator.caerulaarbor.anvilrecipes.AnvilChestpAnvilRecipe to FORGE
[089月2026 15:18:34.748] [modloading-worker-0/DEBUG] [net.minecraftforge.fml.javafmlmod.AutomaticEventSubscriber/LOADING]: Auto-subscribing net.mcreator.caerulaarbor.Iii to MOD
[089月2026 15:18:34.749] [modloading-worker-0/DEBUG] [net.minecraftforge.fml.javafmlmod.AutomaticEventSubscriber/LOADING]: Auto-subscribing net.mcreator.caerulaarbor.Iii$IiiForgeBusEvents to FORGE
[089月2026 15:18:34.752] [modloading-worker-0/DEBUG] [net.minecraftforge.fml.javafmlmod.AutomaticEventSubscriber/LOADING]: Auto-subscribing net.mcreator.caerulaarbor.CASoundEvents to FORGE
[089月2026 15:18:34.757] [main/DEBUG] [net.minecraftforge.fml.DeferredWorkQueue/LOADING]: Dispatching synchronous work for work queue CONSTRUCT: 2 jobs
[089月2026 15:18:34.763] [main/DEBUG] [net.minecraftforge.fml.config.ConfigTracker/CONFIG]: Config file caerular_configs.toml for caerula_arbor tracking
[089月2026 15:18:34.764] [main/DEBUG] [net.minecraftforge.fml.DeferredWorkQueue/LOADING]: Synchronous work queue completed in 6.093 ms
[089月2026 15:18:34.789] [main/DEBUG] [net.minecraftforge.registries.ObjectHolderRegistry/REGISTRIES]: Processing ObjectHolder annotations
[089月2026 15:18:34.820] [main/DEBUG] [net.minecraftforge.registries.ObjectHolderRegistry/REGISTRIES]: Found 5839 ObjectHolder annotations
[089月2026 15:18:34.823] [main/DEBUG] [net.minecraftforge.common.capabilities.CapabilityManager/CAPABILITIES]: Attempting to automatically register: Lnet/minecraftforge/energy/IEnergyStorage;
[089月2026 15:18:34.823] [main/DEBUG] [net.minecraftforge.common.capabilities.CapabilityManager/CAPABILITIES]: Attempting to automatically register: Lnet/minecraftforge/fluids/capability/IFluidHandler;
[089月2026 15:18:34.823] [main/DEBUG] [net.minecraftforge.common.capabilities.CapabilityManager/CAPABILITIES]: Attempting to automatically register: Lnet/minecraftforge/fluids/capability/IFluidHandlerItem;
[089月2026 15:18:34.823] [main/DEBUG] [net.minecraftforge.common.capabilities.CapabilityManager/CAPABILITIES]: Attempting to automatically register: Lnet/minecraftforge/items/IItemHandler;
[089月2026 15:18:34.825] [main/DEBUG] [net.minecraftforge.registries.GameData/REGISTRIES]: Unfreezing vanilla registries
[089月2026 15:18:34.835] [main/DEBUG] [net.minecraftforge.registries.GameData/REGISTRIES]: Applying holder lookups: minecraft:sound_event
[089月2026 15:18:34.840] [main/DEBUG] [net.minecraftforge.registries.GameData/REGISTRIES]: Holder lookups applied: minecraft:sound_event
[089月2026 15:18:34.844] [main/DEBUG] [net.minecraftforge.registries.GameData/REGISTRIES]: Applying holder lookups: minecraft:fluid
[089月2026 15:18:34.845] [main/DEBUG] [net.minecraftforge.registries.GameData/REGISTRIES]: Holder lookups applied: minecraft:fluid
[089月2026 15:18:44.758] [main/DEBUG] [net.minecraftforge.registries.GameData/REGISTRIES]: Applying holder lookups: minecraft:block
[089月2026 15:18:44.760] [main/DEBUG] [net.minecraftforge.registries.GameData/REGISTRIES]: Holder lookups applied: minecraft:block
[089月2026 15:18:44.761] [main/DEBUG] [net.minecraftforge.registries.GameData/REGISTRIES]: Applying holder lookups: minecraft:attribute
[089月2026 15:18:44.762] [main/DEBUG] [net.minecraftforge.registries.GameData/REGISTRIES]: Holder lookups applied: minecraft:attribute
[089月2026 15:18:44.771] [main/DEBUG] [net.minecraftforge.registries.GameData/REGISTRIES]: Applying holder lookups: minecraft:mob_effect
[089月2026 15:18:44.773] [main/DEBUG] [net.minecraftforge.registries.GameData/REGISTRIES]: Holder lookups applied: minecraft:mob_effect
[089月2026 15:18:44.773] [main/DEBUG] [net.minecraftforge.registries.GameData/REGISTRIES]: Applying holder lookups: minecraft:particle_type
[089月2026 15:18:44.774] [main/DEBUG] [net.minecraftforge.registries.GameData/REGISTRIES]: Holder lookups applied: minecraft:particle_type
[089月2026 15:18:44.904] [main/DEBUG] [io.netty.util.internal.InternalThreadLocalMap/]: -Dio.netty.threadLocalMap.stringBuilder.initialSize: 1024
[089月2026 15:18:44.904] [main/DEBUG] [io.netty.util.internal.InternalThreadLocalMap/]: -Dio.netty.threadLocalMap.stringBuilder.maxSize: 4096
[089月2026 15:18:44.905] [main/DEBUG] [io.netty.util.internal.ThreadLocalRandom/]: -Dio.netty.initialSeedUniquifier: 0x2aa32107e0a63571
[089月2026 15:18:44.920] [main/DEBUG] [software.bernie.geckolib.GeckoLib/]: Registered SyncedAnimatable for class software.bernie.example.item.JackInTheBoxItem
[089月2026 15:18:44.921] [main/DEBUG] [net.minecraftforge.registries.GameData/REGISTRIES]: Applying holder lookups: minecraft:item
[089月2026 15:18:44.923] [main/DEBUG] [net.minecraftforge.registries.GameData/REGISTRIES]: Holder lookups applied: minecraft:item
[089月2026 15:18:44.936] [main/DEBUG] [net.minecraftforge.registries.GameData/REGISTRIES]: Applying holder lookups: minecraft:entity_type
[089月2026 15:18:44.938] [main/DEBUG] [net.minecraftforge.registries.GameData/REGISTRIES]: Holder lookups applied: minecraft:entity_type
[089月2026 15:18:44.938] [main/DEBUG] [net.minecraftforge.registries.GameData/REGISTRIES]: Applying holder lookups: minecraft:sensor_type
[089月2026 15:18:44.939] [main/DEBUG] [net.minecraftforge.registries.GameData/REGISTRIES]: Holder lookups applied: minecraft:sensor_type
[089月2026 15:18:44.939] [main/DEBUG] [net.minecraftforge.registries.GameData/REGISTRIES]: Applying holder lookups: minecraft:memory_module_type
[089月2026 15:18:44.940] [main/DEBUG] [net.minecraftforge.registries.GameData/REGISTRIES]: Holder lookups applied: minecraft:memory_module_type
[089月2026 15:18:44.941] [main/DEBUG] [net.minecraftforge.registries.GameData/REGISTRIES]: Applying holder lookups: minecraft:potion
[089月2026 15:18:44.942] [main/DEBUG] [net.minecraftforge.registries.GameData/REGISTRIES]: Holder lookups applied: minecraft:potion
[089月2026 15:18:44.942] [main/DEBUG] [net.minecraftforge.registries.GameData/REGISTRIES]: Applying holder lookups: minecraft:game_event
[089月2026 15:18:44.942] [main/DEBUG] [net.minecraftforge.registries.GameData/REGISTRIES]: Holder lookups applied: minecraft:game_event
[089月2026 15:18:44.946] [main/DEBUG] [net.minecraftforge.registries.GameData/REGISTRIES]: Applying holder lookups: minecraft:enchantment
[089月2026 15:18:44.947] [main/DEBUG] [net.minecraftforge.registries.GameData/REGISTRIES]: Holder lookups applied: minecraft:enchantment
[089月2026 15:18:44.979] [main/DEBUG] [net.minecraftforge.registries.GameData/REGISTRIES]: Applying holder lookups: minecraft:block_entity_type
[089月2026 15:18:44.980] [main/DEBUG] [net.minecraftforge.registries.GameData/REGISTRIES]: Holder lookups applied: minecraft:block_entity_type
[089月2026 15:18:44.981] [main/DEBUG] [net.minecraftforge.registries.GameData/REGISTRIES]: Applying holder lookups: minecraft:painting_variant
[089月2026 15:18:44.981] [main/DEBUG] [net.minecraftforge.registries.GameData/REGISTRIES]: Holder lookups applied: minecraft:painting_variant
[089月2026 15:18:44.981] [main/DEBUG] [net.minecraftforge.registries.GameData/REGISTRIES]: Applying holder lookups: minecraft:stat_type
[089月2026 15:18:44.982] [main/DEBUG] [net.minecraftforge.registries.GameData/REGISTRIES]: Holder lookups applied: minecraft:stat_type
[089月2026 15:18:44.982] [main/DEBUG] [net.minecraftforge.registries.GameData/REGISTRIES]: Applying holder lookups: minecraft:custom_stat
[089月2026 15:18:44.983] [main/DEBUG] [net.minecraftforge.registries.GameData/REGISTRIES]: Holder lookups applied: minecraft:custom_stat
[089月2026 15:18:44.983] [main/DEBUG] [net.minecraftforge.registries.GameData/REGISTRIES]: Applying holder lookups: minecraft:chunk_status
[089月2026 15:18:44.983] [main/DEBUG] [net.minecraftforge.registries.GameData/REGISTRIES]: Holder lookups applied: minecraft:chunk_status
[089月2026 15:18:44.984] [main/DEBUG] [net.minecraftforge.registries.GameData/REGISTRIES]: Applying holder lookups: minecraft:rule_test
[089月2026 15:18:44.984] [main/DEBUG] [net.minecraftforge.registries.GameData/REGISTRIES]: Holder lookups applied: minecraft:rule_test
[089月2026 15:18:44.984] [main/DEBUG] [net.minecraftforge.registries.GameData/REGISTRIES]: Applying holder lookups: minecraft:rule_block_entity_modifier
[089月2026 15:18:44.985] [main/DEBUG] [net.minecraftforge.registries.GameData/REGISTRIES]: Holder lookups applied: minecraft:rule_block_entity_modifier
[089月2026 15:18:44.986] [main/DEBUG] [net.minecraftforge.registries.GameData/REGISTRIES]: Applying holder lookups: minecraft:pos_rule_test
[089月2026 15:18:44.986] [main/DEBUG] [net.minecraftforge.registries.GameData/REGISTRIES]: Holder lookups applied: minecraft:pos_rule_test
[089月2026 15:18:44.995] [main/DEBUG] [net.minecraftforge.registries.GameData/REGISTRIES]: Applying holder lookups: minecraft:menu
[089月2026 15:18:44.996] [main/DEBUG] [net.minecraftforge.registries.GameData/REGISTRIES]: Holder lookups applied: minecraft:menu
[089月2026 15:18:44.996] [main/DEBUG] [net.minecraftforge.registries.GameData/REGISTRIES]: Applying holder lookups: minecraft:recipe_type
[089月2026 15:18:44.997] [main/DEBUG] [net.minecraftforge.registries.GameData/REGISTRIES]: Holder lookups applied: minecraft:recipe_type
[089月2026 15:18:45.008] [main/DEBUG] [net.minecraftforge.registries.GameData/REGISTRIES]: Applying holder lookups: minecraft:recipe_serializer
[089月2026 15:18:45.009] [main/DEBUG] [net.minecraftforge.registries.GameData/REGISTRIES]: Holder lookups applied: minecraft:recipe_serializer
[089月2026 15:18:45.009] [main/DEBUG] [net.minecraftforge.registries.GameData/REGISTRIES]: Applying holder lookups: minecraft:position_source_type
[089月2026 15:18:45.010] [main/DEBUG] [net.minecraftforge.registries.GameData/REGISTRIES]: Holder lookups applied: minecraft:position_source_type
[089月2026 15:18:45.012] [main/DEBUG] [net.minecraftforge.registries.GameData/REGISTRIES]: Applying holder lookups: minecraft:command_argument_type
[089月2026 15:18:45.013] [main/DEBUG] [net.minecraftforge.registries.GameData/REGISTRIES]: Holder lookups applied: minecraft:command_argument_type
[089月2026 15:18:45.013] [main/DEBUG] [net.minecraftforge.registries.GameData/REGISTRIES]: Applying holder lookups: minecraft:villager_type
[089月2026 15:18:45.013] [main/DEBUG] [net.minecraftforge.registries.GameData/REGISTRIES]: Holder lookups applied: minecraft:villager_type
[089月2026 15:18:45.014] [main/DEBUG] [net.minecraftforge.registries.GameData/REGISTRIES]: Applying holder lookups: minecraft:villager_profession
[089月2026 15:18:45.015] [main/DEBUG] [net.minecraftforge.registries.GameData/REGISTRIES]: Holder lookups applied: minecraft:villager_profession
[089月2026 15:18:45.016] [main/DEBUG] [net.minecraftforge.registries.GameData/REGISTRIES]: Applying holder lookups: minecraft:point_of_interest_type
[089月2026 15:18:45.017] [main/DEBUG] [net.minecraftforge.registries.GameData/REGISTRIES]: Holder lookups applied: minecraft:point_of_interest_type
[089月2026 15:18:45.017] [main/DEBUG] [net.minecraftforge.registries.GameData/REGISTRIES]: Applying holder lookups: minecraft:schedule
[089月2026 15:18:45.018] [main/DEBUG] [net.minecraftforge.registries.GameData/REGISTRIES]: Holder lookups applied: minecraft:schedule
[089月2026 15:18:45.019] [main/DEBUG] [net.minecraftforge.registries.GameData/REGISTRIES]: Applying holder lookups: minecraft:activity
[089月2026 15:18:45.019] [main/DEBUG] [net.minecraftforge.registries.GameData/REGISTRIES]: Holder lookups applied: minecraft:activity
[089月2026 15:18:45.020] [main/DEBUG] [net.minecraftforge.registries.GameData/REGISTRIES]: Applying holder lookups: minecraft:loot_pool_entry_type
[089月2026 15:18:45.020] [main/DEBUG] [net.minecraftforge.registries.GameData/REGISTRIES]: Holder lookups applied: minecraft:loot_pool_entry_type
[089月2026 15:18:45.020] [main/DEBUG] [net.minecraftforge.registries.GameData/REGISTRIES]: Applying holder lookups: minecraft:loot_function_type
[089月2026 15:18:45.021] [main/DEBUG] [net.minecraftforge.registries.GameData/REGISTRIES]: Holder lookups applied: minecraft:loot_function_type
[089月2026 15:18:45.023] [main/DEBUG] [net.minecraftforge.registries.GameData/REGISTRIES]: Applying holder lookups: minecraft:loot_condition_type
[089月2026 15:18:45.024] [main/DEBUG] [net.minecraftforge.registries.GameData/REGISTRIES]: Holder lookups applied: minecraft:loot_condition_type
[089月2026 15:18:45.024] [main/DEBUG] [net.minecraftforge.registries.GameData/REGISTRIES]: Applying holder lookups: minecraft:loot_number_provider_type
[089月2026 15:18:45.025] [main/DEBUG] [net.minecraftforge.registries.GameData/REGISTRIES]: Holder lookups applied: minecraft:loot_number_provider_type
[089月2026 15:18:45.025] [main/DEBUG] [net.minecraftforge.registries.GameData/REGISTRIES]: Applying holder lookups: minecraft:loot_nbt_provider_type
[089月2026 15:18:45.025] [main/DEBUG] [net.minecraftforge.registries.GameData/REGISTRIES]: Holder lookups applied: minecraft:loot_nbt_provider_type
[089月2026 15:18:45.025] [main/DEBUG] [net.minecraftforge.registries.GameData/REGISTRIES]: Applying holder lookups: minecraft:loot_score_provider_type
[089月2026 15:18:45.026] [main/DEBUG] [net.minecraftforge.registries.GameData/REGISTRIES]: Holder lookups applied: minecraft:loot_score_provider_type
[089月2026 15:18:45.026] [main/DEBUG] [net.minecraftforge.registries.GameData/REGISTRIES]: Applying holder lookups: minecraft:float_provider_type
[089月2026 15:18:45.026] [main/DEBUG] [net.minecraftforge.registries.GameData/REGISTRIES]: Holder lookups applied: minecraft:float_provider_type
[089月2026 15:18:45.026] [main/DEBUG] [net.minecraftforge.registries.GameData/REGISTRIES]: Applying holder lookups: minecraft:int_provider_type
[089月2026 15:18:45.027] [main/DEBUG] [net.minecraftforge.registries.GameData/REGISTRIES]: Holder lookups applied: minecraft:int_provider_type
[089月2026 15:18:45.027] [main/DEBUG] [net.minecraftforge.registries.GameData/REGISTRIES]: Applying holder lookups: minecraft:height_provider_type
[089月2026 15:18:45.027] [main/DEBUG] [net.minecraftforge.registries.GameData/REGISTRIES]: Holder lookups applied: minecraft:height_provider_type
[089月2026 15:18:45.027] [main/DEBUG] [net.minecraftforge.registries.GameData/REGISTRIES]: Applying holder lookups: minecraft:block_predicate_type
[089月2026 15:18:45.028] [main/DEBUG] [net.minecraftforge.registries.GameData/REGISTRIES]: Holder lookups applied: minecraft:block_predicate_type
[089月2026 15:18:45.028] [main/DEBUG] [net.minecraftforge.registries.GameData/REGISTRIES]: Applying holder lookups: minecraft:worldgen/carver
[089月2026 15:18:45.029] [main/DEBUG] [net.minecraftforge.registries.GameData/REGISTRIES]: Holder lookups applied: minecraft:worldgen/carver
[089月2026 15:18:45.029] [main/DEBUG] [net.minecraftforge.registries.GameData/REGISTRIES]: Applying holder lookups: minecraft:worldgen/feature
[089月2026 15:18:45.029] [main/DEBUG] [net.minecraftforge.registries.GameData/REGISTRIES]: Holder lookups applied: minecraft:worldgen/feature
[089月2026 15:18:45.030] [main/DEBUG] [net.minecraftforge.registries.GameData/REGISTRIES]: Applying holder lookups: minecraft:worldgen/structure_processor
[089月2026 15:18:45.030] [main/DEBUG] [net.minecraftforge.registries.GameData/REGISTRIES]: Holder lookups applied: minecraft:worldgen/structure_processor
[089月2026 15:18:45.030] [main/DEBUG] [net.minecraftforge.registries.GameData/REGISTRIES]: Applying holder lookups: minecraft:worldgen/structure_placement
[089月2026 15:18:45.031] [main/DEBUG] [net.minecraftforge.registries.GameData/REGISTRIES]: Holder lookups applied: minecraft:worldgen/structure_placement
[089月2026 15:18:45.031] [main/DEBUG] [net.minecraftforge.registries.GameData/REGISTRIES]: Applying holder lookups: minecraft:worldgen/structure_piece
[089月2026 15:18:45.032] [main/DEBUG] [net.minecraftforge.registries.GameData/REGISTRIES]: Holder lookups applied: minecraft:worldgen/structure_piece
[089月2026 15:18:45.032] [main/DEBUG] [net.minecraftforge.registries.GameData/REGISTRIES]: Applying holder lookups: minecraft:worldgen/structure_type
[089月2026 15:18:45.032] [main/DEBUG] [net.minecraftforge.registries.GameData/REGISTRIES]: Holder lookups applied: minecraft:worldgen/structure_type
[089月2026 15:18:45.032] [main/DEBUG] [net.minecraftforge.registries.GameData/REGISTRIES]: Applying holder lookups: minecraft:worldgen/placement_modifier_type
[089月2026 15:18:45.033] [main/DEBUG] [net.minecraftforge.registries.GameData/REGISTRIES]: Holder lookups applied: minecraft:worldgen/placement_modifier_type
[089月2026 15:18:45.033] [main/DEBUG] [net.minecraftforge.registries.GameData/REGISTRIES]: Applying holder lookups: minecraft:worldgen/block_state_provider_type
[089月2026 15:18:45.034] [main/DEBUG] [net.minecraftforge.registries.GameData/REGISTRIES]: Holder lookups applied: minecraft:worldgen/block_state_provider_type
[089月2026 15:18:45.034] [main/DEBUG] [net.minecraftforge.registries.GameData/REGISTRIES]: Applying holder lookups: minecraft:worldgen/foliage_placer_type
[089月2026 15:18:45.038] [main/DEBUG] [net.minecraftforge.registries.GameData/REGISTRIES]: Holder lookups applied: minecraft:worldgen/foliage_placer_type
[089月2026 15:18:45.038] [main/DEBUG] [net.minecraftforge.registries.GameData/REGISTRIES]: Applying holder lookups: minecraft:worldgen/trunk_placer_type
[089月2026 15:18:45.039] [main/DEBUG] [net.minecraftforge.registries.GameData/REGISTRIES]: Holder lookups applied: minecraft:worldgen/trunk_placer_type
[089月2026 15:18:45.040] [main/DEBUG] [net.minecraftforge.registries.GameData/REGISTRIES]: Applying holder lookups: minecraft:worldgen/root_placer_type
[089月2026 15:18:45.041] [main/DEBUG] [net.minecraftforge.registries.GameData/REGISTRIES]: Holder lookups applied: minecraft:worldgen/root_placer_type
[089月2026 15:18:45.041] [main/DEBUG] [net.minecraftforge.registries.GameData/REGISTRIES]: Applying holder lookups: minecraft:worldgen/tree_decorator_type
[089月2026 15:18:45.042] [main/DEBUG] [net.minecraftforge.registries.GameData/REGISTRIES]: Holder lookups applied: minecraft:worldgen/tree_decorator_type
[089月2026 15:18:45.042] [main/DEBUG] [net.minecraftforge.registries.GameData/REGISTRIES]: Applying holder lookups: minecraft:worldgen/feature_size_type
[089月2026 15:18:45.043] [main/DEBUG] [net.minecraftforge.registries.GameData/REGISTRIES]: Holder lookups applied: minecraft:worldgen/feature_size_type
[089月2026 15:18:45.044] [main/DEBUG] [net.minecraftforge.registries.GameData/REGISTRIES]: Applying holder lookups: minecraft:worldgen/biome_source
[089月2026 15:18:45.045] [main/DEBUG] [net.minecraftforge.registries.GameData/REGISTRIES]: Holder lookups applied: minecraft:worldgen/biome_source
[089月2026 15:18:45.045] [main/DEBUG] [net.minecraftforge.registries.GameData/REGISTRIES]: Applying holder lookups: minecraft:worldgen/chunk_generator
[089月2026 15:18:45.047] [main/DEBUG] [net.minecraftforge.registries.GameData/REGISTRIES]: Holder lookups applied: minecraft:worldgen/chunk_generator
[089月2026 15:18:45.047] [main/DEBUG] [net.minecraftforge.registries.GameData/REGISTRIES]: Applying holder lookups: minecraft:worldgen/material_condition
[089月2026 15:18:45.048] [main/DEBUG] [net.minecraftforge.registries.GameData/REGISTRIES]: Holder lookups applied: minecraft:worldgen/material_condition
[089月2026 15:18:45.049] [main/DEBUG] [net.minecraftforge.registries.GameData/REGISTRIES]: Applying holder lookups: minecraft:worldgen/material_rule
[089月2026 15:18:45.050] [main/DEBUG] [net.minecraftforge.registries.GameData/REGISTRIES]: Holder lookups applied: minecraft:worldgen/material_rule
[089月2026 15:18:45.050] [main/DEBUG] [net.minecraftforge.registries.GameData/REGISTRIES]: Applying holder lookups: minecraft:worldgen/density_function_type
[089月2026 15:18:45.051] [main/DEBUG] [net.minecraftforge.registries.GameData/REGISTRIES]: Holder lookups applied: minecraft:worldgen/density_function_type
[089月2026 15:18:45.052] [main/DEBUG] [net.minecraftforge.registries.GameData/REGISTRIES]: Applying holder lookups: minecraft:worldgen/structure_pool_element
[089月2026 15:18:45.052] [main/DEBUG] [net.minecraftforge.registries.GameData/REGISTRIES]: Holder lookups applied: minecraft:worldgen/structure_pool_element
[089月2026 15:18:45.053] [main/DEBUG] [net.minecraftforge.registries.GameData/REGISTRIES]: Applying holder lookups: minecraft:cat_variant
[089月2026 15:18:45.053] [main/DEBUG] [net.minecraftforge.registries.GameData/REGISTRIES]: Holder lookups applied: minecraft:cat_variant
[089月2026 15:18:45.053] [main/DEBUG] [net.minecraftforge.registries.GameData/REGISTRIES]: Applying holder lookups: minecraft:frog_variant
[089月2026 15:18:45.054] [main/DEBUG] [net.minecraftforge.registries.GameData/REGISTRIES]: Holder lookups applied: minecraft:frog_variant
[089月2026 15:18:45.055] [main/DEBUG] [net.minecraftforge.registries.GameData/REGISTRIES]: Applying holder lookups: minecraft:banner_pattern
[089月2026 15:18:45.056] [main/DEBUG] [net.minecraftforge.registries.GameData/REGISTRIES]: Holder lookups applied: minecraft:banner_pattern
[089月2026 15:18:45.056] [main/DEBUG] [net.minecraftforge.registries.GameData/REGISTRIES]: Applying holder lookups: minecraft:instrument
[089月2026 15:18:45.057] [main/DEBUG] [net.minecraftforge.registries.GameData/REGISTRIES]: Holder lookups applied: minecraft:instrument
[089月2026 15:18:45.058] [main/DEBUG] [net.minecraftforge.registries.GameData/REGISTRIES]: Applying holder lookups: minecraft:decorated_pot_patterns
[089月2026 15:18:45.059] [main/DEBUG] [net.minecraftforge.registries.GameData/REGISTRIES]: Holder lookups applied: minecraft:decorated_pot_patterns
[089月2026 15:18:45.074] [main/DEBUG] [net.minecraftforge.registries.GameData/REGISTRIES]: Applying holder lookups: minecraft:creative_mode_tab
[089月2026 15:18:45.075] [main/DEBUG] [net.minecraftforge.registries.GameData/REGISTRIES]: Holder lookups applied: minecraft:creative_mode_tab
[089月2026 15:18:45.082] [main/DEBUG] [net.minecraftforge.registries.GameData/REGISTRIES]: Applying holder lookups: forge:biome_modifier_serializers
[089月2026 15:18:45.083] [main/DEBUG] [net.minecraftforge.registries.GameData/REGISTRIES]: Holder lookups applied: forge:biome_modifier_serializers
[089月2026 15:18:45.084] [main/DEBUG] [net.minecraftforge.registries.GameData/REGISTRIES]: Applying holder lookups: forge:display_contexts
[089月2026 15:18:45.085] [main/DEBUG] [net.minecraftforge.registries.GameData/REGISTRIES]: Holder lookups applied: forge:display_contexts
[089月2026 15:18:45.086] [main/DEBUG] [net.minecraftforge.registries.GameData/REGISTRIES]: Applying holder lookups: forge:entity_data_serializers
[089月2026 15:18:45.087] [main/DEBUG] [net.minecraftforge.registries.GameData/REGISTRIES]: Holder lookups applied: forge:entity_data_serializers
[089月2026 15:18:45.092] [main/DEBUG] [net.minecraftforge.registries.GameData/REGISTRIES]: Applying holder lookups: forge:fluid_type
[089月2026 15:18:45.094] [main/DEBUG] [net.minecraftforge.registries.GameData/REGISTRIES]: Holder lookups applied: forge:fluid_type
[089月2026 15:18:45.097] [main/DEBUG] [net.minecraftforge.registries.GameData/REGISTRIES]: Applying holder lookups: forge:global_loot_modifier_serializers
[089月2026 15:18:45.099] [main/DEBUG] [net.minecraftforge.registries.GameData/REGISTRIES]: Holder lookups applied: forge:global_loot_modifier_serializers
[089月2026 15:18:45.105] [main/DEBUG] [net.minecraftforge.registries.GameData/REGISTRIES]: Applying holder lookups: forge:holder_set_type
[089月2026 15:18:45.106] [main/DEBUG] [net.minecraftforge.registries.GameData/REGISTRIES]: Holder lookups applied: forge:holder_set_type
[089月2026 15:18:45.107] [main/DEBUG] [net.minecraftforge.registries.GameData/REGISTRIES]: Applying holder lookups: forge:structure_modifier_serializers
[089月2026 15:18:45.109] [main/DEBUG] [net.minecraftforge.registries.GameData/REGISTRIES]: Holder lookups applied: forge:structure_modifier_serializers
[089月2026 15:18:45.109] [main/DEBUG] [net.minecraftforge.registries.GameData/REGISTRIES]: Applying holder lookups: minecraft:worldgen/biome
[089月2026 15:18:45.110] [main/DEBUG] [net.minecraftforge.registries.GameData/REGISTRIES]: Holder lookups applied: minecraft:worldgen/biome
[089月2026 15:18:45.375] [main/WARN] [net.minecraft.server.packs.VanillaPackResourcesBuilder/]: Assets URL 'union:/G:/epca/epca/build/fg_cache/net/minecraftforge/forge/1.20.1-47.2.0_mapped_official_1.20.1/forge-1.20.1-47.2.0_mapped_official_1.20.1.jar%23191!/assets/.mcassetsroot' uses unexpected schema
[089月2026 15:18:45.375] [main/WARN] [net.minecraft.server.packs.VanillaPackResourcesBuilder/]: Assets URL 'union:/G:/epca/epca/build/fg_cache/net/minecraftforge/forge/1.20.1-47.2.0_mapped_official_1.20.1/forge-1.20.1-47.2.0_mapped_official_1.20.1.jar%23191!/data/.mcassetsroot' uses unexpected schema
[089月2026 15:18:45.880] [main/INFO] [net.minecraft.data.DataGenerator/]: Starting provider: Block States: epca
[089月2026 15:18:46.227] [main/WARN] [epca/]: Skipping blockstate/model for acid_solution: Texture epca:block/acid_solution does not exist in any known resource pack
[089月2026 15:18:46.364] [main/INFO] [net.minecraft.data.DataGenerator/]: Block States: epca finished after 483 ms
[089月2026 15:18:46.364] [main/INFO] [net.minecraft.data.DataGenerator/]: Starting provider: Item Models: epca
[089月2026 15:18:46.380] [main/WARN] [epca/]: Skipping item model for afterimage_module (no texture): Texture epca:item/afterimage_module does not exist in any known resource pack
[089月2026 15:18:46.386] [main/WARN] [epca/]: Skipping item model for yawning_nya_spawn_egg (no texture): Texture epca:item/yawning_nya_spawn_egg does not exist in any known resource pack
[089月2026 15:18:46.391] [main/WARN] [epca/]: Skipping item model for biomass_small_spawn_egg (no texture): Texture epca:item/biomass_small_spawn_egg does not exist in any known resource pack
[089月2026 15:18:46.398] [main/WARN] [epca/]: Skipping item model for nullthing_spawn_egg (no texture): Texture epca:item/nullthing_spawn_egg does not exist in any known resource pack
[089月2026 15:18:46.400] [main/WARN] [epca/]: Skipping item model for biomass_medium_spawn_egg (no texture): Texture epca:item/biomass_medium_spawn_egg does not exist in any known resource pack
[089月2026 15:18:46.404] [main/WARN] [epca/]: Skipping item model for infested_player_spawn_egg (no texture): Texture epca:item/infested_player_spawn_egg does not exist in any known resource pack
[089月2026 15:18:46.416] [main/INFO] [net.minecraft.data.DataGenerator/]: Item Models: epca finished after 52 ms
[089月2026 15:18:46.417] [main/INFO] [net.minecraft.data.DataGenerator/]: Starting provider: Languages: zh_cn
[089月2026 15:18:46.423] [main/INFO] [net.minecraft.data.DataGenerator/]: Languages: zh_cn finished after 5 ms
[089月2026 15:18:46.423] [main/INFO] [net.minecraft.data.DataGenerator/]: Starting provider: Languages: en_us
[089月2026 15:18:46.426] [main/INFO] [net.minecraft.data.DataGenerator/]: Languages: en_us finished after 3 ms
[089月2026 15:18:46.426] [main/INFO] [net.minecraft.data.DataGenerator/]: Starting provider: Sound Definitions
[089月2026 15:18:46.468] [main/INFO] [net.minecraft.data.DataGenerator/]: Sound Definitions finished after 41 ms
[089月2026 15:18:46.468] [main/INFO] [net.minecraft.data.DataGenerator/]: Starting provider: Particle Descriptions
[089月2026 15:18:46.475] [main/INFO] [net.minecraft.data.DataGenerator/]: Particle Descriptions finished after 6 ms
[089月2026 15:18:46.475] [main/INFO] [net.minecraft.data.DataGenerator/]: Starting provider: atlases generator for epca
[089月2026 15:18:46.483] [main/INFO] [net.minecraft.data.DataGenerator/]: atlases generator for epca finished after 7 ms
[089月2026 15:18:46.483] [main/INFO] [net.minecraft.data.DataGenerator/]: Starting provider: Tags for minecraft:block mod id epca
[089月2026 15:18:46.497] [main/INFO] [net.minecraft.data.DataGenerator/]: Tags for minecraft:block mod id epca finished after 13 ms
[089月2026 15:18:46.497] [main/INFO] [net.minecraft.data.DataGenerator/]: Starting provider: Tags for minecraft:item mod id epca
[089月2026 15:18:46.500] [main/INFO] [net.minecraft.data.DataGenerator/]: Tags for minecraft:item mod id epca finished after 2 ms
[089月2026 15:18:46.500] [main/INFO] [net.minecraft.data.DataGenerator/]: Starting provider: Tags for minecraft:entity_type mod id epca
[089月2026 15:18:46.501] [main/INFO] [net.minecraft.data.DataGenerator/]: Tags for minecraft:entity_type mod id epca finished after 0 ms
[089月2026 15:18:46.502] [main/INFO] [net.minecraft.data.DataGenerator/]: Starting provider: Recipes
[089月2026 15:18:46.536] [main/INFO] [net.minecraft.data.DataGenerator/]: Recipes finished after 34 ms
[089月2026 15:18:46.537] [main/INFO] [net.minecraft.data.DataGenerator/]: Starting provider: Registries
[089月2026 15:18:46.539] [main/INFO] [net.minecraft.data.DataGenerator/]: Registries finished after 2 ms
[089月2026 15:18:46.539] [main/INFO] [net.minecraft.data.DataGenerator/]: Starting provider: EPCA Entity Conversions
[089月2026 15:18:46.548] [main/INFO] [net.minecraft.data.DataGenerator/]: EPCA Entity Conversions finished after 8 ms
[089月2026 15:18:46.549] [main/INFO] [net.minecraft.data.DataGenerator/]: Starting provider: EPCA Entity Carry
[089月2026 15:18:46.552] [main/INFO] [net.minecraft.data.DataGenerator/]: EPCA Entity Carry finished after 3 ms
[089月2026 15:18:46.552] [main/INFO] [net.minecraft.data.DataGenerator/]: Starting provider: EPCA Block Conversions
[089月2026 15:18:46.577] [main/INFO] [net.minecraft.data.DataGenerator/]: EPCA Block Conversions finished after 24 ms
[089月2026 15:18:46.577] [main/INFO] [net.minecraft.data.DataGenerator/]: Starting provider: EPCA Biomass Spawns
[089月2026 15:18:46.584] [main/INFO] [net.minecraft.data.DataGenerator/]: EPCA Biomass Spawns finished after 6 ms
[089月2026 15:18:46.584] [main/INFO] [net.minecraft.data.DataGenerator/]: Starting provider: EPCA Altar Points
[089月2026 15:18:46.585] [main/INFO] [net.minecraft.data.DataGenerator/]: EPCA Altar Points finished after 0 ms
[089月2026 15:18:46.585] [main/INFO] [net.minecraft.data.DataGenerator/]: All providers took: 705 ms
[089月2026 15:18:46.604] [main/INFO] [net.minecraft.data.HashCache/]: Caching: total files: 518, old count: 518, new count: 519, removed stale: 0, written: 3
